index,message,label,issue_type,details,normalized_message
5157,मुझे पता है खाते की जानकारी। मेरी माँ अब तक पहुँच के बाहर है।,0,contradictory_label_conflict,Text exists under both HAM (0) and SPAM (1) across 1506 rows,
5200,"ठीक है, मेरे प्यार! वह दिन कैसे चला जाता है? मुझे आशा है कि आप कुछ नौकरी पर ले जाता है. मुझे लगता है, लड़का है और तुम्हें समुद्र पार से एक प्यारी चुंबन भेजें.",0,contradictory_label_conflict,Text exists under both HAM (0) and SPAM (1) across 1506 rows,
5220,"हाँ, जाहिर है, लेकिन आप अंडे दे रहे हैं और सिर... जल्दी ही बोलो!",0,contradictory_label_conflict,Text exists under both HAM (0) and SPAM (1) across 1506 rows,
5263,"सुप्रभात, मेरा प्यार... मैं अब सोने के लिए जाना और आप बेहतर महसूस और अवसर से भरा एक बड़ा दिन चाहते हैं... तुम मेरी अंतिम सोचा बच्चा है, मैं तुम्हें प्यार *",0,contradictory_label_conflict,Text exists under both HAM (0) and SPAM (1) across 1506 rows,
5343,मेरे पास बहुत से निर्भर करता है,0,contradictory_label_conflict,Text exists under both HAM (0) and SPAM (1) across 1506 rows,
5361,फिर क्या कर सकते हैं लैपटॉप?,0,contradictory_label_conflict,Text exists under both HAM (0) and SPAM (1) across 1506 rows,
5421,"मैं ऊपर नहीं आ रहा हूँ, जो कुछ भी तुम चाहते हो",0,contradictory_label_conflict,Text exists under both HAM (0) and SPAM (1) across 1506 rows,
5431,मैं 2 दिन के लिए केला के लिए आ सकता है. इसलिए आप एक छुट्टी लेने के लिए तैयार किया जा सकता है एक बार मुझे यात्रा के दौरान किसी भी यात्रा की योजना. अत्यावश्‍यक कार्य खत्म करने की जरूरत है.,0,contradictory_label_conflict,Text exists under both HAM (0) and SPAM (1) across 34 rows,2
5439,"हाय, मैं चीखना चाहता हूँ. मैं अपने आप को तौला और मैं और अधिक वजन खो दिया! वू हू!",0,contradictory_label_conflict,Text exists under both HAM (0) and SPAM (1) across 1506 rows,
5461,मुझे जल्द ही ई- मेल आईडी भेजा,0,contradictory_label_conflict,Text exists under both HAM (0) and SPAM (1) across 1506 rows,
5487,तो फिर वह आज खरीदती है?,0,contradictory_label_conflict,Text exists under both HAM (0) and SPAM (1) across 1506 rows,
5573,वाट टाइम आज के आदमी?,0,contradictory_label_conflict,Text exists under both HAM (0) and SPAM (1) across 1506 rows,
5576,मैं नहीं हूँ।,0,contradictory_label_conflict,Text exists under both HAM (0) and SPAM (1) across 1506 rows,
5589,लेकिन मुझे प्यार है और व्यवस्था है.,0,contradictory_label_conflict,Text exists under both HAM (0) and SPAM (1) across 1506 rows,
5759,यह इतना होता है कि वहाँ 2वाक्सो आप चाहते हैं. वह आकर बीमार हो सकता है और उसे चिकित्सा बीमा प्राप्त कर सकता है. और वह अभी तक बचा सकता है और बुनियादी देख सकता है. मैं अभी उसके लिए सही चिकित्सा बीमा के लिए खरीदारी कर रहा हूँ. तो बस मुझे टीिली दिन दे. यह है कि जब मैं मुख्य व्यक्ति सही राह दिखा सकता है कि मुझे सही राह दिखा सकता है.,0,contradictory_label_conflict,Text exists under both HAM (0) and SPAM (1) across 34 rows,2
5792,ठीक है... ऊर के आम जवाब...,0,contradictory_label_conflict,Text exists under both HAM (0) and SPAM (1) across 1506 rows,
5800,मुझे लगता है कि मैं उसे डा परेशान कर रहा हूँ,0,contradictory_label_conflict,Text exists under both HAM (0) and SPAM (1) across 1506 rows,
5810,लेकिन इसके पोस्ट और भी होना चाहिए.,0,contradictory_label_conflict,Text exists under both HAM (0) and SPAM (1) across 1506 rows,
5882,बैल मुझे सही नाम डा भेजें.,0,contradictory_label_conflict,Text exists under both HAM (0) and SPAM (1) across 1506 rows,
5885,मुझे केवल 2 टिकट और एक और जैकेट चाहिए और मैं कर रहा हूँ. मैं पहले से ही अपने सभी बहुइयों का उपयोग कर चुका हूँ.,0,contradictory_label_conflict,Text exists under both HAM (0) and SPAM (1) across 34 rows,2
5947,"हाँ, पैरी देख रहे हैं लेकिन चिंतित हम इसे - फिलविल उड़ा करने के लिए जा रहे हैं?",0,contradictory_label_conflict,Text exists under both HAM (0) and SPAM (1) across 1506 rows,
6022,क्या आप अपने परिवार के साथ पत्थर में सेट योजना बना रहे हैं?,0,contradictory_label_conflict,Text exists under both HAM (0) and SPAM (1) across 1506 rows,
6137,खैर अभी भी एक सा बचा है अगर आप लोग आज रात करना चाहते हैं,0,contradictory_label_conflict,Text exists under both HAM (0) and SPAM (1) across 1506 rows,
6146,अरे अब तक टाइटा बैठे थे......हम एक भी बार भी नहीं मिलता है...... तो मैं स्थिति कैसे बैठ सकते हैं देख सकते हैं.,0,contradictory_label_conflict,Text exists under both HAM (0) and SPAM (1) across 1506 rows,
6185,इन कीड़ों को लैंगिक शोषण किया जा रहा है जैसे कि कीड़ों के साथ दुर्व्यवहार किया जा रहा है।,0,contradictory_label_conflict,Text exists under both HAM (0) and SPAM (1) across 1506 rows,
6219,किसी को पता है हमारी डेटिंग सेवा 2 से संपर्क पूछा है!,1,contradictory_label_conflict,Text exists under both HAM (0) and SPAM (1) across 34 rows,2
6264,क्या प्रिय होने के कारण तुम मुझ से क्रोधित हो?,0,contradictory_label_conflict,Text exists under both HAM (0) and SPAM (1) across 1506 rows,
6280,हा... लेकिन मैं अपने चचेरे भाई के साथ भोजन कर रहा हूँ...,0,contradictory_label_conflict,Text exists under both HAM (0) and SPAM (1) across 1506 rows,
6382,* यू. एस.,0,contradictory_label_conflict,Text exists under both HAM (0) and SPAM (1) across 1506 rows,
6415,अब कि आप बंद करना शुरू कर दिया है. बस अधिक अच्छे विचारों के लिए प्रार्थना और मैं देख सकते हैं कि आप लोगों की मदद कर सकते हैं एक लिंक आगे।,0,contradictory_label_conflict,Text exists under both HAM (0) and SPAM (1) across 1506 rows,
6420,"मैं घर पर हूँ, डॉसी ने मुझे दर्द दिया सब कुछ ठीक है कहते हैं.",0,contradictory_label_conflict,Text exists under both HAM (0) and SPAM (1) across 1506 rows,
6423,"पार्टी हमफ पर मेरे स्थान पर है, कोई आरोप नहीं (लेकिन अगर आप किसी भी तरह में योगदान दे सकते हैं यह बहुत मूल्यांकन किया जाता है) और हाँ, हम एक और के लिए कमरे मिला",0,contradictory_label_conflict,Text exists under both HAM (0) and SPAM (1) across 1506 rows,
6535,हे भगवान. दाँतों को चोट लगी है?,0,contradictory_label_conflict,Text exists under both HAM (0) and SPAM (1) across 1506 rows,
6664,"कमाल की बात है, मुझे पाठ जब आप आराम कर रहे हैं",0,contradictory_label_conflict,Text exists under both HAM (0) and SPAM (1) across 1506 rows,
6683,ऐटी ठीक है जब तक सुधार मिल गया वे पहले से ही कर सकते हैं...,0,contradictory_label_conflict,Text exists under both HAM (0) and SPAM (1) across 1506 rows,
6691,मुझे इसके बारे में सोचने के लिए एक सेक दें,0,contradictory_label_conflict,Text exists under both HAM (0) and SPAM (1) across 1506 rows,
6702,हाँ मेरे हमेशा आदमी शहर से बाहर है लेकिन मुझे पता है के आसपास लोग निश्चित रूप से कर रहे हैं,0,contradictory_label_conflict,Text exists under both HAM (0) and SPAM (1) across 1506 rows,
6814,"मैं तुम्हें सब कुछ बंद हो जाएगा बता दिया है, बस उसे परेशान नहीं करते.",0,contradictory_label_conflict,Text exists under both HAM (0) and SPAM (1) across 1506 rows,
6831,पूरी तरह से बीमार यह आप को दे रहे हैं: - जब समीक्षा करने के लिए आ रहा है.,0,contradictory_label_conflict,Text exists under both HAM (0) and SPAM (1) across 1506 rows,
6863,बस उसे एक बार या दो बार और सिर्फ इम्पिलिस की उपेक्षा और उसे पढ़ा.,0,contradictory_label_conflict,Text exists under both HAM (0) and SPAM (1) across 1506 rows,
6884,अरे अभी भी जिम पर?,0,contradictory_label_conflict,Text exists under both HAM (0) and SPAM (1) across 1506 rows,
6982,"यह मुश्किल हो जाएगा, लेकिन मैं क्या करना होगा",0,contradictory_label_conflict,Text exists under both HAM (0) and SPAM (1) across 1506 rows,
6987,"ओह, तो अपने फोन ने मुझे फोन किया लेकिन यह डिस्कनेक्ट कर दिया",0,contradictory_label_conflict,Text exists under both HAM (0) and SPAM (1) across 1506 rows,
7010,या पागलों के साथ शामिल हो सकता है?,0,contradictory_label_conflict,Text exists under both HAM (0) and SPAM (1) across 1506 rows,
7090,मैं कॉफी चल रहा एक कप देख रहा हूँ,0,contradictory_label_conflict,Text exists under both HAM (0) and SPAM (1) across 1506 rows,
7121,"तालिका के व्यस्त, मैं पेड़ द्वारा इंतजार कर रहा हूँ",0,contradictory_label_conflict,Text exists under both HAM (0) and SPAM (1) across 1506 rows,
7208,"के लिए मैं, एक 8 वीं के लिए कितना कर रहा हूँ?",0,contradictory_label_conflict,Text exists under both HAM (0) and SPAM (1) across 10 rows,8
7218,बस अपने याद किया मेरे प्रिय भाई को फोन देखते हैं.,0,contradictory_label_conflict,Text exists under both HAM (0) and SPAM (1) across 1506 rows,
7221,win,0,contradictory_label_conflict,Text exists under both HAM (0) and SPAM (1) across 2 rows,win
7227,मैं अच्छा हूँ. क्या आपने वोट देने के लिए पंजीकृत किया है?,0,contradictory_label_conflict,Text exists under both HAM (0) and SPAM (1) across 1506 rows,
7293,इस देश में विदेशी टिकट इस्तेमाल नहीं कर सकते.,0,contradictory_label_conflict,Text exists under both HAM (0) and SPAM (1) across 1506 rows,
7314,तो किसी भी तरह हुक का उपयोग नहीं करें,0,contradictory_label_conflict,Text exists under both HAM (0) and SPAM (1) across 1506 rows,
7326,"ओके डी, मैं पहले से ही योजना बनाई है. मैं तुम्हें खींच लिया.",0,contradictory_label_conflict,Text exists under both HAM (0) and SPAM (1) across 1506 rows,
7330,प्रियों के कमरे में पहुँच गए हैं,0,contradictory_label_conflict,Text exists under both HAM (0) and SPAM (1) across 1506 rows,
7376,"""""""मैं हमेशा हर समय खुश रखने की कोशिश करता हूँ। लेकिन कोई मुझे पहचान नहीं पाता जब मैं अकेला हूँ""""""",0,contradictory_label_conflict,Text exists under both HAM (0) and SPAM (1) across 1506 rows,
7450,यू यू यू यू यू किसी बीमार समय नहीं ले सकते हैं?,0,contradictory_label_conflict,Text exists under both HAM (0) and SPAM (1) across 1506 rows,
7489,यू. एस. ए. ए.,0,contradictory_label_conflict,Text exists under both HAM (0) and SPAM (1) across 1506 rows,
7493,ठीक है कि अगर मैं हताश कर रहा हूँ मैं सिर्फ हाथ फोन और फिर से फोन करेंगे,0,contradictory_label_conflict,Text exists under both HAM (0) and SPAM (1) across 1506 rows,
7505,के रूप में... हम पहले से ही बाहर हैं,0,contradictory_label_conflict,Text exists under both HAM (0) and SPAM (1) across 1506 rows,
7521,प्रिय तुम गुस्सा कर रहे हैं मैं व्यस्त था,0,contradictory_label_conflict,Text exists under both HAM (0) and SPAM (1) across 1506 rows,
7639,अच्छी तरह से किया और!,0,contradictory_label_conflict,Text exists under both HAM (0) and SPAM (1) across 1506 rows,
7679,अंत में वह अब भी उगल सकती है लेकिन इसके ठीक हो सकता है. सब कुछ बाहर नहीं होगा.,0,contradictory_label_conflict,Text exists under both HAM (0) and SPAM (1) across 1506 rows,
7741,मैं भी अस्पताल नहीं जाना चाहता था. मैं मार्क से कह रहा था कि मैं एक कमजोर बच्चा नहीं हूँ. अस्पताल कमजोर चूसनेवालों के लिए हैं.,0,contradictory_label_conflict,Text exists under both HAM (0) and SPAM (1) across 1506 rows,
7756,आठवें के लिए कितना?,0,contradictory_label_conflict,Text exists under both HAM (0) and SPAM (1) across 1506 rows,
7775,क्या मैं एक रसीद या कुछ पहले उठाया है,0,contradictory_label_conflict,Text exists under both HAM (0) and SPAM (1) across 1506 rows,
7818,"नियमित रूप से, बर्फ के घर का आनंद लीजिए ।",0,contradictory_label_conflict,Text exists under both HAM (0) and SPAM (1) across 1506 rows,
7822,अब मैं घर में नहीं...,0,contradictory_label_conflict,Text exists under both HAM (0) and SPAM (1) across 1506 rows,
7835,कभी - कभी शांत और कोमल होता है ।,0,contradictory_label_conflict,Text exists under both HAM (0) and SPAM (1) across 1506 rows,
7910,केवल गणित एक दिन के साथ एक अध्याय के साथ हम समाप्त कर सकते हैं।,0,contradictory_label_conflict,Text exists under both HAM (0) and SPAM (1) across 1506 rows,
7948,मैं असली बात का स्वाद लेने के लिए इंतजार कर सकते हैं...,0,contradictory_label_conflict,Text exists under both HAM (0) and SPAM (1) across 1506 rows,
8081,मैं अब सोने जा रहा हूँ. एक अच्छी रात है!,0,contradictory_label_conflict,Text exists under both HAM (0) and SPAM (1) across 1506 rows,
8087,मुझे आशा है कि आपके अच्छे और शायद कुछ इंटरव्यू हैं. मैं तुम्हें जगाता हूँ और तुम्हें प्रिय याद आती है. समुद्र के पार से एक स्नेहमय चुंबन.,0,contradictory_label_conflict,Text exists under both HAM (0) and SPAM (1) across 1506 rows,
8234,मैं ठीक हूँ. आशा है कि आप भी कर रहे हैं,0,contradictory_label_conflict,Text exists under both HAM (0) and SPAM (1) across 1506 rows,
8254,कॉलेज में आते समय मुझे ऐड डा.,0,contradictory_label_conflict,Text exists under both HAM (0) and SPAM (1) across 1506 rows,
8337,तकनीकी समर्थन सहयोगी.,0,contradictory_label_conflict,Text exists under both HAM (0) and SPAM (1) across 1506 rows,
8351,वहाँ एक कारण है कि हम इस साल बात नहीं की है? वैसे भी एक महान सप्ताह है और अपने परीक्षा में सभी सबसे अच्छा है,0,contradictory_label_conflict,Text exists under both HAM (0) and SPAM (1) across 1506 rows,
8404,यदि आप चलाना चाहते हैं तो इसे पूरा संस्करण डा सक्रिय करें.,0,contradictory_label_conflict,Text exists under both HAM (0) and SPAM (1) across 1506 rows,
8534,मैं आधी रात में देखेंगे,0,contradictory_label_conflict,Text exists under both HAM (0) and SPAM (1) across 1506 rows,
8574,"हम्म... यह इतना अच्छा था अपने शब्दों के लिए जागना, मेरे प्यार! मैं भी तुमसे प्यार करता हूँ, मेरे प्रिय... * समुद्र पार से चुंबन",0,contradictory_label_conflict,Text exists under both HAM (0) and SPAM (1) across 1506 rows,
8620,इसलिए मुझे बैंक जाना पड़ा भुगतान करने के लिए.,0,contradictory_label_conflict,Text exists under both HAM (0) and SPAM (1) across 1506 rows,
8702,ब्गाराई के लिए केवल एक ही शब्द है: हम लोगों के लिए.........................................................................................................,0,contradictory_label_conflict,Text exists under both HAM (0) and SPAM (1) across 1506 rows,
8744,मैं बाहर कार्यालय वहाँ से सभी ले जाएगा,0,contradictory_label_conflict,Text exists under both HAM (0) and SPAM (1) across 1506 rows,
8780,"क्षमा करें, एक देर से शुरू हो गया, हम रास्ते पर हैं",0,contradictory_label_conflict,Text exists under both HAM (0) and SPAM (1) across 1506 rows,
8788,क्या समय निकल जाता है?,0,contradictory_label_conflict,Text exists under both HAM (0) and SPAM (1) across 1506 rows,
8808,साथ ही टुकड़ा कहां है,0,contradictory_label_conflict,Text exists under both HAM (0) and SPAM (1) across 1506 rows,
8814,मैं परियोजना केंद्र में गया था,0,contradictory_label_conflict,Text exists under both HAM (0) and SPAM (1) across 1506 rows,
8830,तुम पर बस नहीं भेजा है. मंदिर में रहो.,0,contradictory_label_conflict,Text exists under both HAM (0) and SPAM (1) across 1506 rows,
8858,मैं आप के अंदर और कमरे के बाहर दोनों को खुश करना चाहता हूँ...,0,contradictory_label_conflict,Text exists under both HAM (0) and SPAM (1) across 1506 rows,
8880,मैं एक स्नान ले सकते हैं के लिए हर किसी के लिए इंतज़ार में...... अपने सूट से बाहर निकलने के लिए...... इसलिए मैं एक स्नान ले सकते हैं,0,contradictory_label_conflict,Text exists under both HAM (0) and SPAM (1) across 1506 rows,
8887,अरे तुम क्या कर रहे हैं.,0,contradictory_label_conflict,Text exists under both HAM (0) and SPAM (1) across 1506 rows,
8935,"संदेश को पढ़ने के बाद मुस्कुराते हुए, दो के बीच दोस्ती की महिमा नहीं होती ।",0,contradictory_label_conflict,Text exists under both HAM (0) and SPAM (1) across 1506 rows,
8950,"शांत, क्या समय आप यहाँ मिल सकता है लगता है?",0,contradictory_label_conflict,Text exists under both HAM (0) and SPAM (1) across 1506 rows,
8973,* बाद में हो सकता है ।,0,contradictory_label_conflict,Text exists under both HAM (0) and SPAM (1) across 1506 rows,
9059,तो क्या लैपटॉप इकट्ठा कर सकते हैं?,0,contradictory_label_conflict,Text exists under both HAM (0) and SPAM (1) across 1506 rows,
9066,मैं नौकरी प्रोफ़ाइल बपो की तरह लगता है.,0,contradictory_label_conflict,Text exists under both HAM (0) and SPAM (1) across 1506 rows,
9072,क्या तुम बिस्तर में कोई अप्रिय है?,0,contradictory_label_conflict,Text exists under both HAM (0) and SPAM (1) across 1506 rows,
9098,आशा है कि आप एक महान दिन हो रहे हैं।,0,contradictory_label_conflict,Text exists under both HAM (0) and SPAM (1) across 1506 rows,
9135,आप पुस्तकालय में हैं?,0,contradictory_label_conflict,Text exists under both HAM (0) and SPAM (1) across 1506 rows,
9142,मैं तकनीकी समर्थन काम कर रहा हूँ:,0,contradictory_label_conflict,Text exists under both HAM (0) and SPAM (1) across 1506 rows,
9150,"हाँ, बिस्तर पर नहीं जाना, मैं आधी रात से पहले वापस हो जाएगा",0,contradictory_label_conflict,Text exists under both HAM (0) and SPAM (1) across 1506 rows,
9209,आप राष्ट्रपति से एक महत्वपूर्ण ग्राहक सेवा घोषणा है.,1,contradictory_label_conflict,Text exists under both HAM (0) and SPAM (1) across 1506 rows,
9219,"लुइस, आशा है कि आप उस तरह के दिन नहीं हो रहे हैं!",0,contradictory_label_conflict,Text exists under both HAM (0) and SPAM (1) across 1506 rows,
9249,तुम मुझे से दूरी छुपा या दूर रखें,0,contradictory_label_conflict,Text exists under both HAM (0) and SPAM (1) across 1506 rows,
9281,यह ज़रूरी है कि सम्मानित है,0,contradictory_label_conflict,Text exists under both HAM (0) and SPAM (1) across 1506 rows,
9283,यो दोस्त जो सिर्फ दूसरे दिन गिरफ्तार हो गया लगता है,0,contradictory_label_conflict,Text exists under both HAM (0) and SPAM (1) across 1506 rows,
9313,ठीक है. मैं एक सज्जन हूँ और आप सम्मान और सम्मान के साथ इलाज करेंगे.,0,contradictory_label_conflict,Text exists under both HAM (0) and SPAM (1) across 1506 rows,
9329,क्या आप ऑनलाइन ट्रांजेक्शन कर सकते हैं?,0,contradictory_label_conflict,Text exists under both HAM (0) and SPAM (1) across 1506 rows,
9379,अब मैं केवल पटियाओं को ले गया ।,0,contradictory_label_conflict,Text exists under both HAM (0) and SPAM (1) across 1506 rows,
9464,एक पत्नी के अधिकार को प्राप्त कीजिए ।,0,contradictory_label_conflict,Text exists under both HAM (0) and SPAM (1) across 1506 rows,
9531,"(मेरा आदमी कारोस निश्चित रूप से आज रात आ रहा है, कोई बहाना नहीं)",0,contradictory_label_conflict,Text exists under both HAM (0) and SPAM (1) across 1506 rows,
9543,"आप सभी के बारे में मुझे एक डाक भेज सकते हैं...... आप यहाँ आने वाले रिश्ताओं के बारे में पता है? सभी आप लागत, जोखिम, लाभ और अन्य कुछ भी के बारे में जानते हैं. धन्यवाद.",0,contradictory_label_conflict,Text exists under both HAM (0) and SPAM (1) across 1506 rows,
9568,"मैं घर पर हूँ, कृपया फोन करें",0,contradictory_label_conflict,Text exists under both HAM (0) and SPAM (1) across 1506 rows,
9703,मैं पहले से ही सिच तक पहुँच चुका हूँ...,0,contradictory_label_conflict,Text exists under both HAM (0) and SPAM (1) across 1506 rows,
9743,"पर्याप्त, कुछ भी चल रहा है?",0,contradictory_label_conflict,Text exists under both HAM (0) and SPAM (1) across 1506 rows,
9812,मैं घर के रास्ते पर हूँ,0,contradictory_label_conflict,Text exists under both HAM (0) and SPAM (1) across 1506 rows,
9832,मैं पूरी तरह दक्षिण पार्क से प्यार करता हूँ!,0,contradictory_label_conflict,Text exists under both HAM (0) and SPAM (1) across 1506 rows,
9893,"क्या तुम्हारे फोन के लिए एक अन्य ऐप प्राप्त करने का रास्ता नहीं मिला है, ना? क्या आप जाल स्टू के पास जा रहे हैं? क्या तुम उस काम को ले लो? प्रिय मुझे तुम्हारी ज़रूरत है. मैं तुम्हें देखने के लिए चाहता हूँ...",0,contradictory_label_conflict,Text exists under both HAM (0) and SPAM (1) across 1506 rows,
9903,एक झूलिया के साथ जा रहे हैं रात में.,0,contradictory_label_conflict,Text exists under both HAM (0) and SPAM (1) across 1506 rows,
9935,"हर अंधकार के पीछे एक तेज़ प्रकाश आप के लिए इंतज़ार कर रहा है... हर सबसे अच्छे दोस्त के पीछे, हमेशा भरोसा और प्रेम है...",0,contradictory_label_conflict,Text exists under both HAM (0) and SPAM (1) across 1506 rows,
9965,तुम्हारी नई साल की योजना क्या है?,0,contradictory_label_conflict,Text exists under both HAM (0) and SPAM (1) across 1506 rows,
10002,माँ कहते हैं कि हम उस समय आदमी जाना... फिर वह डाने घड़ी प्रदर्शन से दूर रह सकती है...,0,contradictory_label_conflict,Text exists under both HAM (0) and SPAM (1) across 1506 rows,
10069,लगता है कि मैं एक घंटे की तरह या इतने में बंद हो सकता है? मेरे रूम - मेट की एक यात्रा के लिए धन चाहते हैं.,0,contradictory_label_conflict,Text exists under both HAM (0) and SPAM (1) across 1506 rows,
10113,"अब तुलना कीजिए, इसका लाभ उठाइए ।",0,contradictory_label_conflict,Text exists under both HAM (0) and SPAM (1) across 1506 rows,
10142,कैमरा - आप एक सीपिक्स डिजिटल कैमरा को सम्मानित कर रहे हैं!,1,contradictory_label_conflict,Text exists under both HAM (0) and SPAM (1) across 1506 rows,
10177,कार्यालय की लड़कियों को शायद आश्चर्य हो कि क्यों आप मुस्कुरा रहे हैं लेकिन बहुत बुरी तरह से...,0,contradictory_label_conflict,Text exists under both HAM (0) and SPAM (1) across 1506 rows,
10182,तुम कहाँ हो?,0,contradictory_label_conflict,Text exists under both HAM (0) and SPAM (1) across 1506 rows,
10222,मैं मार्च ३ में परीक्षा लेने के लिए है,0,contradictory_label_conflict,Text exists under both HAM (0) and SPAM (1) across 1506 rows,
10248,मैं तुम्हारे लिए लांजा बना सकते हैं... वीडोका...,0,contradictory_label_conflict,Text exists under both HAM (0) and SPAM (1) across 1506 rows,
10260,जब से हम तोड़ दिया और पहले से ही हमारे दिमाग मिश के लिए जा रहे हैं!,0,contradictory_label_conflict,Text exists under both HAM (0) and SPAM (1) across 1506 rows,
10289,"यह एक दिन आप एक अरब वर्ग है, है ना?",0,contradictory_label_conflict,Text exists under both HAM (0) and SPAM (1) across 1506 rows,
10333,तुम काम कर रहे हैं?,0,contradictory_label_conflict,Text exists under both HAM (0) and SPAM (1) across 1506 rows,
10345,मेरा ड्राइव केवल पढ़ा जा सकता है. मुझे लिखने की जरूरत है,0,contradictory_label_conflict,Text exists under both HAM (0) and SPAM (1) across 1506 rows,
10368,"""वाह, मुझे नहीं पता था कि आप इतने परेशान थे. मैंने सोचा कि आप इसे पसंद कर रहे थे, क्योंकि मैं सबसे अच्छा कर रहा था और आप हमेशा खुश लग रहा था """" गुफा."""" मैं नहीं कर रहा हूँ और अधिक देने के लिए नहीं है. मैं माफी चाहता हूँ. मैं अपने कमरे इतना परेशान हूँ इतना है. मुझे लगता है कि मैं अपने कमरे के लिए इतना अच्छा था. """"""",0,contradictory_label_conflict,Text exists under both HAM (0) and SPAM (1) across 1506 rows,
10371,"हाँ, वास्तव में, वह सिर्फ एक घंटे पहले की तरह कुछ भी की जरूरत है अगर. जब और कितना?",0,contradictory_label_conflict,Text exists under both HAM (0) and SPAM (1) across 1506 rows,
10403,"ठीक है, सलाह के लिए धन्यवाद. अपनी रात का आनंद लो. मैं कुछ नींद पाने की कोशिश करते हैं...",0,contradictory_label_conflict,Text exists under both HAM (0) and SPAM (1) across 1506 rows,
10406,मुझे इतनी अच्छी तरह जानना बंद करो!,0,contradictory_label_conflict,Text exists under both HAM (0) and SPAM (1) across 1506 rows,
10511,मैं हम वहाँ पहाड़ी बात का एक राजा कर रहे थे सोचा.,0,contradictory_label_conflict,Text exists under both HAM (0) and SPAM (1) across 1506 rows,
10551,वीजी प्रशंसक...,0,contradictory_label_conflict,Text exists under both HAM (0) and SPAM (1) across 1506 rows,
10565,आप एक अद्भुत सप्ताह चाहते हैं.,0,contradictory_label_conflict,Text exists under both HAM (0) and SPAM (1) across 1506 rows,
10591,"शानदार, मैं तुम्हें एक बिट में देखेंगे",0,contradictory_label_conflict,Text exists under both HAM (0) and SPAM (1) across 1506 rows,
10668,... क्या तुम गूब में हो?,0,contradictory_label_conflict,Text exists under both HAM (0) and SPAM (1) across 1506 rows,
10708,मैं होगा लेकिन मैं अभी भी शांत हूँ. और कल रात से थक. कोई भी स्कूल या काम करने के लिए चला गया. सब कुछ बंद हो गया है.,0,contradictory_label_conflict,Text exists under both HAM (0) and SPAM (1) across 1506 rows,
10720,"ज़रूर, मैं देखना होगा अगर मैं थोड़ा में से आ सकते हैं",0,contradictory_label_conflict,Text exists under both HAM (0) and SPAM (1) across 1506 rows,
10798,तुम मुझे ऊपर आने के लिए क्या समय चाहते हैं?,0,contradictory_label_conflict,Text exists under both HAM (0) and SPAM (1) across 1506 rows,
10843,"नहीं आदमी, मेरी कार लोगों से भरा जा रहा है",0,contradictory_label_conflict,Text exists under both HAM (0) and SPAM (1) across 1506 rows,
11015,"हाँ, मुझे लगता है कि मेरे सामान्य आदमी अभी भी कल रात से बाहर पारित हो गया है, अगर आप किसी के एक पकड़ मुझे पता है और मैं नीचे फेंक देंगे",0,contradictory_label_conflict,Text exists under both HAM (0) and SPAM (1) across 1506 rows,
11076,आप कृपया मुझे मेरी चाची की संख्या भेज सकते हैं,0,contradictory_label_conflict,Text exists under both HAM (0) and SPAM (1) across 1506 rows,
11085,कोई प्रिय मैं सो रहा था: -पी,0,contradictory_label_conflict,Text exists under both HAM (0) and SPAM (1) across 1506 rows,
11156,मैं तुम सही बाद में करते हैं.,0,contradictory_label_conflict,Text exists under both HAM (0) and SPAM (1) across 1506 rows,
11175,"के, मैं आज रात से आ सकता है अगर मेरी कक्षा जल्दी छोड़ दिया है",0,contradictory_label_conflict,Text exists under both HAM (0) and SPAM (1) across 1506 rows,
11225,ठीक है कि कितना दूर है. उसे अध्ययन करने या सिर्फ भेंट करने के लिए प्रेरित किया जाता है,0,contradictory_label_conflict,Text exists under both HAM (0) and SPAM (1) across 1506 rows,
11273,केर्निस 2 आयाम में बडी बडी.,0,contradictory_label_conflict,Text exists under both HAM (0) and SPAM (1) across 34 rows,2
11356,"शहद, आप यह पता लगा सकते हैं कि वे नाइजीरिया में कितना पैसा बेचते हैं ।",0,contradictory_label_conflict,Text exists under both HAM (0) and SPAM (1) across 1506 rows,
11376,बहुत बढ़िया! मैं अब सोटाइल चलाने के लिए है!,0,contradictory_label_conflict,Text exists under both HAM (0) and SPAM (1) across 1506 rows,
11383,बारिश का मौसम अभी ठंडा है,0,contradictory_label_conflict,Text exists under both HAM (0) and SPAM (1) across 1506 rows,
11426,आप बहुत सेक्सी हैं!,0,contradictory_label_conflict,Text exists under both HAM (0) and SPAM (1) across 1506 rows,
11547,अब भूख लगी है महान.,0,contradictory_label_conflict,Text exists under both HAM (0) and SPAM (1) across 1506 rows,
11586,कोई वानर घर पर टीव देख रहा है... बाहर नहीं जा रहा है।,0,contradictory_label_conflict,Text exists under both HAM (0) and SPAM (1) across 1506 rows,
11615,इसलिए सूरज नींद की दवा है ।,0,contradictory_label_conflict,Text exists under both HAM (0) and SPAM (1) across 1506 rows,
11635,1 मीटिंग खत्म हो गया है मुझे फोन.,0,contradictory_label_conflict,Text exists under both HAM (0) and SPAM (1) across 5 rows,1
11672,"नहीं, कुछ समय पहले.. बाल कटौती करने के लिए चला गया.",0,contradictory_label_conflict,Text exists under both HAM (0) and SPAM (1) across 1506 rows,
11773,मैं इसे प्यार करता हूँ!,0,contradictory_label_conflict,Text exists under both HAM (0) and SPAM (1) across 1506 rows,
11776,असली ये चूसने के लिए. मैं अपना पूरा बिजली भी नहीं पका सकता. और मैं भूखा हूँ.,0,contradictory_label_conflict,Text exists under both HAM (0) and SPAM (1) across 1506 rows,
11779,मैं अपनी पत्नी को तुम्हारे पास भेज दिया है. उन्हें खरीदने के बाद हम आपको बता देंगे कि क्या करना है. तो बस आराम करो. हम उन्हें इस डचित पाने के लिए जाना चाहिए.,0,contradictory_label_conflict,Text exists under both HAM (0) and SPAM (1) across 1506 rows,
11796,"यह लड़की बिस्तर में नहीं रहती है. इस लड़की को ठीक होने के लिए समय की आवश्यकता नहीं है. मैं बाहर चला जाता है, और फिर मजाक करते समय बिस्तर में सह लिया जा रहा है.",0,contradictory_label_conflict,Text exists under both HAM (0) and SPAM (1) across 1506 rows,
11830,हम पागल कपड़ों की दुकान के लिए गए,0,contradictory_label_conflict,Text exists under both HAM (0) and SPAM (1) across 1506 rows,
11844,ऐसा लगता है कि वह बिना सोचे - समझे प्यार करता है,0,contradictory_label_conflict,Text exists under both HAM (0) and SPAM (1) across 1506 rows,
11862,"हाँ, राजकुमारी.",0,contradictory_label_conflict,Text exists under both HAM (0) and SPAM (1) across 1506 rows,
11896,; ठीक है. मैं पागलॉन की तरह लग रहा है.,0,contradictory_label_conflict,Text exists under both HAM (0) and SPAM (1) across 1506 rows,
11939,यह श्री शुतुरमुर्ग 3 चाटता लिया,0,contradictory_label_conflict,Text exists under both HAM (0) and SPAM (1) across 7 rows,3
11959,हम सब वहाँ हैं।,0,contradictory_label_conflict,Text exists under both HAM (0) and SPAM (1) across 1506 rows,
12009,क्या आप इस मीटिंग को किसी समय पर कर सकते हैं?,0,contradictory_label_conflict,Text exists under both HAM (0) and SPAM (1) across 1506 rows,
12026,प्रमाणपत्र में मेरे जन्म की तारीख निश्चित है लेकिन वास्तविक तारीख आज है. लेकिन प्रकाशित मत करो. मैं आपको एक विशेष उपचार दे देंगे यदि आप गुप्त रखते हैं. इच्छा के लिए कोई भी तरह का धन्यवाद.,0,contradictory_label_conflict,Text exists under both HAM (0) and SPAM (1) across 1506 rows,
12116,असली के लिए लोल. उसने अपने पिता से कहा कि मैं कैंसर है,0,contradictory_label_conflict,Text exists under both HAM (0) and SPAM (1) across 1506 rows,
12153,मैं चला रहा हूँ... बारिश नहीं कर रहा हूँ!,0,contradictory_label_conflict,Text exists under both HAM (0) and SPAM (1) across 1506 rows,
12229,"धन्यवाद, मैं मन में है कि रखना होगा",0,contradictory_label_conflict,Text exists under both HAM (0) and SPAM (1) across 1506 rows,
12236,उन्होंने आज एक और इतालवी को रिहा किया है और इसमें एक संकेत विकल्प है,0,contradictory_label_conflict,Text exists under both HAM (0) and SPAM (1) across 1506 rows,
12302,आप इसे बनाया खुश खुशी आप वहाँ हो जाएगा.,0,contradictory_label_conflict,Text exists under both HAM (0) and SPAM (1) across 1506 rows,
12308,बहुत बढ़िया! क्या आप सुख के लिए तैयार हैं और आनंद में चीखने - चिल्लाने के लिए?,0,contradictory_label_conflict,Text exists under both HAM (0) and SPAM (1) across 1506 rows,
12310,पूर्वी तट,0,contradictory_label_conflict,Text exists under both HAM (0) and SPAM (1) across 1506 rows,
12311,मुझे पता है कि मैं इस विशेष नाटक तूफान के विवरण पर कमी है लेकिन सबसे अधिक के लिए मैं उस के बारे में चिंतित नहीं हूँ,0,contradictory_label_conflict,Text exists under both HAM (0) and SPAM (1) across 1506 rows,
12362,"मैं देर कर रहा हूँ, इसलिए कल सुबह तुम्हें फोन करता हूँ. मीठा सपनों को ध्यान में रखना....",0,contradictory_label_conflict,Text exists under both HAM (0) and SPAM (1) across 1506 rows,
12375,"प्रिय, कल टी.",0,contradictory_label_conflict,Text exists under both HAM (0) and SPAM (1) across 1506 rows,
12377,"कोई चिंता नहीं, आशा तस्वीर शूट अच्छी तरह से चला गया.",0,contradictory_label_conflict,Text exists under both HAM (0) and SPAM (1) across 1506 rows,
12469,वह स्नातक हुआ,0,contradictory_label_conflict,Text exists under both HAM (0) and SPAM (1) across 1506 rows,
12506,हाँ ठीक है...,0,contradictory_label_conflict,Text exists under both HAM (0) and SPAM (1) across 1506 rows,
12518,कोई नहीं जानता!,0,contradictory_label_conflict,Text exists under both HAM (0) and SPAM (1) across 1506 rows,
12528,हमारे खुले नहीं है?,0,contradictory_label_conflict,Text exists under both HAM (0) and SPAM (1) across 1506 rows,
12640,"यह शांत है, हम एक छोटे से लंबे समय तक रह सकते हैं. जल्दी ही किसी भी समय हो रही हो?",0,contradictory_label_conflict,Text exists under both HAM (0) and SPAM (1) across 1506 rows,
12745,एक बार फिर केमम की कोशिश की तरह लग रहा है?,0,contradictory_label_conflict,Text exists under both HAM (0) and SPAM (1) across 1506 rows,
12754,अरे... आप जल्द ही छोड़ने के लिए जा रहे हैं? एक्सुजी और मैं महीने के अंत तक काम कर रहे हैं,0,contradictory_label_conflict,Text exists under both HAM (0) and SPAM (1) across 1506 rows,
12780,ओकी... मैंने उसे भी देखा लेकिन मैं वह मुझे खाना खाने के लिए... मुझे एक समूह मिल गया...,0,contradictory_label_conflict,Text exists under both HAM (0) and SPAM (1) across 1506 rows,
12793,"उफ़, माफ करना. बस यह जाँच करने के लिए कि तुम मुझे आधा स्टेशन से ले जाना मन नहीं है. क्या यह ठीक हो जाएगा?",0,contradictory_label_conflict,Text exists under both HAM (0) and SPAM (1) across 1506 rows,
12807,मुझे आशा है कि आप हमेशा बुद्धिमान और कृपालु होने का परिणाम है. उससे पूछ शुरू करो और अपने कान खुला रखें और सबसे अच्छा सबसे अच्छा.,0,contradictory_label_conflict,Text exists under both HAM (0) and SPAM (1) across 1506 rows,
12813,आप बाद में नीचे आ रहे समय क्या?,0,contradictory_label_conflict,Text exists under both HAM (0) and SPAM (1) across 1506 rows,
12856,"क्रिसमस एक अवसर है कि एक अवसर के रूप में विचार किया जाता है... मूल्यों..., इच्छाओं..., स्नेह...",0,contradictory_label_conflict,Text exists under both HAM (0) and SPAM (1) across 1506 rows,
12869,फ्यूकर समय समाप्त हो गया?,0,contradictory_label_conflict,Text exists under both HAM (0) and SPAM (1) across 1506 rows,
12892,तो फिर भौतिक रूप से एक-दूसरे से मिलता है?,0,contradictory_label_conflict,Text exists under both HAM (0) and SPAM (1) across 1506 rows,
12898,यह एकल उत्तर है हम लड़ रहे हैं? प्लस आई ने कहा कि टूट गया और आप जवाब दिया,0,contradictory_label_conflict,Text exists under both HAM (0) and SPAM (1) across 1506 rows,
12907,"इसका ठीक चिर्ककु, और इसके पसंदीदा गीत का मेरा 1.: -)",0,contradictory_label_conflict,Text exists under both HAM (0) and SPAM (1) across 5 rows,1
12923,मैं नींद महसूस कर रहा हूँ. आज खुद मुझे लगता है कि प्रिय मिल जाएगा,0,contradictory_label_conflict,Text exists under both HAM (0) and SPAM (1) across 1506 rows,
12955,क्या फ़ूचू जीवन किताब अच्छी है?,0,contradictory_label_conflict,Text exists under both HAM (0) and SPAM (1) across 1506 rows,
13012,"हैलो, मेरे प्यार. आप क्या कर रहे हैं? आप आज इंटरव्यू के लिए मिलता है? क्या आप खुश हैं? क्या आप एक अच्छा लड़का हो रहे हैं? क्या आप मेरे बारे में सोचते हैं? क्या आप मुझे लापता हैं?",0,contradictory_label_conflict,Text exists under both HAM (0) and SPAM (1) across 1506 rows,
13022,हम आप से संपर्क करने की कोशिश की एक वीडियो हैंडसेट के हमारे जवाब के लिए फिर से करने की कोशिश की?,1,contradictory_label_conflict,Text exists under both HAM (0) and SPAM (1) across 1506 rows,
13026,बहुत से खुश हैं दिन के. मैं तुम्हें खुश जन्मदिन चाहते हैं.,0,contradictory_label_conflict,Text exists under both HAM (0) and SPAM (1) across 1506 rows,
13054,यू. एस.,0,contradictory_label_conflict,Text exists under both HAM (0) and SPAM (1) across 1506 rows,
13145,"बेबे, मैं वापस आ रहा हूँ... मेरे पास वापस आओ...",0,contradictory_label_conflict,Text exists under both HAM (0) and SPAM (1) across 1506 rows,
13187,कुल वीडियो परिवर्तक मुक्त डाउनलोड प्रकार इस चाल- रहित खोज में:),0,contradictory_label_conflict,Text exists under both HAM (0) and SPAM (1) across 1506 rows,
13230,तो क्या तुम लोग इस कलाम से इन्कार रखते हो,0,contradictory_label_conflict,Text exists under both HAM (0) and SPAM (1) across 1506 rows,
13236,"बस रात का खाना बना रहे हो, तुम?",0,contradictory_label_conflict,Text exists under both HAM (0) and SPAM (1) across 1506 rows,
13264,अब खरीदारी करना,0,contradictory_label_conflict,Text exists under both HAM (0) and SPAM (1) across 1506 rows,
13321,कृपया मां से पिता को फोन करने के लिए पूछें,0,contradictory_label_conflict,Text exists under both HAM (0) and SPAM (1) across 1506 rows,
13339,साथ ही कि गपशप भयानक था लेकिन इसे नियमित रूप से नहीं बना सकते जब तक आप उसे व्यक्ति में देख नहीं सकते,0,contradictory_label_conflict,Text exists under both HAM (0) and SPAM (1) across 1506 rows,
13347,मस्तिष्कहीन बेबी डॉ.,0,contradictory_label_conflict,Text exists under both HAM (0) and SPAM (1) across 1506 rows,
13391,"ओह, आप कई ज़िम्मेदारियाँ मिल गई.",0,contradictory_label_conflict,Text exists under both HAM (0) and SPAM (1) across 1506 rows,
13409,मैं चाहता हूं कि प्रतिपालक के लिए जाएँ,0,contradictory_label_conflict,Text exists under both HAM (0) and SPAM (1) across 1506 rows,
13470,आज कोई काम करने के लिए नहीं आ सकता ।,0,contradictory_label_conflict,Text exists under both HAM (0) and SPAM (1) across 1506 rows,
13475,"नमस्कार, कैसे? यह यहाँ जिस तरह से है. मैं अच्छा हूँ. 2 तारीखों पर किया गया है कि आदमी के साथ मैं अब तक चल रहा है. हमें जल्द ही पूरा करना है. हर किसी को कैसे करना है?",0,contradictory_label_conflict,Text exists under both HAM (0) and SPAM (1) across 34 rows,2
13507,मैं हमेशा तुम्हारे साथ गपशप करता हूँ. वास्तव में पैसे की जरूरत है आप मुझे पाल सकते हैं?,0,contradictory_label_conflict,Text exists under both HAM (0) and SPAM (1) across 1506 rows,
13581,क्या?,0,contradictory_label_conflict,Text exists under both HAM (0) and SPAM (1) across 1506 rows,
13611,"एक कड़ा है कि काम करेंगे, धन्यवाद",0,contradictory_label_conflict,Text exists under both HAM (0) and SPAM (1) across 1506 rows,
13634,मैं ठीक हूँ. आशा है कि आप अच्छे हैं. ध्यान रखना.,0,contradictory_label_conflict,Text exists under both HAM (0) and SPAM (1) across 1506 rows,
13667,मैं तो लोगों को मतलब नहीं है.,0,contradictory_label_conflict,Text exists under both HAM (0) and SPAM (1) across 1506 rows,
13716,मैं पूरी तरह यकीन नहीं है कि पाठ लेकिन हे. हो. कौन सा सप्ताहांत?,0,contradictory_label_conflict,Text exists under both HAM (0) and SPAM (1) across 1506 rows,
13721,उन्हें मेरे बारे में कहीं भी जांच करने की कोई ज़रूरत नहीं है.,0,contradictory_label_conflict,Text exists under both HAM (0) and SPAM (1) across 1506 rows,
13738,वह कितना भुगतान किया.,0,contradictory_label_conflict,Text exists under both HAM (0) and SPAM (1) across 1506 rows,
13930,"नहीं, मैं ऑनलाइन अब आ जाएगा.",0,contradictory_label_conflict,Text exists under both HAM (0) and SPAM (1) across 1506 rows,
13968,हेले कि इतना अजीब था,0,contradictory_label_conflict,Text exists under both HAM (0) and SPAM (1) across 1506 rows,
14042,ठीक है आई अब एक नया लक्ष्य है,0,contradictory_label_conflict,Text exists under both HAM (0) and SPAM (1) across 1506 rows,
14052,अधिकांश खेल क़िस्म.,0,contradictory_label_conflict,Text exists under both HAM (0) and SPAM (1) across 1506 rows,
14183,हाँ फिर पर नहीं देखते,0,contradictory_label_conflict,Text exists under both HAM (0) and SPAM (1) across 1506 rows,
14326,"क्षमा करें, मेरी बैटरी मर गई, लेकिन मैं अभी के लिए एक ग्राम मिल रहा हूँ, जहां तुम्हारी जगह है?",0,contradictory_label_conflict,Text exists under both HAM (0) and SPAM (1) across 1506 rows,
14330,"""एक अद्भुत उद्धरण 'कभी कभी जीवन में यह गलत निर्णय करने के लिए मुश्किल है! एक झूठ जो एक मुस्कान या सत्य लाता है एक आँसू लाता है... """"""",0,contradictory_label_conflict,Text exists under both HAM (0) and SPAM (1) across 1506 rows,
14399,रेगिस्तान में पानी लॉगिंग ।,0,contradictory_label_conflict,Text exists under both HAM (0) and SPAM (1) across 1506 rows,
14480,"बेबे! मैं भी तुमसे प्यार करता हूँ! तुम जानते हो? भाड़ में जाओ, यह आपकी आवाज सुनने के लिए बहुत अच्छा था. मुझे इसकी ज़रूरत है. मैं इसे पाने के लिए पर्याप्त नहीं कर सकते हैं. मैं तुम्हें दण्डवत्‌ कर सकते हैं, फ्रैंक * सर्कवस्की *",0,contradictory_label_conflict,Text exists under both HAM (0) and SPAM (1) across 1506 rows,
14490,आप अपनी साइकिल सवारी करने के लिए जा रहे हैं?,0,contradictory_label_conflict,Text exists under both HAM (0) and SPAM (1) across 1506 rows,
14740,मैं सारी रात इस ऐंट के बारे में चिंता भी कर रहा था. यह एक शर्म की बात है कि हम एक लड़कियों को बाहर पॉपकॉर्न के साथ याद किया और तुम मेरे बाल कर रहे हैं.,0,contradictory_label_conflict,Text exists under both HAM (0) and SPAM (1) across 1506 rows,
14838,लोल ठीक है मैं भी हा लगता है कि में सोचा था,0,contradictory_label_conflict,Text exists under both HAM (0) and SPAM (1) across 1506 rows,
14840,मैं यहाँ से बाहर निकलने में सक्षम हो सकता है थोड़ा जल्दी.,0,contradictory_label_conflict,Text exists under both HAM (0) and SPAM (1) across 1506 rows,
14862,जब आप बड़े होते हैं ।,0,contradictory_label_conflict,Text exists under both HAM (0) and SPAM (1) across 1506 rows,
14892,खैर मन में रखने के लिए मैं केवल एक और दौर यात्रा के लिए पर्याप्त गैस मिल गया है नकदी के आने के एक अचानक आने से बचने के लिए,0,contradictory_label_conflict,Text exists under both HAM (0) and SPAM (1) across 1506 rows,
15016,मैं हर दिन मृत्यु के लिए ऊबूंगा नहीं.,0,contradictory_label_conflict,Text exists under both HAM (0) and SPAM (1) across 1506 rows,
15034,"हाँ, शायद यहाँ कुछ समय के लिए",0,contradictory_label_conflict,Text exists under both HAM (0) and SPAM (1) across 1506 rows,
15099,लेकिन मैं मैं आज मेरे कुत्ते को नहलाना होगा याद है.,0,contradictory_label_conflict,Text exists under both HAM (0) and SPAM (1) across 1506 rows,
15101,मैं अपने सुंदर चूंदे देखना चाहते हैं...,0,contradictory_label_conflict,Text exists under both HAM (0) and SPAM (1) across 1506 rows,
15167,इतनी जल्दी क्यों?,0,contradictory_label_conflict,Text exists under both HAM (0) and SPAM (1) across 1506 rows,
15180,आप हमेशा चीजों को वे की तुलना में बड़ा बनाते हैं,0,contradictory_label_conflict,Text exists under both HAM (0) and SPAM (1) across 1506 rows,
15191,लड़का इतनी मुश्‍किल! मुझे लगता है कि मैं एक अच्छा दोस्त हूँ...... दोस्त के बारे में एक और यात्रा के बारे में.,0,contradictory_label_conflict,Text exists under both HAM (0) and SPAM (1) across 1506 rows,
15214,क्या मैं सिर्फ इबराहीम को खरीदता हूँ या खुद की जाँच भी करता हूँ?,0,contradictory_label_conflict,Text exists under both HAM (0) and SPAM (1) across 1506 rows,
15279,वह कहती है कि वह वहाँ होगी. मुझे पता नहीं है.,0,contradictory_label_conflict,Text exists under both HAM (0) and SPAM (1) across 1506 rows,
15314,हमारे प्रेज़ान की माँ कल रात गुज़र गई. उसके और परिवार के लिए प्रार्थना करो.,0,contradictory_label_conflict,Text exists under both HAM (0) and SPAM (1) across 1506 rows,
15323,"हाँ, कब फिर से उत्पन्न होता है?",0,contradictory_label_conflict,Text exists under both HAM (0) and SPAM (1) across 1506 rows,
15441,केवल 2 परिस्थितियों में कुछ मूल्यवान है: पहले इसे प्राप्त करने से पहले... दूसरी- इसके बाद...,0,contradictory_label_conflict,Text exists under both HAM (0) and SPAM (1) across 34 rows,2
15445,अब सब चले गए. जल्द ही बोलो.,0,contradictory_label_conflict,Text exists under both HAM (0) and SPAM (1) across 1506 rows,
15449,"अगर तुम मुझे गलती नहीं करते, मैं एक बात पूछना होगा.",0,contradictory_label_conflict,Text exists under both HAM (0) and SPAM (1) across 1506 rows,
15483,मैं घर पर हूँ...,0,contradictory_label_conflict,Text exists under both HAM (0) and SPAM (1) across 1506 rows,
15498,"शायद नहीं, मैं लगभग गैस से बाहर हूँ और मैं कुछ नकदी कल मिलता है",0,contradictory_label_conflict,Text exists under both HAM (0) and SPAM (1) across 1506 rows,
15506,"""खुश या दुखी हो, अतीत के बारे में एक बात है """"यह कोई और नहीं है"""" अच्छा:-""",0,contradictory_label_conflict,Text exists under both HAM (0) and SPAM (1) across 1506 rows,
15537,"ओह, बहुत धन्यवाद.",0,contradictory_label_conflict,Text exists under both HAM (0) and SPAM (1) across 1506 rows,
15568,प्रिय जहाँ तुम वहाँ पहुंचोगे,0,contradictory_label_conflict,Text exists under both HAM (0) and SPAM (1) across 1506 rows,
15592,"अच्छा, मैं कुछ में आप पाठ करेंगे",0,contradictory_label_conflict,Text exists under both HAM (0) and SPAM (1) across 1506 rows,
15601,साँप के लिए यार. वह पुराना हो गया और हमला हो गया.,0,contradictory_label_conflict,Text exists under both HAM (0) and SPAM (1) across 1506 rows,
15613,मैं तुम्हारे लिए एक संदेश है उन्हें कॉपी करने के लिए मेरे पास दो और पत्र थे. जल्द ही बोलो.,0,contradictory_label_conflict,Text exists under both HAM (0) and SPAM (1) across 1506 rows,
15675,मैं 3 मिनट में तुम्हारा हो जाएगा लेकिन मेरे लिए बाहर देखो,0,contradictory_label_conflict,Text exists under both HAM (0) and SPAM (1) across 7 rows,3
15689,"जो भी हो, जूलना. जो भी आप चाहते हैं करो.",0,contradictory_label_conflict,Text exists under both HAM (0) and SPAM (1) across 1506 rows,
15756,हाँ की तरह यह चला जाता है अगर यह मेरे दोस्तों के साथ किया जाता है मेरे गंदगी आधे घंटे की तरह में मेरे गंदगी उड़ा,0,contradictory_label_conflict,Text exists under both HAM (0) and SPAM (1) across 1506 rows,
15793,"नहीं यह सीधी है, अगर आप सिर्फ दोस्त या पेय ला सकते हैं या कुछ और है जो वास्तव में सीधे नकद से अधिक उपयोगी है",0,contradictory_label_conflict,Text exists under both HAM (0) and SPAM (1) across 1506 rows,
15857,तुम मुझे बताने के लिए नहीं था कि... अब मैं सोच रहा हूँ. प्लस वह अपने सभी खेलने को रोकने के लिए जा रहा है,0,contradictory_label_conflict,Text exists under both HAM (0) and SPAM (1) across 1506 rows,
15944,ओक. तो एक तेज. इंतजार कर सकते हैं,0,contradictory_label_conflict,Text exists under both HAM (0) and SPAM (1) across 1506 rows,
16008,प्रिय रेलवे पहुँच गए ।,0,contradictory_label_conflict,Text exists under both HAM (0) and SPAM (1) across 1506 rows,
16012,मैं बीमार हूँ! मैं गरीब हूँ! मैं चाहता हूँ!,0,contradictory_label_conflict,Text exists under both HAM (0) and SPAM (1) across 1506 rows,
16017,अगले हफ्ते आपका शेड्‌यूल कैसा है?,0,contradictory_label_conflict,Text exists under both HAM (0) and SPAM (1) across 1506 rows,
16026,एचआईएसआईएस मैं जानता हूँ कि अगर आप काम के लिए कर रहे हैं मुझे जब यू आईएओ घर पर सब कुछ कर सकते हैं,0,contradictory_label_conflict,Text exists under both HAM (0) and SPAM (1) across 1506 rows,
16060,मैं पहले से ही था.,0,contradictory_label_conflict,Text exists under both HAM (0) and SPAM (1) across 1506 rows,
16066,"शायद थोड़ी देर के लिए यहाँ होने वाला है, आप बाद में आज रात एवंले देखा है;)",0,contradictory_label_conflict,Text exists under both HAM (0) and SPAM (1) across 1506 rows,
16094,या कानूनी तौर पर।,0,contradictory_label_conflict,Text exists under both HAM (0) and SPAM (1) across 1506 rows,
16120,मैं देर हो जाएगी...,0,contradictory_label_conflict,Text exists under both HAM (0) and SPAM (1) across 1506 rows,
16122,मेरे कमरे में आ सकते हैं लेकिन मेरे घर कोच नहीं आ सकते...,0,contradictory_label_conflict,Text exists under both HAM (0) and SPAM (1) across 1506 rows,
16151,अपने आप को मेरे लिए सुरक्षित रखें क्योंकि मैं आप की जरूरत है और मैं आप पहले से ही याद आती है और मैं उन सभी को ईर्ष्या है जो वास्तव में जीवन में आप देखते हैं,0,contradictory_label_conflict,Text exists under both HAM (0) and SPAM (1) across 1506 rows,
16250,अभी एक्सिडी की स्थिति की जाँच करें,0,contradictory_label_conflict,Text exists under both HAM (0) and SPAM (1) across 1506 rows,
16251,आप यहाँ हैं जब पाठ मुझे पाठ,0,contradictory_label_conflict,Text exists under both HAM (0) and SPAM (1) across 1506 rows,
16335,प्रियों अपने शब्दों को कृपया अस्वीकार नहीं कर रहे हैं,0,contradictory_label_conflict,Text exists under both HAM (0) and SPAM (1) across 1506 rows,
16394,"ओफ्फ, मैं तुम्हें जब मेरे रूम में किया है पता चल जाएगा",0,contradictory_label_conflict,Text exists under both HAM (0) and SPAM (1) across 1506 rows,
16429,मैं तुमसे अच्छा व्यवहार करने का वादा करता हूँ!,0,contradictory_label_conflict,Text exists under both HAM (0) and SPAM (1) across 1506 rows,
16470,एक अच्छी शाम है!,0,contradictory_label_conflict,Text exists under both HAM (0) and SPAM (1) across 1506 rows,
16486,एस.,0,contradictory_label_conflict,Text exists under both HAM (0) and SPAM (1) across 1506 rows,
16499,समय पर वाद - विवाद देखिए ।,0,contradictory_label_conflict,Text exists under both HAM (0) and SPAM (1) across 1506 rows,
16520,वाट यू अब कर रहे हैं?,0,contradictory_label_conflict,Text exists under both HAM (0) and SPAM (1) across 1506 rows,
16535,नोकी लोगो के एक महिमावान्‌ संग्रह के साथ भीड़ को रोका जा रहा है।,1,contradictory_label_conflict,Text exists under both HAM (0) and SPAM (1) across 1506 rows,
16581,तो ये लोग उन्हीं पड़े चखा करें (कुछ लोगों के बारे में) बड़ों से कहा जाएगा,0,contradictory_label_conflict,Text exists under both HAM (0) and SPAM (1) across 1506 rows,
16667,"आज माफ करना दिन है. अगर मैं तुमसे गुस्सा हो गया था, अगर कभी गलती की थी या आपको चोट लगी है?",0,contradictory_label_conflict,Text exists under both HAM (0) and SPAM (1) across 1506 rows,
16681,अपने संदेश के लिए धन्यवाद. मैं वास्तव में आपके बलिदान की सराहना करता हूँ. मैं प्रत्यक्ष भुगतान की प्रक्रिया के लेकिन कल से मेरे रास्ते पर बाहर मिल जाएगा. मैं वर्ग में हूँ. एक अद्भुत दिन है.,0,contradictory_label_conflict,Text exists under both HAM (0) and SPAM (1) across 1506 rows,
16757,"यह काम कर सकता है, हम अगले सभा में एक अनुमान तक पहुँच जाएगा",0,contradictory_label_conflict,Text exists under both HAM (0) and SPAM (1) across 1506 rows,
16762,अगर आप मुझे फोन करते हैं तो वास्तव में सराहना करेंगे. बस किसी से बात करने की जरूरत है.,0,contradictory_label_conflict,Text exists under both HAM (0) and SPAM (1) across 1506 rows,
16788,मैं अब अपने चूंदन चाटना चाहते हैं...,0,contradictory_label_conflict,Text exists under both HAM (0) and SPAM (1) across 1506 rows,
16814,मैं भी यूरीका फिल्म देख रही हूँ।,0,contradictory_label_conflict,Text exists under both HAM (0) and SPAM (1) across 1506 rows,
16894,"अगर आपको अध्ययन करने की ज़रूरत नहीं है, तो आप अकेले अध्ययन कर सकते हैं ।",0,contradictory_label_conflict,Text exists under both HAM (0) and SPAM (1) across 1506 rows,
16915,तो ठीक है आप एक महान सप्ताहांत है!,0,contradictory_label_conflict,Text exists under both HAM (0) and SPAM (1) across 1506 rows,
16964,"मुझे डा, मैं अपने कॉल के लिए इंतजार कर रहा हूँ.",0,contradictory_label_conflict,Text exists under both HAM (0) and SPAM (1) across 1506 rows,
17029,माफ करना मैं उस जगह के लिए नहीं गया है. मैं कल ऐसा करूँगा. वास्तव में खेद है.,0,contradictory_label_conflict,Text exists under both HAM (0) and SPAM (1) across 1506 rows,
17043,"आज रात, हाँ, मैं उस के लिए नीचे हो जाएगा",0,contradictory_label_conflict,Text exists under both HAM (0) and SPAM (1) across 1506 rows,
17144,"""यह नहीं सोचा था... सात में नल व स्टूप में पानी के पानी में सात. """"""",0,contradictory_label_conflict,Text exists under both HAM (0) and SPAM (1) across 1506 rows,
17151,"मैं कुछ नमक मिल गया है, आप इसे मेरे खुले घाव में घायल कर सकते हैं अगर आप पसंद करते हैं!",0,contradictory_label_conflict,Text exists under both HAM (0) and SPAM (1) across 1506 rows,
17152,"क्षमा करें, मैं तुम्हें बाद में फोन करता हूँ. मैं बैठक में सर हूँ.",0,contradictory_label_conflict,Text exists under both HAM (0) and SPAM (1) across 1506 rows,
17170,मुझे घर से काम करना पसंद है:),0,contradictory_label_conflict,Text exists under both HAM (0) and SPAM (1) across 1506 rows,
17204,"रुको, क्या आप जानते हैं कि क्या शहर में हमडल्स हैं?",0,contradictory_label_conflict,Text exists under both HAM (0) and SPAM (1) across 1506 rows,
17249,क्या यू अभी भी नलर्स टेप है और हम उधार ले सकते हैं?,0,contradictory_label_conflict,Text exists under both HAM (0) and SPAM (1) across 1506 rows,
17291,क्या यू को पता चला कि बस कोसआई में क्या समय है कुछ सामान बाहर तरह से करने की जरूरत है.,0,contradictory_label_conflict,Text exists under both HAM (0) and SPAM (1) across 1506 rows,
17297,क्यों आप हमारे साथ आते हैं.,0,contradictory_label_conflict,Text exists under both HAM (0) and SPAM (1) across 1506 rows,
17302,मैं तुम्हें चोट लगी हूँ.,0,contradictory_label_conflict,Text exists under both HAM (0) and SPAM (1) across 1506 rows,
17339,एक व्यक्‍ति के साथ जीवन बिताने का मतलब सिर्फ ज़िंदगी से कहीं ज़्यादा है ।,0,contradictory_label_conflict,Text exists under both HAM (0) and SPAM (1) across 1506 rows,
17376,भारत ले जाना है:),0,contradictory_label_conflict,Text exists under both HAM (0) and SPAM (1) across 1506 rows,
17391,क्या आप एक नया वीडियो फोन करना चाहते हैं?,1,contradictory_label_conflict,Text exists under both HAM (0) and SPAM (1) across 1506 rows,
17436,"मैं काम पर हूँ, कृपया फोन करें",0,contradictory_label_conflict,Text exists under both HAM (0) and SPAM (1) across 1506 rows,
17513,ये सब भी इस अंत की योजना बनाने जा रहे हैं!,0,contradictory_label_conflict,Text exists under both HAM (0) and SPAM (1) across 1506 rows,
17518,आप की तुलना में अधिक विशिष्ट होने के लिए जा रहे हैं,0,contradictory_label_conflict,Text exists under both HAM (0) and SPAM (1) across 1506 rows,
17620,"घर देख रहा है - बहुत मज़ा आ रहा हूँ, यहाँ तक कि लकड़ी के साथ भी।",0,contradictory_label_conflict,Text exists under both HAM (0) and SPAM (1) across 1506 rows,
17627,तुम अब नहीं कहा. कोई समस्या नहीं है. जब आप कर सकते हैं. मुझे पता है.,0,contradictory_label_conflict,Text exists under both HAM (0) and SPAM (1) across 1506 rows,
17630,अभी तक कोई खरीदता है?,0,contradictory_label_conflict,Text exists under both HAM (0) and SPAM (1) across 1506 rows,
17641,कारण यह है कि अगर टीम बजट उपलब्ध हो तो वे आधार दर पर बिना बोले खिलाड़ियों को खरीदते हैं.,0,contradictory_label_conflict,Text exists under both HAM (0) and SPAM (1) across 1506 rows,
17721,बस यू के साथ भी हो रही है...?,0,contradictory_label_conflict,Text exists under both HAM (0) and SPAM (1) across 1506 rows,
17755,आज यह दफ्तर कितना बड़ा है?,0,contradictory_label_conflict,Text exists under both HAM (0) and SPAM (1) across 1506 rows,
17789,बिस्हैन लार करीब... कोई इतनी जल्दी के लिए खरीदने की आवश्यकता नहीं अगर मैं खरीद रहा हूँ मेरी कार पार्क होगा...,0,contradictory_label_conflict,Text exists under both HAM (0) and SPAM (1) across 1506 rows,
17791,"मैं अपने ठीक बच्चे को आशा करते हैं? मुझे लगता है कि तुम शायद महसूस किया हो सकता है जब तुम नौकरी एक नकली था? मैं यहाँ इंतज़ार कर रहा हूँ जब तुम वापस आते हो, मेरे प्यार.",0,contradictory_label_conflict,Text exists under both HAM (0) and SPAM (1) across 1506 rows,
17868,क्या तुमने बस को पकड़ लिया? क्या तुमने एक चाय बना ली? क्या आप अपनी माँ के खाने के बाद खाना खा रहे हैं? क्या तुम मेरा प्यार महसूस करते हो?,0,contradictory_label_conflict,Text exists under both HAM (0) and SPAM (1) across 1506 rows,
17898,मेरे जन्मदिन पर आपकी इच्छा के लिए बहुत धन्यवाद. आप मेरे जन्मदिन को वास्तव में यादगार बनाने के लिए धन्यवाद.,0,contradictory_label_conflict,Text exists under both HAM (0) and SPAM (1) across 1506 rows,
17974,लेकिन अन्य जीवन में प्लैट खेलते हैं.,0,contradictory_label_conflict,Text exists under both HAM (0) and SPAM (1) across 1506 rows,
17986,दोपहर के खाने के बाद मिलते हैं...,0,contradictory_label_conflict,Text exists under both HAM (0) and SPAM (1) across 1506 rows,
17987,हाँ जो भी हो,0,contradictory_label_conflict,Text exists under both HAM (0) and SPAM (1) across 1506 rows,
18020,हम एक तलाक़ मिला है Lol. वह यहाँ है.,0,contradictory_label_conflict,Text exists under both HAM (0) and SPAM (1) across 5 rows,lol
18068,हाँ कि बहुत अच्छा मामला हो सकता है,0,contradictory_label_conflict,Text exists under both HAM (0) and SPAM (1) across 1506 rows,
18117,"ओह हाँ, मैं भूल गया. अमेरिका केवल एक ही बार में खरीदारी कर सकते हैं.",0,contradictory_label_conflict,Text exists under both HAM (0) and SPAM (1) across 1506 rows,
18186,मैं आज एक आलसी मोड में हूँ.,0,contradictory_label_conflict,Text exists under both HAM (0) and SPAM (1) across 1506 rows,
18243,घर जल्दी करो ।,0,contradictory_label_conflict,Text exists under both HAM (0) and SPAM (1) across 1506 rows,
18292,मम... मैं इसे चाटने का इंतजार नहीं कर सकते!,0,contradictory_label_conflict,Text exists under both HAM (0) and SPAM (1) across 1506 rows,
18359,बुखार के लिए कुछ छोटी खुराक लें,0,contradictory_label_conflict,Text exists under both HAM (0) and SPAM (1) across 1506 rows,
18374,Ã°ÂÂÂÃ°ÂÂÂ,0,contradictory_label_conflict,Text exists under both HAM (0) and SPAM (1) across 1506 rows,
18405,मुझे नया मोबाइल पसंद आया,0,contradictory_label_conflict,Text exists under both HAM (0) and SPAM (1) across 1506 rows,
18456,हे मुबारक जन्मदिन...,0,contradictory_label_conflict,Text exists under both HAM (0) and SPAM (1) across 1506 rows,
18475,ओह डांग! मैं आप के लिए है कि ओ भेज दिया कि मतलब नहीं था! लोएल!,0,contradictory_label_conflict,Text exists under both HAM (0) and SPAM (1) across 1506 rows,
18519,"यह ठीक है, मैं इसके बारे में बाद में आप पर कुतिया होगा",0,contradictory_label_conflict,Text exists under both HAM (0) and SPAM (1) across 1506 rows,
18605,कप्तान हमारे कमरे में है:),0,contradictory_label_conflict,Text exists under both HAM (0) and SPAM (1) across 1506 rows,
18649,कर सकते हैं...,0,contradictory_label_conflict,Text exists under both HAM (0) and SPAM (1) across 1506 rows,
18655,"हा, बस मैं क्या सोच रहा था",0,contradictory_label_conflict,Text exists under both HAM (0) and SPAM (1) across 1506 rows,
18687,यू. एस.) द्वारा प्रेरित किया ।...,0,contradictory_label_conflict,Text exists under both HAM (0) and SPAM (1) across 1506 rows,
18695,मुझे पता है जब आप पैसा मिल गया है तो कारोस कॉल कर सकते हैं,0,contradictory_label_conflict,Text exists under both HAM (0) and SPAM (1) across 1506 rows,
18828,मैं सिर्फ 2 महीने के लिए कोशिश करने के लिए जा रहा हूँ,0,contradictory_label_conflict,Text exists under both HAM (0) and SPAM (1) across 34 rows,2
18889,यह कलम बात एक मजाक से परे है. क्या एक बेरो नहीं कर सकता? एक स्वामी के रूप में एक बार फिर ऐसा नहीं कर सकते!,0,contradictory_label_conflict,Text exists under both HAM (0) and SPAM (1) across 1506 rows,
18898,हाय... मधुर सपनों...,0,contradictory_label_conflict,Text exists under both HAM (0) and SPAM (1) across 1506 rows,
18934,"नहीं, लेकिन हम कुछ पनीर खरीदने के लिए एक डिफ़ फार्म दुकान मिला.",0,contradictory_label_conflict,Text exists under both HAM (0) and SPAM (1) across 1506 rows,
19041,"मैं नहीं कह रहा हूँ, माफ करना. मैं केवल एक सामान्य के रूप में समय के बारे में आतंक शुरू कर रहा हूँ. फिर से क्षमा! क्या आप मंगलवार को देख रहे हैं?",0,contradictory_label_conflict,Text exists under both HAM (0) and SPAM (1) across 1506 rows,
19044,मेरे घर यहाँ काफी अंधेरे आसमान... अगर बारिश हो...... तो 2 पहले से ही चला जा... हे भगवान...,0,contradictory_label_conflict,Text exists under both HAM (0) and SPAM (1) across 34 rows,2
19127,"कहीं वहाँ से नीचे, पीला चाँद प्रकाश के नीचे किसी को लगता है कि वहाँ बाहर कोई सपना सच वहाँ... अच्छे सपने आते हैं।",0,contradictory_label_conflict,Text exists under both HAM (0) and SPAM (1) across 1506 rows,
19148,मैं तुम्हें वहाँ पहले दस्तक दी,0,contradictory_label_conflict,Text exists under both HAM (0) and SPAM (1) across 1506 rows,
19168,रहस्य हल हो गया! बस मेरे ईमेल खोला और वह मुझे एक और बैच भेजा है! है वह एक प्यारी नहीं है,0,contradictory_label_conflict,Text exists under both HAM (0) and SPAM (1) across 1506 rows,
19218,. कृपया मेरे मोबाइल आरोप जब आप सुबह में मिलता है.,0,contradictory_label_conflict,Text exists under both HAM (0) and SPAM (1) across 1506 rows,
19259,जन्मदिन मुबारक हो...,0,contradictory_label_conflict,Text exists under both HAM (0) and SPAM (1) across 1506 rows,
19277,क्या मैं इस तरह से दूर रहने के लिए इतना बुरा हूँ?,0,contradictory_label_conflict,Text exists under both HAM (0) and SPAM (1) across 1506 rows,
19303,"समझ में आता है कि उसका नुकसान मेरी कमाई है, तो क्या आप काम करते हैं?",0,contradictory_label_conflict,Text exists under both HAM (0) and SPAM (1) across 1506 rows,
19439,मैं कर रहा हूँ.,0,contradictory_label_conflict,Text exists under both HAM (0) and SPAM (1) across 1506 rows,
19459,ओ. वे दोनों खराब हो गया लगता है,0,contradictory_label_conflict,Text exists under both HAM (0) and SPAM (1) across 1506 rows,
19475,ठीक है यह आप जो फोन किया था यह अपने जैसे एक नंबर के साथ किसी के साथ किया गया था!,0,contradictory_label_conflict,Text exists under both HAM (0) and SPAM (1) across 1506 rows,
19478,Ã°ÂÂÂ,0,contradictory_label_conflict,Text exists under both HAM (0) and SPAM (1) across 1506 rows,
19511,हनी मुझे लगता है कि मैं यू याद कर रहा हूँ.,0,contradictory_label_conflict,Text exists under both HAM (0) and SPAM (1) across 1506 rows,
19586,हाँ. वेन विश्वास करते हैं? यू.ए. यू. सी. यू. यू. यू. एम. आइ. एम.,0,contradictory_label_conflict,Text exists under both HAM (0) and SPAM (1) across 1506 rows,
19588,मेरा मानना है कि एक शाम मुझे और मैं हम दोनों के लिए कुछ अद्‌भुत योजनाओं को विश्वास है. जीवन में जीना किसी भी समय मुझे फोन.,0,contradictory_label_conflict,Text exists under both HAM (0) and SPAM (1) across 1506 rows,
19613,क्या यह पहले से ही खाया था?,0,contradictory_label_conflict,Text exists under both HAM (0) and SPAM (1) across 1506 rows,
19620,क्या अब तुम घर जा रहे हो?,0,contradictory_label_conflict,Text exists under both HAM (0) and SPAM (1) across 1506 rows,
19634,"नहीं, लेकिन तुम मुझे बताया कि तुम जा रहे थे, नशे में होने से पहले!",0,contradictory_label_conflict,Text exists under both HAM (0) and SPAM (1) across 1506 rows,
19672,तुम कहाँ हो? तुम कहाँ से बात कर रहे हो? क्या तुम मेरे बारे में सोच रहे हो? क्या तुम एक अच्छा लड़का हो? क्या तुम मुझे भूल गए हो? क्या तुम मुझसे प्यार करते हो?,0,contradictory_label_conflict,Text exists under both HAM (0) and SPAM (1) across 1506 rows,
19703,तो आप लंबी दूरी का सामना कैसे कर रहे हैं.,0,contradictory_label_conflict,Text exists under both HAM (0) and SPAM (1) across 1506 rows,
19743,फिर भी मौका वहाँ है. यदि आप कठिन खोज आप इसे प्राप्त करेंगे. वैसे भी किसी प्रयास की कोशिश करें:),0,contradictory_label_conflict,Text exists under both HAM (0) and SPAM (1) across 1506 rows,
19754,मुझे लगता है कि स्टूप इतना समाप्त हो गया है......मैं कुछ बिंदु पर हो जाएगा,0,contradictory_label_conflict,Text exists under both HAM (0) and SPAM (1) across 1506 rows,
19764,हाँ बस गपशप और क्लिक करें दोस्त सूची. फिर सूची बनाने के लिए आसान है पाई के रूप में आसान.,0,contradictory_label_conflict,Text exists under both HAM (0) and SPAM (1) across 1506 rows,
19782,"Lol, ओह आप कुत्ते के लिए एक दोस्त मिला?",0,contradictory_label_conflict,Text exists under both HAM (0) and SPAM (1) across 5 rows,lol
19797,आर्मर कहते हैं कि एप्पलॉन के लिए अपने गधे मिलता है,0,contradictory_label_conflict,Text exists under both HAM (0) and SPAM (1) across 1506 rows,
19844,अब है कि अपने भाग्य को बर्बाद करने के लिए जा रहा है!,0,contradictory_label_conflict,Text exists under both HAM (0) and SPAM (1) across 1506 rows,
19849,आशा है कि आप डर नहीं रहे हैं!,0,contradictory_label_conflict,Text exists under both HAM (0) and SPAM (1) across 1506 rows,
19856,बस यहाँ सामान्य :),0,contradictory_label_conflict,Text exists under both HAM (0) and SPAM (1) across 1506 rows,
19908,"बहुत धन्यवाद. जब हम आकाश सहज और सूरा, हमने आपकी कंपनी की खुशी नहीं पायी थी. आशा है कि आप अच्छे हैं. हम आपको ओह ओह दिया है! हम एक टाइटो के लिए गणना कर रहे हैं. आनंद लें!",0,contradictory_label_conflict,Text exists under both HAM (0) and SPAM (1) across 1506 rows,
19948,मेरी बहन मुझे डॉ से अधिक अर्जित करने के लिए जा रही है.,0,contradictory_label_conflict,Text exists under both HAM (0) and SPAM (1) across 1506 rows,
19990,मैं सिर्फ बाद में आज रात आने के लिए योजना चाहिए?,0,contradictory_label_conflict,Text exists under both HAM (0) and SPAM (1) across 1506 rows,
20054,"ओह, यह है? मुझे पता भेजें",0,contradictory_label_conflict,Text exists under both HAM (0) and SPAM (1) across 1506 rows,
20064,"नमस्कार, मेरा प्यार कैसे जाता है? तुम क्या कर रहे हो? मैं जल्दी जाग गया और आपके लिए ऑनलाइन इंतज़ार कर रहा हूँ...",0,contradictory_label_conflict,Text exists under both HAM (0) and SPAM (1) across 1506 rows,
20082,"(मैं जोड़ करना चाहिए कि मैं वास्तव में परवाह नहीं है और अगर आप नहीं कर सकते हैं मैं कम से कम इस दोस्त को बकवास करने के लिए प्राप्त कर सकते हैं लेकिन हे, अपने पैसे अगर आप चाहते हैं)",0,contradictory_label_conflict,Text exists under both HAM (0) and SPAM (1) across 1506 rows,
20105,अब केवल मैं ही घर पहुँच गया हूँ.,0,contradictory_label_conflict,Text exists under both HAM (0) and SPAM (1) across 1506 rows,
20134,या बहुत अच्छा.,0,contradictory_label_conflict,Text exists under both HAM (0) and SPAM (1) across 1506 rows,
20159,केवल जब आपको लगता है कि अपने शब्द मौन से बेहतर हैं... गंदंग:),0,contradictory_label_conflict,Text exists under both HAM (0) and SPAM (1) across 1506 rows,
20195,माँ खाना खरीदने के लिए कहती है...,0,contradictory_label_conflict,Text exists under both HAM (0) and SPAM (1) across 1506 rows,
20290,तो फिर मैं एनिश में यू यू लेने आते हैं?,0,contradictory_label_conflict,Text exists under both HAM (0) and SPAM (1) across 1506 rows,
20294,ओह केस: क्यों आप फिर क्या काम मिल गया?,0,contradictory_label_conflict,Text exists under both HAM (0) and SPAM (1) across 1506 rows,
20295,"के करेंगे, जोड़ेंसी विपम्प; मैं कुछ कला कर रहा हूँ तो मैं यहाँ हो जाएगा जब आप घर मिलता है",0,contradictory_label_conflict,Text exists under both HAM (0) and SPAM (1) across 1506 rows,
20390,या यू वे सब पूछते हैं अगर अगले बैठे नहीं हैं. यदि उनमें से सभी यह कर सकते हैं तो मैं ठीक हूँ.,0,contradictory_label_conflict,Text exists under both HAM (0) and SPAM (1) across 1506 rows,
20423,यु. पू.,0,contradictory_label_conflict,Text exists under both HAM (0) and SPAM (1) across 1506 rows,
20465,आप अविवाहित कैसे एक सुंदर औरत है?,0,contradictory_label_conflict,Text exists under both HAM (0) and SPAM (1) across 1506 rows,
20478,बस्ती में छोटी समस्या: (अंग्रेजी) अब टांकी से पूछ रहे हैं,0,contradictory_label_conflict,Text exists under both HAM (0) and SPAM (1) across 1506 rows,
20565,"दोपहर का दिन कैसा है? क्या हम जिंदा रहने के लिए ताज़ा और खुश हैं? क्या हम हवा में साँस लेते हैं और मुस्कुराते हैं? मैं तुम्हारे बारे में सोचता हूँ, मेरे प्यार...",0,contradictory_label_conflict,Text exists under both HAM (0) and SPAM (1) across 1506 rows,
20598,"क्षमा करें मेरे रूमों हमेशा ले लिया, यह ठीक है अगर मैं अब से आते हैं?",0,contradictory_label_conflict,Text exists under both HAM (0) and SPAM (1) across 1506 rows,
20661,"एक कवच, मुझे पता है जब आप हमारे चारों ओर होने वाले हैं",0,contradictory_label_conflict,Text exists under both HAM (0) and SPAM (1) across 1506 rows,
20671,आप अभी भी सामान हो रही है.,0,contradictory_label_conflict,Text exists under both HAM (0) and SPAM (1) across 1506 rows,
20675,तो कलुओ द प्रोजेक्टर समारोह के अधीन हो जाएगा?,0,contradictory_label_conflict,Text exists under both HAM (0) and SPAM (1) across 1506 rows,
20684,तो वहाँ कोई विशेष?,0,contradictory_label_conflict,Text exists under both HAM (0) and SPAM (1) across 1506 rows,
20704,और शायद कुछ प्रेसें,0,contradictory_label_conflict,Text exists under both HAM (0) and SPAM (1) across 1506 rows,
20734,* गहरी आह[... मैं तुम्हें याद आती है: - (... मैं वास्तव में आप जाल के लिए अब तक मुझे पाने के लिए नहीं चला गया है... क्या तुम मुझे याद नहीं है?,0,contradictory_label_conflict,Text exists under both HAM (0) and SPAM (1) across 1506 rows,
20735,मैं खत्म हो जाऊंगा तो मेरे बाल भी कर सकते हैं. तुम इसे मुक्त करोगे?,0,contradictory_label_conflict,Text exists under both HAM (0) and SPAM (1) across 1506 rows,
20776,क्या अभी भी सबक मिल गया है?,0,contradictory_label_conflict,Text exists under both HAM (0) and SPAM (1) across 1506 rows,
20811,"हाँ, मैं अभी भी भारी बारिश मैं बाहर नहीं कर सकता हूँ.",0,contradictory_label_conflict,Text exists under both HAM (0) and SPAM (1) across 1506 rows,
20818,हाँ : पिछले सप्ताह से ही मैं जीने के लिए कॉल कर रहा हूँ.,0,contradictory_label_conflict,Text exists under both HAM (0) and SPAM (1) across 1506 rows,
20891,अब वाट्स क्या कर रहे हैं?,0,contradictory_label_conflict,Text exists under both HAM (0) and SPAM (1) across 1506 rows,
20904,आप पैसे की पेशकश के साथ मेरी उम्मीदें हटा दी. मैं जरूरत में हूँ. विशेष रूप से जब महीने का अंत आता है और यह मेरे अध्ययन को चोट पहुँचाता है. वैसे भी किसी भी तरह का एक उपभोग होता है.,0,contradictory_label_conflict,Text exists under both HAM (0) and SPAM (1) across 1506 rows,
21044,मैं खुश हूँ. आप अपने सपनों का अनुसरण कर रहे हैं.,0,contradictory_label_conflict,Text exists under both HAM (0) and SPAM (1) across 1506 rows,
21124,शैब ठीक है... एक्स से अधिक...,0,contradictory_label_conflict,Text exists under both HAM (0) and SPAM (1) across 1506 rows,
21188,"उह, ऊपर हमारे पास इतना कुछ बचा नहीं है",0,contradictory_label_conflict,Text exists under both HAM (0) and SPAM (1) across 1506 rows,
21243,जब आप और मनाक वर्ग के साथ किया?,0,contradictory_label_conflict,Text exists under both HAM (0) and SPAM (1) across 1506 rows,
21265,एक दूसरे के लिए अच्छा दोस्त।,0,contradictory_label_conflict,Text exists under both HAM (0) and SPAM (1) across 1506 rows,
21271,मैं पहले से ही पहुँच चुका हूँ.,0,contradictory_label_conflict,Text exists under both HAM (0) and SPAM (1) across 1506 rows,
21307,उस बिल्सन का नाम क्या है एक भाषा और शब्दों के बारे में,0,contradictory_label_conflict,Text exists under both HAM (0) and SPAM (1) across 1506 rows,
21328,सलाम है कि इस साइट को अपने वांछित रिक्त- बिन्दुओं को डाउनलोड करने के लिए,0,contradictory_label_conflict,Text exists under both HAM (0) and SPAM (1) across 1506 rows,
21406,"बस फिर से भेजा. क्या तुम बिस्तर में चीखती और पागल हो, राजकुमारी?",0,contradictory_label_conflict,Text exists under both HAM (0) and SPAM (1) across 1506 rows,
21439,"हम्म... मैं आज सुबह अपने शब्दों के लिए जाग जाना प्यार करता हूँ! मैं तुम्हें भी, मेरे प्यार याद आती है. आशा है कि आपका दिन अच्छा चला जाता है और आप खुश हैं. मैं हमें एक साथ फिर से होने के लिए प्रतीक्षा करते हैं.",0,contradictory_label_conflict,Text exists under both HAM (0) and SPAM (1) across 1506 rows,
21440,हाय... लेकिन बैग फिर से.,0,contradictory_label_conflict,Text exists under both HAM (0) and SPAM (1) across 1506 rows,
21463,हमें क्यों आस - पास बैठकर गर्मियों के दिनों का इंतज़ार करना चाहिए ।,0,contradictory_label_conflict,Text exists under both HAM (0) and SPAM (1) across 1506 rows,
21489,वह किस लिए देख रही थी?,0,contradictory_label_conflict,Text exists under both HAM (0) and SPAM (1) across 1506 rows,
21542,माफ करना * किचियों में था ।,0,contradictory_label_conflict,Text exists under both HAM (0) and SPAM (1) across 1506 rows,
21564,"एक कड़ी, मैं अपने रूम - मेट के कुछ से पूछना होगा",0,contradictory_label_conflict,Text exists under both HAM (0) and SPAM (1) across 1506 rows,
21644,ओकीशीश माचिचक सामान क्या ओह.,0,contradictory_label_conflict,Text exists under both HAM (0) and SPAM (1) across 1506 rows,
21649,बैठक यू मेरी नौकरी है.,0,contradictory_label_conflict,Text exists under both HAM (0) and SPAM (1) across 1506 rows,
21664,"क्षमा करें, मैं बाद में ठीक से फोन करेंगे",0,contradictory_label_conflict,Text exists under both HAM (0) and SPAM (1) across 1506 rows,
21745,"जैसे - जैसे समय बीतता जा रहा है, वैसे - वैसे इसे गैर - कानूनी तरीके से बंद करने के लिए इस्तेमाल किया जाता है ।",0,contradictory_label_conflict,Text exists under both HAM (0) and SPAM (1) across 1506 rows,
21757,"नहीं, इसका खास काम नहीं है ।",0,contradictory_label_conflict,Text exists under both HAM (0) and SPAM (1) across 1506 rows,
21758,मैं कच्चे कपड़े पहन लेता हूं.,0,contradictory_label_conflict,Text exists under both HAM (0) and SPAM (1) across 1506 rows,
21769,अगर आप उससे पूछें या वह कोई भी संदेश कहते हैं.,0,contradictory_label_conflict,Text exists under both HAM (0) and SPAM (1) across 1506 rows,
21782,और जब तुम (किसी पर) हाथ डालते हो तो सरकशी से हाथ डालते हो,0,contradictory_label_conflict,Text exists under both HAM (0) and SPAM (1) across 1506 rows,
21802,"वहाँ कुछ लोगों द्वारा कर रहे हैं, मैं मेम्ने द्वारा मेज पर हूँ",0,contradictory_label_conflict,Text exists under both HAM (0) and SPAM (1) across 1506 rows,
21823,नेवा साथी की कोशिश करो!,0,contradictory_label_conflict,Text exists under both HAM (0) and SPAM (1) across 1506 rows,
21825,मैं वहाँ कोई नहीं है लेकिन थॉन प्रयोगशाला के लिए चला गया.,0,contradictory_label_conflict,Text exists under both HAM (0) and SPAM (1) across 1506 rows,
21885,"अच्छा, बिली साथी सब चले गए ।",0,contradictory_label_conflict,Text exists under both HAM (0) and SPAM (1) across 1506 rows,
21944,आप बहुत सुंदर हैं. आप कैसे हैं?,0,contradictory_label_conflict,Text exists under both HAM (0) and SPAM (1) across 1506 rows,
21969,के- मुझे तुम्हारे बारे में कुछ बताओ.,0,contradictory_label_conflict,Text exists under both HAM (0) and SPAM (1) across 1506 rows,
21973,"हमने मनपसंद सेवा के लिए जेडीएएम खाता भेजा है ईआर मेल आईडी से, विवरण हमें संपर्क करने के लिए",0,contradictory_label_conflict,Text exists under both HAM (0) and SPAM (1) across 1506 rows,
21978,"अच्छा, जब आप सिर बाहर सिर जब मुझे पाठ",0,contradictory_label_conflict,Text exists under both HAM (0) and SPAM (1) across 1506 rows,
22077,"""सुपरबी विचार """"इस बात का आभारी हो कि यू. यू. यू. का मतलब है कि अभी भी कल की तुलना में आज की तुलना में खुश होने का मौका है.""",0,contradictory_label_conflict,Text exists under both HAM (0) and SPAM (1) across 1506 rows,
22147,"जल्द ही आपके पास असली बात राजकुमारी होंगे, क्या मैं तुम्हें धोखा देता हूँ?",0,contradictory_label_conflict,Text exists under both HAM (0) and SPAM (1) across 1506 rows,
22157,हाँ वहाँ बहुत मीठा थे,0,contradictory_label_conflict,Text exists under both HAM (0) and SPAM (1) across 1506 rows,
22185,कोई समस्या नहीं है. हम एक साथ समय का एक बहुत खर्च कर रहे हैं...,0,contradictory_label_conflict,Text exists under both HAM (0) and SPAM (1) across 1506 rows,
22218,खैर वहाँ मेरे दोस्तों से कह रहे हैं कि मुझे ड्राइव करने के लिए और उनके साथ धूम्रपान करने के लिए कहना और फिर मुझे बताओ कि मैं एक धूम्रपान कर रहा हूँ उन्हें बहुत अधिक सिगरेट/ बनाने के लिए उन्हें बहुत कुछ करने के लिए आप देखते हैं तो आप देख रहे हैं कि मैं कैसे झिझक रहा हूँ,0,contradictory_label_conflict,Text exists under both HAM (0) and SPAM (1) across 1506 rows,
22229,जापान में सजग होइए!,0,contradictory_label_conflict,Text exists under both HAM (0) and SPAM (1) across 1506 rows,
22245,प्रिय तुम कैसे हो?,0,contradictory_label_conflict,Text exists under both HAM (0) and SPAM (1) across 1506 rows,
22289,इस तरह की बातों पर यकीन करना बहुत मुश्‍किल है ।,0,contradictory_label_conflict,Text exists under both HAM (0) and SPAM (1) across 1506 rows,
22309,मैं तत्त्वज्ञान में मेरी आँखों की ओर देख रहा हूँ,0,contradictory_label_conflict,Text exists under both HAM (0) and SPAM (1) across 1506 rows,
22320,वह दोपहर के खाने के बारे में भी जानता है ।,0,contradictory_label_conflict,Text exists under both HAM (0) and SPAM (1) across 1506 rows,
22340,आप किसी भी उपहार मिलता है? इस साल मैं कुछ भी प्राप्त नहीं किया था. तो बुरा,0,contradictory_label_conflict,Text exists under both HAM (0) and SPAM (1) across 1506 rows,
22348,असल में घर छोड़ने के लिए तैयार हो रही है.,0,contradictory_label_conflict,Text exists under both HAM (0) and SPAM (1) across 1506 rows,
22359,मैं सफर से थक गया हूँ ।,0,contradictory_label_conflict,Text exists under both HAM (0) and SPAM (1) across 1506 rows,
22400,"क्षमा करें, मैं बाद में बैठक में फोन करेंगे.",0,contradictory_label_conflict,Text exists under both HAM (0) and SPAM (1) across 1506 rows,
22446,मैं जहां भी मेरा दिल मुझे मार्गदर्शन करता हूँ वहाँ के लिए वोट देंगे,0,contradictory_label_conflict,Text exists under both HAM (0) and SPAM (1) across 1506 rows,
22488,"प्रेम को खोजो, प्यार अमेरिका को क्यों कहा जाता है कि अपने आप को प्यार में गिर जाता है, बीकोएस यू. यू. एस.",0,contradictory_label_conflict,Text exists under both HAM (0) and SPAM (1) across 1506 rows,
22494,बस आप से बात करने के लिए खुशी है.,0,contradictory_label_conflict,Text exists under both HAM (0) and SPAM (1) across 1506 rows,
22517,"वास्तव में दोस्त नहीं है, कोई दोस्त मैं डर रहा हूँ: (",0,contradictory_label_conflict,Text exists under both HAM (0) and SPAM (1) across 1506 rows,
22574,"अरे, मेरे दोस्त को रद्द करना पड़ा, अभी भी एक यात्रा के लिए?",0,contradictory_label_conflict,Text exists under both HAM (0) and SPAM (1) across 1506 rows,
22589,"अगर आप मैं कहाँ हूँ सोच के मामले में, मैं भूल गया मैं भूल गया आज दादी के लिए कुछ का ख्याल रखना है, परेड से पहले किया जाना चाहिए",0,contradictory_label_conflict,Text exists under both HAM (0) and SPAM (1) across 1506 rows,
22594,"अधिकार के लिए नहीं, ख़ासकर पहले बुरा नहीं",0,contradictory_label_conflict,Text exists under both HAM (0) and SPAM (1) across 1506 rows,
22639,मैं यह मेरी शक्ति की एक विस्तृत परीक्षा नहीं है कि हमेशा बने रहते हैं,0,contradictory_label_conflict,Text exists under both HAM (0) and SPAM (1) across 1506 rows,
22683,घर ताकि हम हमेशा गपशप कर सकें,0,contradictory_label_conflict,Text exists under both HAM (0) and SPAM (1) across 1506 rows,
22821,डी कॉल लेने मत करो जब कुछ महत्वपूर्ण हो.,0,contradictory_label_conflict,Text exists under both HAM (0) and SPAM (1) across 1506 rows,
22864,कुछ खिलाड़ियों के लिए इंतजार कर दो टीम,0,contradictory_label_conflict,Text exists under both HAM (0) and SPAM (1) across 1506 rows,
22872,तुम बाद में क्या कर रहे हो?,0,contradictory_label_conflict,Text exists under both HAM (0) and SPAM (1) across 1506 rows,
22896,तुम कहाँ मुझे फोन कर रहे हैं.,0,contradictory_label_conflict,Text exists under both HAM (0) and SPAM (1) across 1506 rows,
22961,एपीप सुनिश्चित है?,0,contradictory_label_conflict,Text exists under both HAM (0) and SPAM (1) across 1506 rows,
23026,"खैर, वैसे भी मैं टिकट प्राप्त कर सकते हैं अब काफी देर हो चुकी है की तरह. अमेरिका 2 जाओ एक नहीं लग रहे हैं? तपस्वी उन्हें अब है...",0,contradictory_label_conflict,Text exists under both HAM (0) and SPAM (1) across 34 rows,2
23063,"कमाल की बात है, लीम पता है जब आप चारों ओर हैं",0,contradictory_label_conflict,Text exists under both HAM (0) and SPAM (1) across 1506 rows,
23128,क्या आप उनमें से एक हैं?,0,contradictory_label_conflict,Text exists under both HAM (0) and SPAM (1) across 1506 rows,
23151,कुछ भी नहीं कर सका.,0,contradictory_label_conflict,Text exists under both HAM (0) and SPAM (1) across 1506 rows,
23243,मुझे लगता है कि ऑनलाइन काम के बारे में जानकारी की जरूरत है.,0,contradictory_label_conflict,Text exists under both HAM (0) and SPAM (1) across 1506 rows,
23264,नाटकों के लिए। नहीं नाटकों के लिए आप और परिवार से काफी था जब मैं एक अजीब जगह में गर्म धूप में संघर्ष कर रहा हूँ। कोई कारण नहीं है कि 'मैं नहीं हूँ नहीं करने के एक गर्व होना चाहिए जब वास्तव में करने के लिए उनकी जरूरत है। बहुत गंभीर पुनः बचाव के लिए प्रतीक्षा करें।,0,contradictory_label_conflict,Text exists under both HAM (0) and SPAM (1) across 1506 rows,
23270,खैर यह अच्छा है. बहुत बुरा मैं इसे खा सकते हैं,0,contradictory_label_conflict,Text exists under both HAM (0) and SPAM (1) across 1506 rows,
23300,नहीं... ज्यूज़ काम से बंद...,0,contradictory_label_conflict,Text exists under both HAM (0) and SPAM (1) across 1506 rows,
23304,"के, मैं कुछ बाहर काम करेंगे",0,contradictory_label_conflict,Text exists under both HAM (0) and SPAM (1) across 1506 rows,
23361,एक अच्छा दिन है.,0,contradictory_label_conflict,Text exists under both HAM (0) and SPAM (1) across 1506 rows,
23396,जब मैं आप को लेने के लिए जब/ मैं आप करते हैं,0,contradictory_label_conflict,Text exists under both HAM (0) and SPAM (1) across 1506 rows,
23463,ओ-मेल,0,contradictory_label_conflict,Text exists under both HAM (0) and SPAM (1) across 1506 rows,
23514,"हा, बस मजाक कर रहा है, पिताजी को दवाओं की जरूरत है",0,contradictory_label_conflict,Text exists under both HAM (0) and SPAM (1) across 1506 rows,
23556,"हाँ, मुझे मेरे बटुआ के नीचे ट्रैक करने के लिए एक जोड़े मिनट दे",0,contradictory_label_conflict,Text exists under both HAM (0) and SPAM (1) across 1506 rows,
23572,मैं तुम्हारे लिए बहुत खुश हूँ बच्चे!,0,contradictory_label_conflict,Text exists under both HAM (0) and SPAM (1) across 1506 rows,
23653,"ठीक है, एक आधा 8 वीं के लिए मेरे आदेश बदल होगा",0,contradictory_label_conflict,Text exists under both HAM (0) and SPAM (1) across 10 rows,8
23658,तो आप गोल एक्सेस पाने वाला है जब,0,contradictory_label_conflict,Text exists under both HAM (0) and SPAM (1) across 1506 rows,
23738,आंटी मोची उसका फोन कभी नहीं उठा,0,contradictory_label_conflict,Text exists under both HAM (0) and SPAM (1) across 1506 rows,
23775,अगर आपको लगता है कि यह अच्छा लगता है......क्या आप बेकार कचरा कचरा वस्तुएँ हैं और आप एक भी चाहते हैं के लिए बुरा महसूस करना चाहिए,0,contradictory_label_conflict,Text exists under both HAM (0) and SPAM (1) across 1506 rows,
23807,बेवकूफ ।,0,contradictory_label_conflict,Text exists under both HAM (0) and SPAM (1) across 1506 rows,
23818,"हान हमारेएफ आदमी को चलाने के लिए इस्तेमाल किया जाता है, मैं पत्थरों की एक बहुत कुछ जानता हूँ",0,contradictory_label_conflict,Text exists under both HAM (0) and SPAM (1) across 1506 rows,
23837,"मैं एक कर्ता हूँ। जब मैं काम करता हूँ, मैं शाम में काम करता हूँ और देर रात के बाद काम करता हूँ। क्योंकि मैं उस पल में बेरोज़गार हूँ, मैं हमेशा देर से सो रहा हूँ। जब आप बेरोज़गार हैं, हर दिन दिन बैठे हैं।",0,contradictory_label_conflict,Text exists under both HAM (0) and SPAM (1) across 1506 rows,
23861,मैं हर पल हम एक साथ खर्च करेंगे...,0,contradictory_label_conflict,Text exists under both HAM (0) and SPAM (1) across 1506 rows,
23892,यह फिर से काम नहीं किया. हे शुभ रात्रि. मैं ठीक है और आप जाग के समय यह तैयार है. आप बहुत याद कर रहे हैं एक अच्छी रात सोने के लिए एक अच्छी नींद है.,0,contradictory_label_conflict,Text exists under both HAM (0) and SPAM (1) across 1506 rows,
23923,मेरे पास भी बहुत अच्छा समय था ।,0,contradictory_label_conflict,Text exists under both HAM (0) and SPAM (1) across 1506 rows,
23935,मम्मा तो मेरी बच्ची... सर्की को अच्छा लगा,0,contradictory_label_conflict,Text exists under both HAM (0) and SPAM (1) across 1506 rows,
23980,मैं आप गंदगी दर्पण में देखने की तरह देखा लगता है एक सही बेकार में बदल,0,contradictory_label_conflict,Text exists under both HAM (0) and SPAM (1) across 1506 rows,
24121,सचमुच यिर्मयाह को देखने से चूक जाते हैं ।,0,contradictory_label_conflict,Text exists under both HAM (0) and SPAM (1) across 1506 rows,
24227,"हे प्रिय, तुम कैसे प्रिय. क्या आप किचक कहा",0,contradictory_label_conflict,Text exists under both HAM (0) and SPAM (1) across 1506 rows,
24231,जब कल मुझे पकड़ने की कार में एक्सकी है?,0,contradictory_label_conflict,Text exists under both HAM (0) and SPAM (1) across 1506 rows,
24235,यीशु हाथ पांव वास्तव में वह मिल सकता है सभी को बताने की कोशिश कर रहा है,0,contradictory_label_conflict,Text exists under both HAM (0) and SPAM (1) across 1506 rows,
24295,शुक्रवार के लिए बेहतर बनाया और कल एक सूअर की तरह अपने आप को सामान. अब मुझे लगता है. लेकिन कम से कम इसके दर्द की रक्षा नहीं है.,0,contradictory_label_conflict,Text exists under both HAM (0) and SPAM (1) across 1506 rows,
24308,"क्षमा करें, जल्दी बिस्तर पर चला गया, रात्रि",0,contradictory_label_conflict,Text exists under both HAM (0) and SPAM (1) across 1506 rows,
24342,उसके साथ क्या हुआ वह सच कह रही है,0,contradictory_label_conflict,Text exists under both HAM (0) and SPAM (1) across 1506 rows,
24360,"मैं सप्ताह के बाद इस सप्ताह आप के बारे में बहस कर थक गया हूँ. क्या आप चाहते हैं और अब से, मैं भी ऐसा ही करूँगा.",0,contradictory_label_conflict,Text exists under both HAM (0) and SPAM (1) across 1506 rows,
24382,कितना शैम्पा छोड़कर चले जाते हैं!,0,contradictory_label_conflict,Text exists under both HAM (0) and SPAM (1) across 1506 rows,
24449,"एक कड़ा, लीम पता है क्या हो रहा है",0,contradictory_label_conflict,Text exists under both HAM (0) and SPAM (1) across 1506 rows,
24465,आज क्या दिन है. दिन छुट्टी है. तो कोई काम नहीं.,0,contradictory_label_conflict,Text exists under both HAM (0) and SPAM (1) across 1506 rows,
24543,"प्रियों, ध्यान रखना. मैं सिर्फ घर पहुँच रहा हूँ. एक बहुत प्यार करता हूँ.",0,contradictory_label_conflict,Text exists under both HAM (0) and SPAM (1) across 1506 rows,
24562,मैं तुम्हें प्यार करता हूँ कि हालांकि मत भूलना. और मैं आप के साथ चलना. आप पर नज़र रखना और अपने दिल गर्म रखना.,0,contradictory_label_conflict,Text exists under both HAM (0) and SPAM (1) across 1506 rows,
24591,आप कौन हैं जो संयुक्‍त राष्ट्र हैं?,0,contradictory_label_conflict,Text exists under both HAM (0) and SPAM (1) across 1506 rows,
24610,मैं आदमी लेकिन बहुत जल्दी कच्चे... अब मुझे बाहर इतना जल्दी घर... नेवा मन...,0,contradictory_label_conflict,Text exists under both HAM (0) and SPAM (1) across 1506 rows,
24641,मुझे पता है डाट महसूस होता है कि यह पतझड़ के साथ था!,0,contradictory_label_conflict,Text exists under both HAM (0) and SPAM (1) across 1506 rows,
24722,हाय आपके फोन और मेरी मां सभी जगह लाल शराब पैदा किया गया है! क्या आप क्या है?,0,contradictory_label_conflict,Text exists under both HAM (0) and SPAM (1) across 1506 rows,
24889,अगर हम इसके वास्तव में कोई 1 पक्ष लंबे समय के लिए जीतने के लिए.,0,contradictory_label_conflict,Text exists under both HAM (0) and SPAM (1) across 5 rows,1
24977,"""अच्छा जीवन के दो बुनियादी सिद्धांत हैं: """"तुम जैसे राजा हो, चलो"""" या """"आप की तरह चलते हो, जो कोई राजा है""""!""",0,contradictory_label_conflict,Text exists under both HAM (0) and SPAM (1) across 1506 rows,
25065,एक अंगूठी पर लगा एक और अब पाठों की कीमत 3 पाउंड प्रतियाँ पेश की जा रही हैं...,1,contradictory_label_conflict,Text exists under both HAM (0) and SPAM (1) across 7 rows,3
25089,अब एक पिल्लास नहीं रहा. अब एक प्रतुस हूँ.,0,contradictory_label_conflict,Text exists under both HAM (0) and SPAM (1) across 1506 rows,
25133,मूर्ख दूसरों को ठीक से धोखा नहीं देते,0,contradictory_label_conflict,Text exists under both HAM (0) and SPAM (1) across 1506 rows,
25139,लेकिन मेरा आकार पहले से ही इतना चिढ़ जाता है.,0,contradictory_label_conflict,Text exists under both HAM (0) and SPAM (1) across 1506 rows,
25178,"एक कड़ा, मैं तुम्हें पाठ होगा जब मैं वापस आ रहा हूँ",0,contradictory_label_conflict,Text exists under both HAM (0) and SPAM (1) across 1506 rows,
25179,हम अपने कपड़े उतार सकते हैं,0,contradictory_label_conflict,Text exists under both HAM (0) and SPAM (1) across 1506 rows,
25218,"फोन करो जब तुम/कार्स यहाँ है/मैं, मेरे फोन का वर्मिंग काम कर रहा है और मैं पाठ नहीं सुन सकता है",0,contradictory_label_conflict,Text exists under both HAM (0) and SPAM (1) across 1506 rows,
25279,प्रिय : - तुम क्यों बंद लग रहा है. मैं इसलिए मैं ड्राइव करने के लिए भाई ड्राइव कर सकते हैं,0,contradictory_label_conflict,Text exists under both HAM (0) and SPAM (1) across 1506 rows,
25287,व्यस्त काम?,0,contradictory_label_conflict,Text exists under both HAM (0) and SPAM (1) across 1506 rows,
25349,आखिर में खाना बनाना चाहते हो?,0,contradictory_label_conflict,Text exists under both HAM (0) and SPAM (1) across 1506 rows,
25365,आप उसके नाम का उच्चारण कैसे गंभीरता से लेते हैं?,0,contradictory_label_conflict,Text exists under both HAM (0) and SPAM (1) across 1506 rows,
25400,मैं एक और 2 में पहुंच रहा हूँ.,0,contradictory_label_conflict,Text exists under both HAM (0) and SPAM (1) across 34 rows,2
25401,के. मैं इसे फिर से भेज देंगे,0,contradictory_label_conflict,Text exists under both HAM (0) and SPAM (1) across 1506 rows,
25416,एक रात के लिए आपका रिकॉर्ड क्या है?,0,contradictory_label_conflict,Text exists under both HAM (0) and SPAM (1) across 1506 rows,
25423,YES! शहर में रोमांचक वयस्कों से मिलने के लिए केवल एक ही जगह अब यूके. टी. वी.,1,contradictory_label_conflict,Text exists under both HAM (0) and SPAM (1) across 2 rows,yes
25503,मैंने उस सामान की जाँच की और देखा कि इसकी कोई उपलब्ध जगह नहीं है ।,0,contradictory_label_conflict,Text exists under both HAM (0) and SPAM (1) across 1506 rows,
25560,आप एक अच्छा दिन था आशा है. एक बेहतर रात है.,0,contradictory_label_conflict,Text exists under both HAM (0) and SPAM (1) across 1506 rows,
25572,"बस कुछ गैस पैसे मिला, कोई मौका आप और गिरोह एक शानदार प्रकृति जोखिम पर जाना चाहते हैं?",0,contradictory_label_conflict,Text exists under both HAM (0) and SPAM (1) across 1506 rows,
25606,अमरीका उस पुराने व्यापार याद नहीं है?,0,contradictory_label_conflict,Text exists under both HAM (0) and SPAM (1) across 1506 rows,
25655,"काम नहीं करता लेकिन तत्त्वज्ञान की आँखों में देख रहा हूँ, इसलिए बाद में जब गपशप के लिए कुछ और आज़ाद हो जाएगा...",0,contradictory_label_conflict,Text exists under both HAM (0) and SPAM (1) across 1506 rows,
25662,मोड पुरुषों या आप छोड़ दिया है.,0,contradictory_label_conflict,Text exists under both HAM (0) and SPAM (1) across 1506 rows,
25704,मुझे पहले घर जाने के लिए क्षमा करें... पिताजी बाद में लाने आते हैं...,0,contradictory_label_conflict,Text exists under both HAM (0) and SPAM (1) across 1506 rows,
25731,तो इतना शोर मेरे यहाँ सब किस्म की तरह मेरे यहाँ.,0,contradictory_label_conflict,Text exists under both HAM (0) and SPAM (1) across 1506 rows,
25732,"मेरे लिए दरवाजे पाने के लिए किसी को की जरूरत है जब तुम वापस आ रहे हैं और मैं द्वारा झूल रहा हूँ,",0,contradictory_label_conflict,Text exists under both HAM (0) and SPAM (1) across 1506 rows,
25774,क्या मैं सिर्फ एक ही उपाय नहीं कर रहा हूँ?,0,contradictory_label_conflict,Text exists under both HAM (0) and SPAM (1) across 1506 rows,
25784,हकी एक्सिन में है।,0,contradictory_label_conflict,Text exists under both HAM (0) and SPAM (1) across 1506 rows,
25827,"हाँ, लेकिन वे इसे कहा.",0,contradictory_label_conflict,Text exists under both HAM (0) and SPAM (1) across 1506 rows,
25851,यह संदेश मुक्त है. नए सेक्स व वीगल क्लब में आपका स्वागत है! इस सेवा जवाब से स्वीकार करने के लिए स्वीकार करें.,1,contradictory_label_conflict,Text exists under both HAM (0) and SPAM (1) across 1506 rows,
25861,"आह, देख, तुझे लिंको में होना है; मैं तुझे पृथ्वी पर ज्ञान लेने दूंगा, जब वह पूरा हो जाएगा!",0,contradictory_label_conflict,Text exists under both HAM (0) and SPAM (1) across 1506 rows,
25868,तो क्या तुम (इतना भी) ग़ौर नहीं करते,0,contradictory_label_conflict,Text exists under both HAM (0) and SPAM (1) across 1506 rows,
25903,हा! मैं नहीं कहता कि मैं बस एक तरह से लग रहा था कुछ भी नहीं पढ़ा था. मैं 2 निर्णय की तरह नहीं है....,0,contradictory_label_conflict,Text exists under both HAM (0) and SPAM (1) across 34 rows,2
25960,मुस्कुराकर बैठ गए?,0,contradictory_label_conflict,Text exists under both HAM (0) and SPAM (1) across 1506 rows,
25961,हम रात के खाने के लिए बाहर जा सकता है सोचा. मैं आपको इलाज करेंगे! ठीक है?,0,contradictory_label_conflict,Text exists under both HAM (0) and SPAM (1) across 1506 rows,
26004,मुझे लगता है कि टर्टन निश्चित रूप से एक बत्ती मिलती है:),0,contradictory_label_conflict,Text exists under both HAM (0) and SPAM (1) across 1506 rows,
26015,"बेबे, तुम्हारे पास पर्याप्त पैसा है रोटी और दूध लेने के लिए? और मैं तुम्हें वापस दे देंगे जब आप घर मिलता है?",0,contradictory_label_conflict,Text exists under both HAM (0) and SPAM (1) across 1506 rows,
26035,इंटरव्यू में क्या हुआ?,0,contradictory_label_conflict,Text exists under both HAM (0) and SPAM (1) across 1506 rows,
26094,वेवैट बात करने के लिए हुआ,0,contradictory_label_conflict,Text exists under both HAM (0) and SPAM (1) across 1506 rows,
26128,कितना मैं तुम्हें दे दिया.,0,contradictory_label_conflict,Text exists under both HAM (0) and SPAM (1) across 1506 rows,
26154,नहीं वह नहीं था. वसंत जल्दी आ रहा है!,0,contradictory_label_conflict,Text exists under both HAM (0) and SPAM (1) across 1506 rows,
26179,कई बातों के लिए इसके मल को और इसे छाती के पेट और हृदय के संक्रमण के लिए प्रयोग किया जा सकता है ।,0,contradictory_label_conflict,Text exists under both HAM (0) and SPAM (1) across 1506 rows,
26214,हाँ,0,contradictory_label_conflict,Text exists under both HAM (0) and SPAM (1) across 1506 rows,
26268,"वह, तुम लोग बंद करेंगे?",0,contradictory_label_conflict,Text exists under both HAM (0) and SPAM (1) across 1506 rows,
26313,उष्णकटिबंधी दुनिया में केवल एक चीज बन गई है जो बहुत सी यादों के साथ रह रही है!,0,contradictory_label_conflict,Text exists under both HAM (0) and SPAM (1) across 1506 rows,
26332,"मैं सिर्फ घर के बच्चे मिल गया, तुम अब भी जाग रहे हो?",0,contradictory_label_conflict,Text exists under both HAM (0) and SPAM (1) across 1506 rows,
26343,मैं ई हूँ जो ईएसएम सर्वेक्षण कर रहा है...,0,contradictory_label_conflict,Text exists under both HAM (0) and SPAM (1) across 1506 rows,
26358,हम्म. लेकिन आप इसे एक दिन देना चाहिए.,0,contradictory_label_conflict,Text exists under both HAM (0) and SPAM (1) across 1506 rows,
26414,मैं कुछ लोगों को पता है मैं कर सकते हैं और हाँ के लिए बकवास कर सकते हैं,0,contradictory_label_conflict,Text exists under both HAM (0) and SPAM (1) across 1506 rows,
26541,"मेरा विश्वास करो, अगर वहाँ नहीं है, तो भी वहाँ है.",0,contradictory_label_conflict,Text exists under both HAM (0) and SPAM (1) across 1506 rows,
26547,"नहीं तुम वहाँ मदद नहीं कर सकते, मैं एक आईफोन नहीं था",0,contradictory_label_conflict,Text exists under both HAM (0) and SPAM (1) across 1506 rows,
26595,"ठीक है, तुम मुझे याद है.",0,contradictory_label_conflict,Text exists under both HAM (0) and SPAM (1) across 1506 rows,
26667,मैं अपने घर में एक पूल और जचीली है.,0,contradictory_label_conflict,Text exists under both HAM (0) and SPAM (1) across 1506 rows,
26750,"देखो कल कभी आता है. जब यह आता है, यह आज पहले से ही है. खूबसूरत कल के शिकार में अपने अद्भुत दिन को बर्बाद नहीं करते. शुभ सुबह:",0,contradictory_label_conflict,Text exists under both HAM (0) and SPAM (1) across 1506 rows,
26764,के. क्या तुमने मुझे फोन किया अभी?,0,contradictory_label_conflict,Text exists under both HAM (0) and SPAM (1) across 1506 rows,
26779,"अजीब तथ्य: हालांकि आप सोचते हैं कि हाथ और अंत में एक सहनशीलता का निर्माण होगा या कुछ गंदगी कि वह धूम्रपान करता है, वह 2 हिट की तरह गड़बड़ हो जाता है",0,contradictory_label_conflict,Text exists under both HAM (0) and SPAM (1) across 34 rows,2
26808,* कौन - सा वस्त्र पहने हुए है?,0,contradictory_label_conflict,Text exists under both HAM (0) and SPAM (1) across 1506 rows,
26828,मैं अपनी अनुमति से बाहर आप को छू.,0,contradictory_label_conflict,Text exists under both HAM (0) and SPAM (1) across 1506 rows,
26843,मैं तुमसे बहुत प्यार करता हूँ. मैं हर दिन तुम्हारे साथ खर्च करता हूँ. तुम मुझे इतना खुश कर दो.,0,contradictory_label_conflict,Text exists under both HAM (0) and SPAM (1) across 1506 rows,
26913,आप कैसे हैं?,0,contradictory_label_conflict,Text exists under both HAM (0) and SPAM (1) across 1506 rows,
26919,इस सप्ताह - सर्पिल और माइकल और उनके लिए अच्छी मुक्‍ति!,0,contradictory_label_conflict,Text exists under both HAM (0) and SPAM (1) across 1506 rows,
26953,माँ और बच्चे शानदार तरीके से कर रहे हैं ।,0,contradictory_label_conflict,Text exists under both HAM (0) and SPAM (1) across 1506 rows,
26965,"मुझे बुलाओ, मैं नहीं कर सकता।",0,contradictory_label_conflict,Text exists under both HAM (0) and SPAM (1) across 1506 rows,
26979,साथ ही मैगन आप बाहर गायब कर रहे हैं,0,contradictory_label_conflict,Text exists under both HAM (0) and SPAM (1) across 1506 rows,
27016,हा... अपने आप से गुस्सा मत हो... यह असली बात के लिए एक अभ्यास के रूप में ले लो. =),0,contradictory_label_conflict,Text exists under both HAM (0) and SPAM (1) across 1506 rows,
27046,दर्द आज नीचे आ जाएगा।,0,contradictory_label_conflict,Text exists under both HAM (0) and SPAM (1) across 1506 rows,
27135,नयी कार और घर: हाथ में बस एक नयी नौकरी है:),0,contradictory_label_conflict,Text exists under both HAM (0) and SPAM (1) across 1506 rows,
27147,"""""""मैं क्या करना चाहता हूँ"""" नहीं """"मुझे क्या करना चाहिए.""""""",0,contradictory_label_conflict,Text exists under both HAM (0) and SPAM (1) across 1506 rows,
27195,2 और आधा साल मैं अपनी दोस्ती खो दिया:,0,contradictory_label_conflict,Text exists under both HAM (0) and SPAM (1) across 34 rows,2
27216,साले. अरे कभी अगले प्रसंगों के लिए वोट दिया?,0,contradictory_label_conflict,Text exists under both HAM (0) and SPAM (1) across 1506 rows,
27259,बकवास के लिए ओह...... वह लंबे पते की तरह में है,0,contradictory_label_conflict,Text exists under both HAM (0) and SPAM (1) across 1506 rows,
27263,क्यों एक सप्ताह मुझे लगता है कि समय छोड़ देता है.,0,contradictory_label_conflict,Text exists under both HAM (0) and SPAM (1) across 1506 rows,
27345,"कार की दुकान पर आदमी जो मेरे साथ इश्वर्स नंबर था मिल गया और मुझे फोन किया और फोन किया. मैं अब निश्चित रूप से वह मेरा पता हो सकता है. क्या मैं अपने मालिक को फोन करना चाहिए और उसे बताओ, पता है कि यह उसे निकाला जा सकता है?",0,contradictory_label_conflict,Text exists under both HAM (0) and SPAM (1) across 1506 rows,
27355,अपने रेडियो शो कब होता है?,0,contradictory_label_conflict,Text exists under both HAM (0) and SPAM (1) across 1506 rows,
27397,लोल अब मैं उस गर्म हवा गुब्बारे के बाद हूँ!,0,contradictory_label_conflict,Text exists under both HAM (0) and SPAM (1) across 1506 rows,
27403,"ता- अक्षा! मैं घर का बच्चा हूँ, क्या तुम अब भी ऊपर हो?",0,contradictory_label_conflict,Text exists under both HAM (0) and SPAM (1) across 1506 rows,
27422,मैं घर पर अपने रास्ते पर हूँ।,0,contradictory_label_conflict,Text exists under both HAM (0) and SPAM (1) across 1506 rows,
27423,"मैं उस व्यक्‍ति पर निर्भर करता हूँ जो बाल वाले कपड़े पहने हुए है, लेकिन मेरे माता - पिता कहते हैं कि उप्पू ।",0,contradictory_label_conflict,Text exists under both HAM (0) and SPAM (1) across 1506 rows,
27437,क्या आपने इस सप्ताह से सुना है?,0,contradictory_label_conflict,Text exists under both HAM (0) and SPAM (1) across 1506 rows,
27467,अपने उत्तम उप चेहरा पर रखने के लिए तैयार हो जाओ:),0,contradictory_label_conflict,Text exists under both HAM (0) and SPAM (1) across 1506 rows,
27473,"हा हा भयानक, एक मिनट में वहाँ हो",0,contradictory_label_conflict,Text exists under both HAM (0) and SPAM (1) across 1506 rows,
27493,बस यह उम्मीद करना कि ‘ याद रखने के लिए भी क्रोध नहीं किया गया था और अपनी बहनों या किसी चीज़ के पास चला गया है!,0,contradictory_label_conflict,Text exists under both HAM (0) and SPAM (1) across 1506 rows,
27509,तो मैं खरीदता हूँ.,0,contradictory_label_conflict,Text exists under both HAM (0) and SPAM (1) across 1506 rows,
27518,वास्तव में अच्छा:,0,contradictory_label_conflict,Text exists under both HAM (0) and SPAM (1) across 1506 rows,
27543,"हाँ, करीब तुम एकहा नहीं कर सकते.",0,contradictory_label_conflict,Text exists under both HAM (0) and SPAM (1) across 1506 rows,
27548,"यह ठीक होगा, अब मेरे पास एक व्यर्थ गढ़ है, और आगे बढ़नेवालों की बारी होगी",0,contradictory_label_conflict,Text exists under both HAM (0) and SPAM (1) across 1506 rows,
27557,मेरा मन कहता है कि वहाँ कुछ और बात है ।,0,contradictory_label_conflict,Text exists under both HAM (0) and SPAM (1) across 1506 rows,
27623,आप सिर्फ अच्छा लग रहा है.,0,contradictory_label_conflict,Text exists under both HAM (0) and SPAM (1) across 1506 rows,
27656,भाड़ में जाओ... क्या तुम्हारे साथ हुआ? कैसे तुम वापस कभी नहीं आया?,0,contradictory_label_conflict,Text exists under both HAM (0) and SPAM (1) across 1506 rows,
27727,"यो, मुझे फोन जब तुम मौका मिलता है, मेरे दोस्त मैं एक बड़े आदेश के बारे में आप से पूछना चाहता था",0,contradictory_label_conflict,Text exists under both HAM (0) and SPAM (1) across 1506 rows,
27759,हेये प्यारे दोस्तों... यह मेरा नया विपम्प है.. :..............,0,contradictory_label_conflict,Text exists under both HAM (0) and SPAM (1) across 1506 rows,
27817,कार्लोस कहता है कि हम उससे बाद में उठा सकते हैं तो हाँ हम सेट कर रहे हैं,0,contradictory_label_conflict,Text exists under both HAM (0) and SPAM (1) across 1506 rows,
27966,"हाय, वापस आ गया, आश्चर्य था कि अगर आप शेर या कुछ भी, कुछ भी नहीं",0,contradictory_label_conflict,Text exists under both HAM (0) and SPAM (1) across 1506 rows,
27976,मैं बाहर से मेरा भोजन डा था,0,contradictory_label_conflict,Text exists under both HAM (0) and SPAM (1) across 1506 rows,
28002,"और यह ठीक है, मैं कम से कम रात के सबसे पिछले दोस्त मिल गया है",0,contradictory_label_conflict,Text exists under both HAM (0) and SPAM (1) across 1506 rows,
28137,मैं एक सज्जन हूँ और सम्मान और आप के साथ इलाज होगा.,0,contradictory_label_conflict,Text exists under both HAM (0) and SPAM (1) across 1506 rows,
28180,"जी हाँ, या तो यह या तो था या फिर दोनों!",0,contradictory_label_conflict,Text exists under both HAM (0) and SPAM (1) across 1506 rows,
28297,यो तुम लोगों को पता है कि हम शराब की कितनी जरूरत है? जे और मैं यह पता लगाने की कोशिश कर रहे हैं कि हम कितने सुरक्षित से खर्च कर सकते हैं,0,contradictory_label_conflict,Text exists under both HAM (0) and SPAM (1) across 1506 rows,
28300,कप्तान वो नशे में है :),0,contradictory_label_conflict,Text exists under both HAM (0) and SPAM (1) across 1506 rows,
28344,अब अधिक बेहतर धन्यवाद,0,contradictory_label_conflict,Text exists under both HAM (0) and SPAM (1) across 1506 rows,
28422,मैं तुम्हें भेजा पाठ पढ़ रहा हूँ. इसका मतलब है एक मजाक होना. तो यह उस प्रकाश में पढ़ना,0,contradictory_label_conflict,Text exists under both HAM (0) and SPAM (1) across 1506 rows,
28468,(तुम मुझे से यह नहीं सुना),0,contradictory_label_conflict,Text exists under both HAM (0) and SPAM (1) across 1506 rows,
28487,"""हनीट ने कहा: """"मैं डी वर्ल्ड में मीठा हूँ * परमेश्‍वर ने कहा: """"देखो, रुको, मुझे डी एन एन एन एन टीएटी पढ़ना: यहाँ तक कि परमेश्‍वर कर सकता है!""",0,contradictory_label_conflict,Text exists under both HAM (0) and SPAM (1) across 1506 rows,
28540,मैं वास्तव में यूये याद आती है.,0,contradictory_label_conflict,Text exists under both HAM (0) and SPAM (1) across 1506 rows,
28565,हम कर रहे हैं...,0,contradictory_label_conflict,Text exists under both HAM (0) and SPAM (1) across 1506 rows,
28593,जलन?,0,contradictory_label_conflict,Text exists under both HAM (0) and SPAM (1) across 1506 rows,
28614,इसलिए कि कुछ पैसे की चिंता दूर करता है,0,contradictory_label_conflict,Text exists under both HAM (0) and SPAM (1) across 1506 rows,
28633,"उसे पीने के लिए कुछ दो, अगर वह इसे लेता है और नहीं उगलता है तो तुम उसका राजा ड्रॉप हो सकता है. यदि वह अभ्य्य्य्य मुझे पता है.",0,contradictory_label_conflict,Text exists under both HAM (0) and SPAM (1) across 1506 rows,
28647,लेकिन अगर वह मैं ठीक हूँ शराब.,0,contradictory_label_conflict,Text exists under both HAM (0) and SPAM (1) across 1506 rows,
28649,मैं अपने दोस्तों कि आप अपने दोस्त के रूप में गिनती लगता था कि पूछा.,0,contradictory_label_conflict,Text exists under both HAM (0) and SPAM (1) across 1506 rows,
28656,उड़ान भरने का समय क्या है?,0,contradictory_label_conflict,Text exists under both HAM (0) and SPAM (1) across 1506 rows,
28686,शादी के बंधन को मज़बूत करने के लिए आप क्या कर सकते हैं?,0,contradictory_label_conflict,Text exists under both HAM (0) and SPAM (1) across 1506 rows,
28689,"ठीक है, उसे एक फोन दे अगर वह जानता है कि क्या चाहता है या कोई सवाल है",0,contradictory_label_conflict,Text exists under both HAM (0) and SPAM (1) across 1506 rows,
28738,अब काम में.,0,contradictory_label_conflict,Text exists under both HAM (0) and SPAM (1) across 1506 rows,
28804,"नहीं, लेकिन हम चिकित्सा मिशन करेंगे...",0,contradictory_label_conflict,Text exists under both HAM (0) and SPAM (1) across 1506 rows,
28831,"ओला आज शायद आप के लिए वापस मिल जाएगा लेकिन मैं उसे कहा था कि आप अमेरिका में उसके सीधे लिंक हो सकता है वह ऑनलाइन के लिए आदेश दे रहे हैं, आप निगरानी और आप एक कटौती करने के लिए. या? या एक साझा के लिए?? क्या एक साझेदारी के लिए? क्या वह आराम करने के लिए और वह आराम की परवाह करता है?",0,contradictory_label_conflict,Text exists under both HAM (0) and SPAM (1) across 1506 rows,
28843,जाओबी कला कॉलेज में,0,contradictory_label_conflict,Text exists under both HAM (0) and SPAM (1) across 1506 rows,
28905,और हमने उन्हे टुकड़े-टुकड़े करके रख दिया,0,contradictory_label_conflict,Text exists under both HAM (0) and SPAM (1) across 1506 rows,
28922,कोई भी उनके कलम नाम इस कहानी का नाम नहीं जोड़ता,0,contradictory_label_conflict,Text exists under both HAM (0) and SPAM (1) across 1506 rows,
28988,आप अंगूठी वाला जब ओए,0,contradictory_label_conflict,Text exists under both HAM (0) and SPAM (1) across 1506 rows,
29172,और परमेश्‍वर का शुक्र मानो ।,0,contradictory_label_conflict,Text exists under both HAM (0) and SPAM (1) across 1506 rows,
29219,पाइया एस्किया मारिया प्रसाद',0,contradictory_label_conflict,Text exists under both HAM (0) and SPAM (1) across 1506 rows,
29349,मेरे परिवार के लिए..,0,contradictory_label_conflict,Text exists under both HAM (0) and SPAM (1) across 1506 rows,
29382,"हाँ तो, तब पर जाओ, ऊब और हताश ब्लिन फोन अंगूठी करने के लिए इंतज़ार कर रहे हैं... आशा है कि हवा चमक, हालांकि, डर",0,contradictory_label_conflict,Text exists under both HAM (0) and SPAM (1) across 1506 rows,
29422,मैं इस महीने के अंत पर देने के लिए विमान.,0,contradictory_label_conflict,Text exists under both HAM (0) and SPAM (1) across 1506 rows,
29451,कोई ब्रेक समय नहीं... कैसे... मैं अपने सामान से बाहर आता हूँ?,0,contradictory_label_conflict,Text exists under both HAM (0) and SPAM (1) across 1506 rows,
29568,अरे कंपनी एर्मा पागल हो.,0,contradictory_label_conflict,Text exists under both HAM (0) and SPAM (1) across 1506 rows,
29612,थॉथ- लैपटॉप को संग्रह करने के बाद डाज़ील को कॉन्फ़िगर करने जा रहा है?,0,contradictory_label_conflict,Text exists under both HAM (0) and SPAM (1) across 1506 rows,
29620,"हाँ, हम हमारे लिए एक कतार हो गया",0,contradictory_label_conflict,Text exists under both HAM (0) and SPAM (1) across 1506 rows,
29695,"हाँ, हम शायद एक बार जब मेरी रूमी लड़की के साथ समाप्त हो सकता है",0,contradictory_label_conflict,Text exists under both HAM (0) and SPAM (1) across 1506 rows,
29725,"मुझे नहीं लगता कि मैं शहर में परिवार के साथ लंबे समय तक यात्रा के लिए दूर हो सकता है, खेद है",0,contradictory_label_conflict,Text exists under both HAM (0) and SPAM (1) across 1506 rows,
29747,बैल जल्दी से यह उत्पन्न हो जाता है.,0,contradictory_label_conflict,Text exists under both HAM (0) and SPAM (1) across 1506 rows,
29836,अमरीका को मुझे बहुत अच्छी तरह से पता नहीं होना चाहिए...,0,contradictory_label_conflict,Text exists under both HAM (0) and SPAM (1) across 1506 rows,
29912,"के, क्या आज रात ऐसा हो सकता है?",0,contradictory_label_conflict,Text exists under both HAM (0) and SPAM (1) across 1506 rows,
29941,आदमी इस बस इतना धीमा है. मुझे लगता है कि तुम वहाँ मिल रहे हैं मेरे सामने,0,contradictory_label_conflict,Text exists under both HAM (0) and SPAM (1) across 1506 rows,
30045,Yes...,0,contradictory_label_conflict,Text exists under both HAM (0) and SPAM (1) across 2 rows,yes
30096,"ओह, मुझे लगा तुम पागल हो.",0,contradictory_label_conflict,Text exists under both HAM (0) and SPAM (1) across 1506 rows,
30101,"अगर आपको और ज़्यादा जानने की ज़रूरत है, तो रीचमेंट ।",0,contradictory_label_conflict,Text exists under both HAM (0) and SPAM (1) across 1506 rows,
30111,नहीं जल्दी. मैं काम नहीं कर रहा हूँ. मैं स्कूल में हूँ तो अगर हम जल्दी से भूखे जाना.,0,contradictory_label_conflict,Text exists under both HAM (0) and SPAM (1) across 1506 rows,
30265,मैं हर रात तुझे प्रसन्‍न करना चाहता हूं; तेरी इच्छा है कि...,0,contradictory_label_conflict,Text exists under both HAM (0) and SPAM (1) across 1506 rows,
30283,"बहुत बहुत धन्यवाद. जब हम आकाश तेज और सूरा, हम आपकी कंपनी की खुशी नहीं मिला था. आशा है कि आप अच्छा हैं. हम आपको दिया गया है ओह! हम एक बोरो के लिए गणना कर रहे हैं. आनंद! यह संदेश मैं भेजा दिन पहले भेजा गया था.",0,contradictory_label_conflict,Text exists under both HAM (0) and SPAM (1) across 1506 rows,
30387,फिर से बदलें... यह ई-साइट करने के लिए एक अगली बार है...,0,contradictory_label_conflict,Text exists under both HAM (0) and SPAM (1) across 1506 rows,
30409,फिर आगे की योजना के बारे में क्या?,0,contradictory_label_conflict,Text exists under both HAM (0) and SPAM (1) across 1506 rows,
30481,रात के खाने के लिए जा रहे हो.,0,contradictory_label_conflict,Text exists under both HAM (0) and SPAM (1) across 1506 rows,
30529,कुछ भी लामर...,0,contradictory_label_conflict,Text exists under both HAM (0) and SPAM (1) across 1506 rows,
30534,चीन के बारे में भी मैं कुछ गीत अपलोड करता हूँ,0,contradictory_label_conflict,Text exists under both HAM (0) and SPAM (1) across 1506 rows,
30546,मुझे फिर से बताओ कि आपका पता क्या है,0,contradictory_label_conflict,Text exists under both HAM (0) and SPAM (1) across 1506 rows,
30652,आप छोड़ने में क्या किया.,0,contradictory_label_conflict,Text exists under both HAM (0) and SPAM (1) across 1506 rows,
30732,हैलो मैडम तुम कैसे हो?,0,contradictory_label_conflict,Text exists under both HAM (0) and SPAM (1) across 1506 rows,
30798,मुझे लगता है कि मैं तय कर लिया है आप एक जांच संदेश भेज सकते हैं?,0,contradictory_label_conflict,Text exists under both HAM (0) and SPAM (1) across 1506 rows,
30880,दिल्ली और हंगेनेई अब भी चुप हैं.,0,contradictory_label_conflict,Text exists under both HAM (0) and SPAM (1) across 1506 rows,
30894,"वार्ट टाइम, जहां अभी भी मिला है.",0,contradictory_label_conflict,Text exists under both HAM (0) and SPAM (1) across 1506 rows,
30907,मैं यह अपने समूह साथी है... भाग्यी जवाब है... वाट समय बाहर जाने की जरूरत है...,0,contradictory_label_conflict,Text exists under both HAM (0) and SPAM (1) across 1506 rows,
30925,अब मैं अपने घर जा रहा हूँ...,0,contradictory_label_conflict,Text exists under both HAM (0) and SPAM (1) across 1506 rows,
30941,"विश्‍व दर्शन सुनने, संगीत वम्प सुनने; ईव में मंदिर व धर्म; गिरजे जाना पड़ा ।",0,contradictory_label_conflict,Text exists under both HAM (0) and SPAM (1) across 1506 rows,
30971,क्या तुम्हारे पास एक अच्छा जन्मदिन है? जब यू. डी. एम.,0,contradictory_label_conflict,Text exists under both HAM (0) and SPAM (1) across 1506 rows,
31001,एक कड़ा आप अभी भी पैसे प्राप्त करना चाहते हैं,0,contradictory_label_conflict,Text exists under both HAM (0) and SPAM (1) across 1506 rows,
31039,"चिंता मत करो, मुझे लगता है कि वह व्यस्त है.",0,contradictory_label_conflict,Text exists under both HAM (0) and SPAM (1) across 1506 rows,
31066,अमरीका को लेने के लिए मिलता है।,0,contradictory_label_conflict,Text exists under both HAM (0) and SPAM (1) across 1506 rows,
31130,मैं उम्मीद कर रहा था कि मैं तुम्हें यह संदेश नहीं भेज सकता था. मेरे किराया के लिए पर्याप्त है और मैं इसके लिए पर्याप्त है. मेरे अतिरिक्त पूरी तरह से चला गया है. उसके ऋण की जरूरत है और तुम उम्मीद है कि वह कर सकता है.,0,contradictory_label_conflict,Text exists under both HAM (0) and SPAM (1) across 1506 rows,
31206,हाय तुम कहाँ हो.,0,contradictory_label_conflict,Text exists under both HAM (0) and SPAM (1) across 1506 rows,
31232,"विश्‍वास से काम संभव होता है, आशा की बातें काम करती हैं, प्रेमी बातें सुंदर बनाता है, हो सकता है कि आपके पास तीन क्रिसमस है!",0,contradictory_label_conflict,Text exists under both HAM (0) and SPAM (1) across 1506 rows,
31233,आन्‍ना,0,contradictory_label_conflict,Text exists under both HAM (0) and SPAM (1) across 1506 rows,
31245,यह एक ही यहाँ नहीं है. अब भी एक नौकरी की तलाश में है. कितना ता की कमाई वहाँ है.,0,contradictory_label_conflict,Text exists under both HAM (0) and SPAM (1) across 1506 rows,
31267,"नहीं, वह अपने आप में शामिल हो गया.",0,contradictory_label_conflict,Text exists under both HAM (0) and SPAM (1) across 1506 rows,
31273,लेकिन शब्द शायद कई बार निराश हो जाएँ ।,0,contradictory_label_conflict,Text exists under both HAM (0) and SPAM (1) across 1506 rows,
31296,एक्स से अधिक...,0,contradictory_label_conflict,Text exists under both HAM (0) and SPAM (1) across 1506 rows,
31311,कितना खर्च होगा एक हिटमैन का भुगतान करने के लिए,0,contradictory_label_conflict,Text exists under both HAM (0) and SPAM (1) across 1506 rows,
31362,मेरे दोपहर के भोजन में खाओ...,0,contradictory_label_conflict,Text exists under both HAM (0) and SPAM (1) across 1506 rows,
31367,और अब मेरे लिए मुस्कुराते हुए जब आप और दुनिया के बारे में आप क्या मुस्कुरा रहे हैं आश्चर्य होगा और अपने पागल के बारे में सोच रहे हैं और आप से दूर रहते हैं... *,0,contradictory_label_conflict,Text exists under both HAM (0) and SPAM (1) across 1506 rows,
31423,"क्षमा करें, ऊपर फोन छोड़ दिया. ठीक है, आराम से हो सकता है लेकिन मेरे सभी पक्षी एक-दूसरे के साथ उत्सुक हो जाते हैं. यह एक तारीख है.",0,contradictory_label_conflict,Text exists under both HAM (0) and SPAM (1) across 1506 rows,
31430,"अगर मैं तुम्हें यह करने दो, मैं आप 8 बजे घर में चाहते हैं.",0,contradictory_label_conflict,Text exists under both HAM (0) and SPAM (1) across 10 rows,8
31491,"मैं कैसे काम तलाश जाता है? मैं और आप हमेशा के रूप में, मेरे प्यार के रूप में मेरी पहली सोचा कर रहे हैं. मैं तुम्हारी अच्छी और खुश और मुझे पता है कि मैं तुम को दण्डवत्‌ करना चाहते हैं!",0,contradictory_label_conflict,Text exists under both HAM (0) and SPAM (1) across 1506 rows,
31619,Ã°ÂÂÂÃ°ÂÂÂ,0,contradictory_label_conflict,Text exists under both HAM (0) and SPAM (1) across 1506 rows,
31711,उसने कहा कि वह एक सही गाँजा था जब उसने फिर से देखा!,0,contradictory_label_conflict,Text exists under both HAM (0) and SPAM (1) across 1506 rows,
31807,"यह अच्छा है, क्योंकि मैं दवाओं की जरूरत है",0,contradictory_label_conflict,Text exists under both HAM (0) and SPAM (1) across 1506 rows,
31814,क्या प्रिय मुझे बताता है,0,contradictory_label_conflict,Text exists under both HAM (0) and SPAM (1) across 1506 rows,
31857,आह.,0,contradictory_label_conflict,Text exists under both HAM (0) and SPAM (1) across 1506 rows,
32002,"मुझे आश्चर्य है कि अगर आपका फोन बैटरी मर गया था? मैं तुम्हें बताना था, मैं तुम्हें बालक प्यार करता हूँ",0,contradictory_label_conflict,Text exists under both HAM (0) and SPAM (1) across 1506 rows,
32226,"उह, पहले से ही भागो फिर से आधा मृत वापस... हे...",0,contradictory_label_conflict,Text exists under both HAM (0) and SPAM (1) across 1506 rows,
32266,1 घर पर मुझे फोन करते हैं.,0,contradictory_label_conflict,Text exists under both HAM (0) and SPAM (1) across 5 rows,1
32395,मैं तुम्हें खुश करना चाहता हूँ...,0,contradictory_label_conflict,Text exists under both HAM (0) and SPAM (1) across 1506 rows,
32425,"जापानी प्रोग्रेजी: यदि कोई यह कर सकता है, अमेरिका भी यह कर सकता है, अगर कोई इसे कर सकता है, अगर कोई इसे नहीं कर सकता, भारतीय संस्करण यह कर सकते हैं. यदि कोई यह कर सकता है, उसे ऐसा कर सकते हैं. यदि कोई नहीं कर सकता है, तो इसे कर सकते हैं!",0,contradictory_label_conflict,Text exists under both HAM (0) and SPAM (1) across 1506 rows,
32528,"मैं तुम्हें दुनिया, राजकुमारी दिखाने के लिए करना चाहते हैं :",0,contradictory_label_conflict,Text exists under both HAM (0) and SPAM (1) across 1506 rows,
32529,क्या सबसे ज्यादा भाषण खत्म हो गया है?,0,contradictory_label_conflict,Text exists under both HAM (0) and SPAM (1) across 1506 rows,
32549,आज के हालात भी कुछ ऐसे ही हैं ।,0,contradictory_label_conflict,Text exists under both HAM (0) and SPAM (1) across 1506 rows,
32559,तुम अपने कमरे में?,0,contradictory_label_conflict,Text exists under both HAM (0) and SPAM (1) across 1506 rows,
32687,अच्छा नींद शांत करने के बारे में है. व्यक्ति को एक स्वर स्थापित करना होगा कि शरीर सीख जाएगा और प्रयोग करेगा. यदि आप अधिक जानना चाहते हैं: -),0,contradictory_label_conflict,Text exists under both HAM (0) and SPAM (1) across 1506 rows,
32706,.. अब मैं बस में हूँ.. अगर मैं जल्द ही आ जाएगा अन्यथा कल आ जाएगा,0,contradictory_label_conflict,Text exists under both HAM (0) and SPAM (1) across 1506 rows,
32725,वॉट कुछ लोगों को प्रिय बना देता है जब उनकी मुलाक़ात होती है लेकिन जब यू. डी. डी. डी. डी.,0,contradictory_label_conflict,Text exists under both HAM (0) and SPAM (1) across 1506 rows,
32787,आप के साथ इसे ले जाओ एक चाल.,0,contradictory_label_conflict,Text exists under both HAM (0) and SPAM (1) across 1506 rows,
32795,किसी और बात पर किसी भी दर्द?,0,contradictory_label_conflict,Text exists under both HAM (0) and SPAM (1) across 1506 rows,
32852,मुझे पता है कि मेरे दोस्त ने पहले ही कहा था.,0,contradictory_label_conflict,Text exists under both HAM (0) and SPAM (1) across 1506 rows,
32883,"हाँ, वह आने में सक्षम हो सकता है",0,contradictory_label_conflict,Text exists under both HAM (0) and SPAM (1) across 1506 rows,
32933,"""""""अरे वह मुझे रोक रहा है कभी बंद करने के लिए जा रहा है? """"क्योंकि मैं जब भी मैं चाहता हूँ तुम तंग हो क्योंकि जब मैं तुम्हें तंग कर रहे हैं... * """"हंसना *""",0,contradictory_label_conflict,Text exists under both HAM (0) and SPAM (1) across 1506 rows,
32942,जी हाँ: यहाँ टी. वी.,0,contradictory_label_conflict,Text exists under both HAM (0) and SPAM (1) across 1506 rows,
32972,यह कागज़ कैसा है?,0,contradictory_label_conflict,Text exists under both HAM (0) and SPAM (1) across 1506 rows,
32995,अब स्नान ले लेकिन हाँ मैं छोड़ देंगे जब मैं कर रहा हूँ,0,contradictory_label_conflict,Text exists under both HAM (0) and SPAM (1) across 1506 rows,
33029,कैसे मेरा आईपी पता परीक्षण करता है कि मेरे कंप्यूटर पर विचार करना मेरी धूर्त सर्वर नहीं है,0,contradictory_label_conflict,Text exists under both HAM (0) and SPAM (1) across 1506 rows,
33110,"के., अगर यू. एस.",0,contradictory_label_conflict,Text exists under both HAM (0) and SPAM (1) across 1506 rows,
33116,तुम सब कल * के लिए तैयार हो?,0,contradictory_label_conflict,Text exists under both HAM (0) and SPAM (1) across 1506 rows,
33127,शायद बाद में हो सकता है ।,0,contradictory_label_conflict,Text exists under both HAM (0) and SPAM (1) across 1506 rows,
33136,आमतौर पर मुझे सूरा बताने में मदद करता है कि मैं एक बैटरी की उम्मीद कर रहा हूँ हॉर्ट से. और यह भी है कि अगर हम चाहते हैं मुझे फिल्म देखने के बारे में एक संदेश भेजना चाहिए. धन्यवाद.,0,contradictory_label_conflict,Text exists under both HAM (0) and SPAM (1) across 1506 rows,
33160,"अपने फोन फिर से, आप मेरा चेहराबुक है नहीं देखा?",0,contradictory_label_conflict,Text exists under both HAM (0) and SPAM (1) across 1506 rows,
33172,यह कैसा लग रहा है?,0,contradictory_label_conflict,Text exists under both HAM (0) and SPAM (1) across 1506 rows,
33209,सप्ताह अंत करने की कोशिश करें कोरबार में.,0,contradictory_label_conflict,Text exists under both HAM (0) and SPAM (1) across 1506 rows,
33234,"क्षमा करें, मैं बाद में बैठक में फोन करेंगे",0,contradictory_label_conflict,Text exists under both HAM (0) and SPAM (1) across 1506 rows,
33421,"Lol... ओह नहीं, मैं आधी रात के बाद अपने स्थान में चला जा रहा था, लेकिन निमंत्रण के लिए धन्यवाद",0,contradictory_label_conflict,Text exists under both HAM (0) and SPAM (1) across 5 rows,lol
33457,मैं आप किसी भी के रूप में एक बहाना के रूप में अच्छा हो सकता है लगता है.,0,contradictory_label_conflict,Text exists under both HAM (0) and SPAM (1) across 1506 rows,
33501,हाल ही में एक बहुत साटावेट को देख रहे थे,0,contradictory_label_conflict,Text exists under both HAM (0) and SPAM (1) across 1506 rows,
33505,एक बार मुक्त फोन मुझे सर.,0,contradictory_label_conflict,Text exists under both HAM (0) and SPAM (1) across 1506 rows,
33533,गिल्डमग्वे एक अच्छा दिन,0,contradictory_label_conflict,Text exists under both HAM (0) and SPAM (1) across 1506 rows,
33616,"हाँ शायद, मैं अभी भी लीओ के साथ बाहर जाँच होगा",0,contradictory_label_conflict,Text exists under both HAM (0) and SPAM (1) across 1506 rows,
33621,"हे बेबे, वह दिन कैसे चला जाता है? तुम क्या कर रहे हो? मैं अपने कप्पो को चूसता हूँ और आप के बारे में सोचता हूँ, मेरा प्यार... मैं आपको समुद्र के पार से एक चुंबन देता हूँ.",0,contradictory_label_conflict,Text exists under both HAM (0) and SPAM (1) across 1506 rows,
33630,यकीन है लेकिन क्योंकि मेरे माता पिता मंगलवार को काम कर रहे हैं...... मैं वास्तव में एक कवर कहानी की जरूरत नहीं है,0,contradictory_label_conflict,Text exists under both HAM (0) and SPAM (1) across 1506 rows,
33649,"बस इसे देखा और जोड़ना सोमवार को वापस चला जाता है, उसे होने के लिए चूसता है",0,contradictory_label_conflict,Text exists under both HAM (0) and SPAM (1) across 1506 rows,
33650,अरे तुम्हारे आसपास? मैं एक आधा + दस के लिए पर्याप्त मिल गया है मैं आप देने के लिए,0,contradictory_label_conflict,Text exists under both HAM (0) and SPAM (1) across 1506 rows,
33664,हम अंत में फ़ी तैयार कर रहे हैं,0,contradictory_label_conflict,Text exists under both HAM (0) and SPAM (1) across 1506 rows,
33692,"ओह! एक आधा घंटे कनाडा से अधिक हो गया है, ना? वाह, आप सभी उस अतिरिक्त समय के साथ एक दिन में इतना अधिक काम करना चाहिए!",0,contradictory_label_conflict,Text exists under both HAM (0) and SPAM (1) across 1506 rows,
33738,आप अभी भी महान प्राथमिक में?,0,contradictory_label_conflict,Text exists under both HAM (0) and SPAM (1) across 1506 rows,
33739,हे भगवान कब निकल सकता है?,0,contradictory_label_conflict,Text exists under both HAM (0) and SPAM (1) across 1506 rows,
33750,सीधे पीछे नहीं...,0,contradictory_label_conflict,Text exists under both HAM (0) and SPAM (1) across 1506 rows,
33759,निश्‍चित ही परिणाम दिया जाएगा:,0,contradictory_label_conflict,Text exists under both HAM (0) and SPAM (1) across 1506 rows,
33765,मैं छपाई बाहर भेज दिया है।,0,contradictory_label_conflict,Text exists under both HAM (0) and SPAM (1) across 1506 rows,
33843,"""लेकिन लघु: """"एक अच्छा इंसान बनो, लेकिन इसे साबित करने की कोशिश मत करो.""",0,contradictory_label_conflict,Text exists under both HAM (0) and SPAM (1) across 1506 rows,
33868,"चेक, टिक, चेक... बेबे",0,contradictory_label_conflict,Text exists under both HAM (0) and SPAM (1) across 1506 rows,
33887,टैंक में ड्रॉप नहीं,0,contradictory_label_conflict,Text exists under both HAM (0) and SPAM (1) across 1506 rows,
33891,मैं सोच रहा था कि अगर आप सभी को एक साथ पाने की योजना बना रहे हैं हम जाने के लिए. एक मुलाकात और विषय की तरह नमस्कार?,0,contradictory_label_conflict,Text exists under both HAM (0) and SPAM (1) across 1506 rows,
33902,मैं फिर से मध्य स्कूल से आया और वह काम कर रहा है बाहर चला जाता है!,0,contradictory_label_conflict,Text exists under both HAM (0) and SPAM (1) across 1506 rows,
33936,मुझे कुछ रोमांचक हुआ है? मुझे बताओ कि वहाँ क्या हुआ है?,0,contradictory_label_conflict,Text exists under both HAM (0) and SPAM (1) across 1506 rows,
33942,"यो, खेल लगभग खत्म हो गया?",0,contradictory_label_conflict,Text exists under both HAM (0) and SPAM (1) across 1506 rows,
33990,खुद को मत दिखाइए ।,0,contradictory_label_conflict,Text exists under both HAM (0) and SPAM (1) across 1506 rows,
34027,यह उम्मीद है कि आप अपने खेल का कल आनंद ले रहे हैं. माफ करना मैं संपर्क में नहीं किया गया है लेकिन शानदार जानता है कि आप प्रिय हैं बंद. एक महान सप्ताह अबाला.,0,contradictory_label_conflict,Text exists under both HAM (0) and SPAM (1) across 1506 rows,
34060,हाँ. पिछला अभ्यास,0,contradictory_label_conflict,Text exists under both HAM (0) and SPAM (1) across 1506 rows,
34115,"हाँ वहाँ काफी कुछ छोड़ दिया है, मैं कल से झूलूंगा जब मैं उठ रहा हूँ",0,contradictory_label_conflict,Text exists under both HAM (0) and SPAM (1) across 1506 rows,
34137,मैं पद में हूं; क्या बात है? मुझे अब बुला ले।,0,contradictory_label_conflict,Text exists under both HAM (0) and SPAM (1) across 1506 rows,
34168,तो इस के बारे में क्या.,0,contradictory_label_conflict,Text exists under both HAM (0) and SPAM (1) across 1506 rows,
34185,आप हालांकि ईंट का एक बकवास लोड मिला है,0,contradictory_label_conflict,Text exists under both HAM (0) and SPAM (1) across 1506 rows,
34189,कैसे आप एक तरह से पता चला है कि इन सभी विवरण शामिल नहीं किया,0,contradictory_label_conflict,Text exists under both HAM (0) and SPAM (1) across 1506 rows,
34197,कहानी बंद करो. मैंने उसे बताया है कि मैं इसे वापस कर चुका हूँ और वह कह रहा है कि मैं इसे फिर से आदेश नहीं करना चाहिए.,0,contradictory_label_conflict,Text exists under both HAM (0) and SPAM (1) across 1506 rows,
34250,मैं सिर्फ एक पार्टी के कप्तान सोयिंग देखा इतना हाँ,0,contradictory_label_conflict,Text exists under both HAM (0) and SPAM (1) across 1506 rows,
34308,एक बलोलोलो बोलो मैं पहला कटोरा याद होगा,0,contradictory_label_conflict,Text exists under both HAM (0) and SPAM (1) across 1506 rows,
34358,और मैं भी उसे एक जोड़ी बार बाहर उड़ा दिया है हाल ही में तो आईडी से नहीं बल्कि उसे हम के लिए नीला देख से पाठ नहीं है,0,contradictory_label_conflict,Text exists under both HAM (0) and SPAM (1) across 1506 rows,
34370,ओकआई मैं रेलवे के रास्ते पर हूँ,0,contradictory_label_conflict,Text exists under both HAM (0) and SPAM (1) across 1506 rows,
34383,फिर भी मैं कक्षा में हूँ तुम इसे ठीक से बनाने के लिए पानी नहीं चला सकते।,0,contradictory_label_conflict,Text exists under both HAM (0) and SPAM (1) across 1506 rows,
34384,आप मुझे परेशान नहीं कर रहे हैं लेकिन आप मेरे उत्तर पर भरोसा करने के लिए है.,0,contradictory_label_conflict,Text exists under both HAM (0) and SPAM (1) across 1506 rows,
34394,बहुत से कंपनी हैं. मुझे भाषा बताओ.,0,contradictory_label_conflict,Text exists under both HAM (0) and SPAM (1) across 1506 rows,
34429,अरे और मैं समुद्र दृश्य के लिए जा रहे हैं और मैं समलैंगिकों के एक जोड़े के साथ मैं मतलब खेल! मुझे एक घंटी दे जब फिर खत्म हो.,0,contradictory_label_conflict,Text exists under both HAM (0) and SPAM (1) across 1506 rows,
34456,एस... प्रशिक्षण मैनुअल से यह दिखाता है कि वहाँ कोई तकनीक प्रक्रिया नहीं है: पासवर्ड रीसेट करने और मुसीबतों के बारे में सभी बताता है:),0,contradictory_label_conflict,Text exists under both HAM (0) and SPAM (1) across 1506 rows,
34458,संज्ञा अनुसंधान का बहुवचन क्या है?,0,contradictory_label_conflict,Text exists under both HAM (0) and SPAM (1) across 1506 rows,
34481,"वाह, बहुत स्वस्थ. पुराने हवाई अड्डे जर. कुछ और की तुलना में कुछ भी. लेकिन मैं अपने कुत्ते को बाद में धो दूँगा.",0,contradictory_label_conflict,Text exists under both HAM (0) and SPAM (1) across 1506 rows,
34515,वहाँ क्या कर रहे हैं वाट यू.,0,contradictory_label_conflict,Text exists under both HAM (0) and SPAM (1) across 1506 rows,
34557,"बस सोच रहे थे, दूसरों ने बस बंद ले लिया",0,contradictory_label_conflict,Text exists under both HAM (0) and SPAM (1) across 1506 rows,
34572,आमतौर पर देवता रहता है.,0,contradictory_label_conflict,Text exists under both HAM (0) and SPAM (1) across 1506 rows,
34585,नरक की आग!,0,contradictory_label_conflict,Text exists under both HAM (0) and SPAM (1) across 1506 rows,
34592,क्लोयामो? और कुछ पैसा वापस मिलता है?,0,contradictory_label_conflict,Text exists under both HAM (0) and SPAM (1) across 1506 rows,
34593,और कहाँ...,0,contradictory_label_conflict,Text exists under both HAM (0) and SPAM (1) across 1506 rows,
34635,"ठीक है, बस समझ में आया कि मैं क्या कर रहा हूँ कहते हैं!",0,contradictory_label_conflict,Text exists under both HAM (0) and SPAM (1) across 1506 rows,
34696,वह ठीक है. आप से सुनने के लिए अच्छा है. आप मेरे प्रिय हैं? खुश नए साल ओह.,0,contradictory_label_conflict,Text exists under both HAM (0) and SPAM (1) across 1506 rows,
34716,"पश्‍चिम खजूर से लीपा को वापस लाने के लिए, तुम सुन रहे हो क्या हुआ?",0,contradictory_label_conflict,Text exists under both HAM (0) and SPAM (1) across 1506 rows,
34808,वेना कुछ कला करते हैं?,0,contradictory_label_conflict,Text exists under both HAM (0) and SPAM (1) across 1506 rows,
34815,उस दिन याद करो.,0,contradictory_label_conflict,Text exists under both HAM (0) and SPAM (1) across 1506 rows,
34834,"अगर वह इसका इस्तेमाल करता है, तो उसकी पत्नी चाहे या तो डॉक्टर उसका इलाज कर सकती है",0,contradictory_label_conflict,Text exists under both HAM (0) and SPAM (1) across 1506 rows,
34973,"हाँ, बेबी!",0,contradictory_label_conflict,Text exists under both HAM (0) and SPAM (1) across 1506 rows,
34993,हाँ कि मैं मिल गया है लगता है कि प्रभाव है,0,contradictory_label_conflict,Text exists under both HAM (0) and SPAM (1) across 1506 rows,
35005,क्यार मेरा लड़का है?,0,contradictory_label_conflict,Text exists under both HAM (0) and SPAM (1) across 1506 rows,
35007,मुझे लगता है कि यह उससे कहीं अधिक है लेकिन पता है. अपने डोम से एक जगह के लिए लेवेल नक्शे देखें.,0,contradictory_label_conflict,Text exists under both HAM (0) and SPAM (1) across 1506 rows,
35029,"ठीक है, मुझे समझ में आ रहा है.",0,contradictory_label_conflict,Text exists under both HAM (0) and SPAM (1) across 1506 rows,
35090,आप कर रहे हैं?,0,contradictory_label_conflict,Text exists under both HAM (0) and SPAM (1) across 1506 rows,
35169,या यह आंतरिक सब्स प्रदर्शित कर सकते हैं तो मैं उन्हें निकालने के लिए होगा,0,contradictory_label_conflict,Text exists under both HAM (0) and SPAM (1) across 1506 rows,
35173,"हाँ, तो यही कारण है कि क्यों यू. यू. हेओ. हे... आप इतने अधिक से अधिक वितरण करते हैं.",0,contradictory_label_conflict,Text exists under both HAM (0) and SPAM (1) across 1506 rows,
35208,क्यों आप अपने दोस्त को बताने के लिए जाना नहीं है आप यकीन नहीं कर रहे हैं कि आप उसके साथ रहने के लिए चाहते हैं क्योंकि वह बहुत ज्यादा सिगरेट पीते हैं तो उसे धूम्रपान करने के लिए भी घंटों खर्च करते हैं,0,contradictory_label_conflict,Text exists under both HAM (0) and SPAM (1) across 1506 rows,
35272,देरी के लिए क्षमा करें.,0,contradictory_label_conflict,Text exists under both HAM (0) and SPAM (1) across 1506 rows,
35322,लेकिन फिर भी मुझे लगता है कि मैं पागली ग्राहक आवाज को समझने के लिए कुछ भी अनुभव की जरूरत नहीं है...,0,contradictory_label_conflict,Text exists under both HAM (0) and SPAM (1) across 1506 rows,
35410,अब आप सभी सेवाओं को स्वीकार कर रहे हैं. टन सेक्सी बच्चों या अपने फोन के लिए सीधे पागल जाओ!,1,contradictory_label_conflict,Text exists under both HAM (0) and SPAM (1) across 1506 rows,
35529,क्या आप कॉलेज में हैं?,0,contradictory_label_conflict,Text exists under both HAM (0) and SPAM (1) across 1506 rows,
35654,हाँ जावे की तरह एक कमबख्त रीव्ड की,0,contradictory_label_conflict,Text exists under both HAM (0) and SPAM (1) across 1506 rows,
35666,आपके बारे में क्या?,0,contradictory_label_conflict,Text exists under both HAM (0) and SPAM (1) across 1506 rows,
35686,पवित्र जीवन जो आपको इतनी देर ले जा रहा है,0,contradictory_label_conflict,Text exists under both HAM (0) and SPAM (1) across 1506 rows,
35698,के- के- :: - (): फिर कुछ फिल्में देख रहे हैं.,0,contradictory_label_conflict,Text exists under both HAM (0) and SPAM (1) across 1506 rows,
35702,ठीक है बस बैठे हैं.,0,contradictory_label_conflict,Text exists under both HAM (0) and SPAM (1) across 1506 rows,
35764,जूस टीवी देखने समाप्त... यू?,0,contradictory_label_conflict,Text exists under both HAM (0) and SPAM (1) across 1506 rows,
35769,ऐल! माफ करना! मज़ा लो.,0,contradictory_label_conflict,Text exists under both HAM (0) and SPAM (1) across 1506 rows,
35779,उसकी पीठ के नाम पर इसकी सच्चाई,0,contradictory_label_conflict,Text exists under both HAM (0) and SPAM (1) across 1506 rows,
35803,ऊब बस क्लास से बाहर हो गया,0,contradictory_label_conflict,Text exists under both HAM (0) and SPAM (1) across 1506 rows,
35962,मैं अपने कार्यालय में हूँ.,0,contradictory_label_conflict,Text exists under both HAM (0) and SPAM (1) across 1506 rows,
36045,जब वे इसे देखते हैं तो,0,contradictory_label_conflict,Text exists under both HAM (0) and SPAM (1) across 1506 rows,
36062,ओह सब एक ओह आ गया है?,0,contradictory_label_conflict,Text exists under both HAM (0) and SPAM (1) across 1506 rows,
36132,असीमित पाठ ।,0,contradictory_label_conflict,Text exists under both HAM (0) and SPAM (1) across 1506 rows,
36133,मैं डा बस घर जा रहा हूँ...,0,contradictory_label_conflict,Text exists under both HAM (0) and SPAM (1) across 1506 rows,
36271,मैं अपने हार्मोन बाहर चीर वाला हूँ.,0,contradictory_label_conflict,Text exists under both HAM (0) and SPAM (1) across 1506 rows,
36389,तुम उस आदमी के स्थान में हो जाएगा,0,contradictory_label_conflict,Text exists under both HAM (0) and SPAM (1) across 1506 rows,
36409,मैं अभी भी बहुत कमजोर हूँ.,0,contradictory_label_conflict,Text exists under both HAM (0) and SPAM (1) across 1506 rows,
36442,है ना इतनी तेजी से... डेट का मतलब है... पेंटिंग खत्म हो गया है?,0,contradictory_label_conflict,Text exists under both HAM (0) and SPAM (1) across 1506 rows,
36481,"खैर निश्चित रूप से धन्यवाद से पहले आराम करने की जरूरत है, मैं तुम्हें बता देंगे जब मैं बाहर हूँ",0,contradictory_label_conflict,Text exists under both HAM (0) and SPAM (1) across 1506 rows,
36600,"मेरे जीवन का अर्थ यह नहीं कि मैं अपने जीवन से प्रेम रखता हूं, परन्तु इसलिये कि मैं लोगों से प्रेम रखता हूं, संसार उन्हें अपना मित्र कहता है, मैं उन्हें अपना संसार कहता हूं।",0,contradictory_label_conflict,Text exists under both HAM (0) and SPAM (1) across 1506 rows,
36662,हम विपरीत पक्ष में हैं जहाँ से हम आप को गिरा दिया,0,contradictory_label_conflict,Text exists under both HAM (0) and SPAM (1) across 1506 rows,
36710,"क्षमा करें आदमी मेरे खाते सूखे या मैं, अगर आप चाहते हैं कि हम आधे वापस व्यापार कर सकते हैं या मैं अपने क्रेडिट कार्ड के साथ कुछ गंदगी खरीद सकता है",0,contradictory_label_conflict,Text exists under both HAM (0) and SPAM (1) across 1506 rows,
36717,अमरीका अब भी खरीदारी कर सकती है?,0,contradictory_label_conflict,Text exists under both HAM (0) and SPAM (1) across 1506 rows,
36760,मैं आम तौर पर उसे डामा में नहलाना होता हूँ।,0,contradictory_label_conflict,Text exists under both HAM (0) and SPAM (1) across 1506 rows,
36774,तब ओकची.,0,contradictory_label_conflict,Text exists under both HAM (0) and SPAM (1) across 1506 rows,
36854,"मैं वापस आ रहा हूँ, लीम पता है जब तुम तैयार हो",0,contradictory_label_conflict,Text exists under both HAM (0) and SPAM (1) across 1506 rows,
36895,"कोई विचार नहीं है, मुझे लगता है कि हम एक घंटे के बाद बाहर काम कर रहे हैं के बाद से जब तक कोई भी सामान्य रूप से बाहर बाहर गंदगी में कोई दिलचस्पी नहीं है पिछले दूसरे से पहले",0,contradictory_label_conflict,Text exists under both HAM (0) and SPAM (1) across 1506 rows,
37017,पाठ आज किसी को सेक्सी से मिलता है. यू. यू.,1,contradictory_label_conflict,Text exists under both HAM (0) and SPAM (1) across 1506 rows,
37023,यह शर्म की बात है!,0,contradictory_label_conflict,Text exists under both HAM (0) and SPAM (1) across 1506 rows,
37121,आप सब आप की तरह क्या करते हैं,0,contradictory_label_conflict,Text exists under both HAM (0) and SPAM (1) across 1506 rows,
37211,के के लिए मैं दोपहर से पहले उठ करने के लिए सुनिश्चित हो जाएगा और देखना क्या है,0,contradictory_label_conflict,Text exists under both HAM (0) and SPAM (1) across 1506 rows,
37220,"नहीं, मैं एक स्थायी डीडी हूँ",0,contradictory_label_conflict,Text exists under both HAM (0) and SPAM (1) across 1506 rows,
37244,मैं ठीक बैग उधार.,0,contradictory_label_conflict,Text exists under both HAM (0) and SPAM (1) across 1506 rows,
37275,"क्षमा करें, मैं इस पर आपकी मदद नहीं कर सकता.",0,contradictory_label_conflict,Text exists under both HAM (0) and SPAM (1) across 1506 rows,
37301,आप से सुनने के लिए इसके अच्छा है,0,contradictory_label_conflict,Text exists under both HAM (0) and SPAM (1) across 1506 rows,
37329,"चुंबन, चुंबन, मैं ध्वनि प्रभाव नहीं कर सकता! वह एक सुंदर आदमी है!",0,contradictory_label_conflict,Text exists under both HAM (0) and SPAM (1) across 1506 rows,
37383,"वे पिछले साल एक दिन नहीं खेलते थे, हालांकि वे बहुत अच्छी टीम है.",0,contradictory_label_conflict,Text exists under both HAM (0) and SPAM (1) across 1506 rows,
37442,दर्द कैसे होता है?,0,contradictory_label_conflict,Text exists under both HAM (0) and SPAM (1) across 1506 rows,
37471,बहुत बढ़िया! इच्छा है हम अभी एक साथ थे!,0,contradictory_label_conflict,Text exists under both HAM (0) and SPAM (1) across 1506 rows,
37477,"क्षमा करें, मैं पाठ वम्पर नहीं कर सकता; ड्राइव कोरली, आप बीस में देखें",0,contradictory_label_conflict,Text exists under both HAM (0) and SPAM (1) across 1506 rows,
37496,जब तुम होस्टल के पास आए.,0,contradictory_label_conflict,Text exists under both HAM (0) and SPAM (1) across 1506 rows,
37507,मेरे लिए एक अंडे खरीद. कृपया:),0,contradictory_label_conflict,Text exists under both HAM (0) and SPAM (1) across 1506 rows,
37599,क्या आप एक अच्छा दिन था?,0,contradictory_label_conflict,Text exists under both HAM (0) and SPAM (1) across 1506 rows,
37755,आप डा के लिए चाहते हैं जिस जगह में.,0,contradictory_label_conflict,Text exists under both HAM (0) and SPAM (1) across 1506 rows,
37861,पिताजी तुम्हें खुशी से चीखेंगे! मैं अपने गधे को मेरे डिक के साथ उड़ा रहा हूँ!,0,contradictory_label_conflict,Text exists under both HAM (0) and SPAM (1) across 1506 rows,
37872,तुम हमेशा काम करते हो. बस छोड़ दो.,0,contradictory_label_conflict,Text exists under both HAM (0) and SPAM (1) across 1506 rows,
37885,मैं डाना के दाएँ हाथ की ओर डा पंक्ति के बीच में फँस रहा हूँ...,0,contradictory_label_conflict,Text exists under both HAM (0) and SPAM (1) across 1506 rows,
37888,के-मैं तुम्हें फोन करता हूँ जब मैं करीब हूँ,0,contradictory_label_conflict,Text exists under both HAM (0) and SPAM (1) across 1506 rows,
37941,"डिज़ीम, एक कड़ा मैं अपने सूट से पूछना होगा जब मैं वापस मिलता है",0,contradictory_label_conflict,Text exists under both HAM (0) and SPAM (1) across 1506 rows,
37944,अब भोजन हो जाने वाले कॉल करेंगे,0,contradictory_label_conflict,Text exists under both HAM (0) and SPAM (1) across 1506 rows,
37968,आप कितने लंबे राजकुमारी हैं?,0,contradictory_label_conflict,Text exists under both HAM (0) and SPAM (1) across 1506 rows,
38039,हाय अपने के- एटीई यह तुम्हें आज रात और बीमार फोन देखने के लिए सुंदर था कल. मैं गाना और एक आदमी मुझे अपने कार्ड दे दिया!,0,contradictory_label_conflict,Text exists under both HAM (0) and SPAM (1) across 1506 rows,
38085,परीक्षा के लिए कुछ पढ़ने की कोशिश कीजिए ।,0,contradictory_label_conflict,Text exists under both HAM (0) and SPAM (1) across 1506 rows,
38132,"हैलो, हाँ, मैं सिर्फ स्नान से बाहर मिल गया है और मेरे बाल करने की जरूरत है तो मैं कर रहा हूँ जब मैं कर रहा हूँ, हाँ?",0,contradictory_label_conflict,Text exists under both HAM (0) and SPAM (1) across 1506 rows,
38241,तुम लोग आने पर योजना बना रहे हो?,0,contradictory_label_conflict,Text exists under both HAM (0) and SPAM (1) across 1506 rows,
38326,"प्रिय लड़का? मैं तुम्हें याद आती है, लड़का... * आप अपने गधे के लिए भी चला गया था?",0,contradictory_label_conflict,Text exists under both HAM (0) and SPAM (1) across 1506 rows,
38337,ओह के. :. के बाद वहाँ जगह?,0,contradictory_label_conflict,Text exists under both HAM (0) and SPAM (1) across 1506 rows,
38358,"हाँ कि मैं क्या सोचा है, लीम पता है कि अगर कुछ भी बाद में हो रहा है",0,contradictory_label_conflict,Text exists under both HAM (0) and SPAM (1) across 1506 rows,
38370,मान लीजिए कि आपने उस पाठ को घर फ़ोन पर भेजा है ।,0,contradictory_label_conflict,Text exists under both HAM (0) and SPAM (1) across 1506 rows,
38382,मैं चारों ओर पूछ सकते हैं लेकिन यहाँ के मध्य में एक बहुत कुछ नहीं है,0,contradictory_label_conflict,Text exists under both HAM (0) and SPAM (1) across 1506 rows,
38410,आपको कुछ देखने की ज़रूरत है,0,contradictory_label_conflict,Text exists under both HAM (0) and SPAM (1) across 1506 rows,
38451,कोई समस्या नहीं. बाद में आप से बात करें,0,contradictory_label_conflict,Text exists under both HAM (0) and SPAM (1) across 1506 rows,
38489,मुझे इस डंप ढेर से बाहर ले जाओ. मेरी माँ ने फैसला किया कि मैं नीचे आूँगी.,0,contradictory_label_conflict,Text exists under both HAM (0) and SPAM (1) across 1506 rows,
38512,नहीं उसने ऐसा नहीं किया. मैं ऑनलाइन ढूंढूंगा और आप जानते हैं.,0,contradictory_label_conflict,Text exists under both HAM (0) and SPAM (1) across 1506 rows,
38540,फिर बस एक गंदगी खाने और जंगली चेहरे कुतिया के लिए प्रतीक्षा....,0,contradictory_label_conflict,Text exists under both HAM (0) and SPAM (1) across 1506 rows,
38668,पूरी कार ने पिछले दो लोगों की क़दर की!,0,contradictory_label_conflict,Text exists under both HAM (0) and SPAM (1) across 1506 rows,
38758,क़रीब हैलार्ट टीव ऑफ़िस.,0,contradictory_label_conflict,Text exists under both HAM (0) and SPAM (1) across 1506 rows,
38779,ईमानदारी से मैं सिर्फ चाय का एक सुंदर कप बनाया है और तुरंत मेरी कुंजियाँ उसमें फेंक दी और फिर मेरी उंगलियों को उन्हें बाहर निकाल दिया!,0,contradictory_label_conflict,Text exists under both HAM (0) and SPAM (1) across 1506 rows,
38810,एक महान वम्प है; सफल दिन.,0,contradictory_label_conflict,Text exists under both HAM (0) and SPAM (1) across 1506 rows,
38922,"कोई भी तथ्य नहीं सिखाता कि ज्वालामुखी २ फूटते हैं, सुनामी २ उठ जाती है, २ तूफ़ानों के आस - पास का कोई स्थान नहीं होता ।",0,contradictory_label_conflict,Text exists under both HAM (0) and SPAM (1) across 1506 rows,
38933,क्या आप आज का इंटरव्यू लेने जा रहे हैं?,0,contradictory_label_conflict,Text exists under both HAM (0) and SPAM (1) across 1506 rows,
38990,जब आप पुस्तकालय में मिला,0,contradictory_label_conflict,Text exists under both HAM (0) and SPAM (1) across 1506 rows,
39066,"शुभ संध्या महोदय, अलहहर्स विल्हेम. एक शुभ समाचार. भगवान के अनुग्रह से, मुझे एक उपहार मिला है. आशा है कि तुम ठीक हो. आशा है, आप कुछ समय के लिए अच्छा कर रहे हैं.",0,contradictory_label_conflict,Text exists under both HAM (0) and SPAM (1) across 1506 rows,
39091,ऊगोंग वापस ला से वापस ले जाते हैं. मेरा कोट बहुत बुरी तरह से है.,0,contradictory_label_conflict,Text exists under both HAM (0) and SPAM (1) across 1506 rows,
39141,यो लगता है कि मैं अभी क्या छोड़ दिया,0,contradictory_label_conflict,Text exists under both HAM (0) and SPAM (1) across 1506 rows,
39149,वहाँ अच्छी तरह से विनाश हो सकता है.,0,contradictory_label_conflict,Text exists under both HAM (0) and SPAM (1) across 1506 rows,
39165,मेरे दोस्त एक ही फोन करने के लिए इस्तेमाल करते हैं.,0,contradictory_label_conflict,Text exists under both HAM (0) and SPAM (1) across 1506 rows,
39177,आप दरवाजा खोल सकते हैं?,0,contradictory_label_conflict,Text exists under both HAM (0) and SPAM (1) across 1506 rows,
39263,नहीं डी. लेकिन कुछ समय के बाद मुझे फोन. मैं आपको के- से बताता हूँ,0,contradictory_label_conflict,Text exists under both HAM (0) and SPAM (1) across 1506 rows,
39274,मेरे लिए भी अच्छा दिन है. मेरे लिए प्रार्थना करो. दांतों को उसके दर्दनाक बनाए दूसरे सामान के रूप में हटा दो.,0,contradictory_label_conflict,Text exists under both HAM (0) and SPAM (1) across 1506 rows,
39281,के बाद के 2 मीटर तुम कक्षा में आ रहे हैं.,0,contradictory_label_conflict,Text exists under both HAM (0) and SPAM (1) across 34 rows,2
39369,"बहुत बढ़िया, एक मिनट में हो",0,contradictory_label_conflict,Text exists under both HAM (0) and SPAM (1) across 1506 rows,
39395,मेरे हाथ फोन फोन फोन...,0,contradictory_label_conflict,Text exists under both HAM (0) and SPAM (1) across 1506 rows,
39429,उसने किसी को नहीं बताया ।,0,contradictory_label_conflict,Text exists under both HAM (0) and SPAM (1) across 1506 rows,
39445,"मुझे यकीन नहीं है, मैं सिर्फ क्षेत्र के आसपास क्या हो रहा था बाहर जाँच कर रहा था",0,contradictory_label_conflict,Text exists under both HAM (0) and SPAM (1) across 1506 rows,
39458,पक्षियों के लिए भगवान का उपहार,0,contradictory_label_conflict,Text exists under both HAM (0) and SPAM (1) across 1506 rows,
39598,वे सड़कों पर उस सामान को वहाँ पर फिसले हुए होने से बचाने के लिए नहीं रखा है?,0,contradictory_label_conflict,Text exists under both HAM (0) and SPAM (1) across 1506 rows,
39634,. कोई टिकट पहले से ही जाल में देखना चाहते हैं.,0,contradictory_label_conflict,Text exists under both HAM (0) and SPAM (1) across 1506 rows,
39713,"ओह, कितने मैं खरीदना चाहिए.",0,contradictory_label_conflict,Text exists under both HAM (0) and SPAM (1) across 1506 rows,
39717,वहाँ क्या हो रहा है.,0,contradictory_label_conflict,Text exists under both HAM (0) and SPAM (1) across 1506 rows,
39724,"अरे, मैं कल रात के टीम याद किया जब मेरा फोन आरोप पर था... * मैं एक दोस्त से जल्द ही मिल रहा हूँ",0,contradictory_label_conflict,Text exists under both HAM (0) and SPAM (1) across 1506 rows,
39737,2रा जाँच में किरसिस की तरह ही:,0,contradictory_label_conflict,Text exists under both HAM (0) and SPAM (1) across 34 rows,2
39863,मैं सिर्फ अपने आप को लगता है... धन्यवाद और आपमो को देखते हैं,0,contradictory_label_conflict,Text exists under both HAM (0) and SPAM (1) across 1506 rows,
39903,ई प्रशासक बिल्डिंग? मैं थोड़ा पहले लग सकता हूँ... मैं यू को फोन कर रहा हूँ जब मैं पहुँच रहा हूँ...,0,contradictory_label_conflict,Text exists under both HAM (0) and SPAM (1) across 1506 rows,
39943,दो नर्सों के बारे में बात कर रहे हैं कि वे कितना मोटा हो जाते हैं. और एक सोचता है कि वह हिंसक है. ओए. ओ.,0,contradictory_label_conflict,Text exists under both HAM (0) and SPAM (1) across 1506 rows,
39987,आशा है कि मैं उसे पूरा कर सकते हैं।,0,contradictory_label_conflict,Text exists under both HAM (0) and SPAM (1) across 1506 rows,
40002,अब मैं घर पर आया हूँ,0,contradictory_label_conflict,Text exists under both HAM (0) and SPAM (1) across 1506 rows,
40033,"जब आप सिर्फ + चिन्ह में डाल देते हैं, मेरे नंबर चुनें और पिन दिखाई देंगे.",0,contradictory_label_conflict,Text exists under both HAM (0) and SPAM (1) across 1506 rows,
40101,मैं जल्द ही वापस आने की कोशिश करता हूँ,0,contradictory_label_conflict,Text exists under both HAM (0) and SPAM (1) across 1506 rows,
40109,यहाँ व्यस्त. नए साल के लिए खत्म करने की कोशिश कर रहा हूँ. मैं अंत में आप से मिलने की प्रतीक्षा कर रहा हूँ...,0,contradictory_label_conflict,Text exists under both HAM (0) and SPAM (1) across 1506 rows,
40160,हमारे लिए कौन वर्ग ले जा रहा है कर्मचारी नाम क्या बताता है?,0,contradictory_label_conflict,Text exists under both HAM (0) and SPAM (1) across 1506 rows,
40214,ऐसा मौसम एक - दूसरे के साथ मिलकर होता है ताकि दोस्तों के साथ दोस्ती बढ़ सके ।,0,contradictory_label_conflict,Text exists under both HAM (0) and SPAM (1) across 1506 rows,
40235,खैर मैं कल रात के साथ धोने के रूप में नहीं उपलब्ध था...... तो वे मुझे के बजाय निकी प्लैट से पूछना था!,0,contradictory_label_conflict,Text exists under both HAM (0) and SPAM (1) across 1506 rows,
40272,मैं बीमार था और दिन भर सो रहा था.,0,contradictory_label_conflict,Text exists under both HAM (0) and SPAM (1) across 1506 rows,
40273,मैं अपने फोन बंद कर रहा हूँ. मेरी माँ हर किसी को बता रही है कि मुझे कैंसर है. और मेरी बहन फोन बंद नहीं करेगी. यह बात करने के लिए दर्द होगा. यह बात करने के लिए नहीं कर सकते. देखो जब यू यू घर मिलता है.,0,contradictory_label_conflict,Text exists under both HAM (0) and SPAM (1) across 1506 rows,
40278,स्पष्ट रूप से नहीं क्योंकि मेरे शांत कॉलेज जीवन में सभी लोग घर गए:,0,contradictory_label_conflict,Text exists under both HAM (0) and SPAM (1) across 1506 rows,
40323,"यही कारण है कि वर्गों के साथ मुसीबत है कि आप अच्छी तरह से जाना है - आप एक डोमी एक के कारण कर रहे हैं... मेरी बीमारी की उम्मीद है! तुम ठीक करने के लिए, एक ही बार, एक ही जगह देखो.",0,contradictory_label_conflict,Text exists under both HAM (0) and SPAM (1) across 1506 rows,
40339,मुझे आश्चर्य है कि अगर तुम इस पाठ मिल जाएगा?,0,contradictory_label_conflict,Text exists under both HAM (0) and SPAM (1) across 1506 rows,
40369,मुझे एक और नौकरी मिल गयी!,0,contradictory_label_conflict,Text exists under both HAM (0) and SPAM (1) across 1506 rows,
40384,तो वे क्या करते हैं?,0,contradictory_label_conflict,Text exists under both HAM (0) and SPAM (1) across 1506 rows,
40387,"आप हमेशा अपना व्यापार वहाँ डाल रहे हैं. आप अपने गधे की तस्वीरें चेहरेबुक पर डाल रहे हैं. आप एक बहुत खुले लोगों में से हैं मैं कभी नहीं मिला है. क्यों मैं अपने कमरे के एक तस्वीर आप को चोट लग सकता है, आप को नुकसान लग सकता है.",0,contradictory_label_conflict,Text exists under both HAM (0) and SPAM (1) across 1506 rows,
40419,मनपसंद जगह मैं आपको फोन करेंगे,0,contradictory_label_conflict,Text exists under both HAM (0) and SPAM (1) across 1506 rows,
40490,बस सेला वर्ग जा रहा है.,0,contradictory_label_conflict,Text exists under both HAM (0) and SPAM (1) across 1506 rows,
40532,"मिशनरी हुक में के रूप में, कुत्ता हुक अप, खड़े...",0,contradictory_label_conflict,Text exists under both HAM (0) and SPAM (1) across 1506 rows,
40548,क्या आप पिताजी के साथ रहते हैं या अकेले रह रहे हैं?,0,contradictory_label_conflict,Text exists under both HAM (0) and SPAM (1) across 1506 rows,
40629,कभी भी एक कुत्ते का वजन लेने की कोशिश मत करो जो दिल से बाहर आता है और आँखों के माध्यम से गिर... हमेशा एक अस्थायी दोस्त साझा करने के लिए यहाँ है...,0,contradictory_label_conflict,Text exists under both HAM (0) and SPAM (1) across 1506 rows,
40685,"हाय, मुझे खेद है कि मैं अपने फोन याद किया हूँ. तुम वापस फोन कर सकते हैं.",0,contradictory_label_conflict,Text exists under both HAM (0) and SPAM (1) across 1506 rows,
40710,"क्षमा करें, मैं तुम्हें याद किया. मैं देर से था और सो गया था. मुझे आशा है कि आप अपने ड्राइव सबक, लड़के. मैं तुम्हें भी याद आती है... * चुंबन *",0,contradictory_label_conflict,Text exists under both HAM (0) and SPAM (1) across 1506 rows,
40767,यह काम पूरी तरह से बंद हो जाएगा क्योंकि मैं और भी ज़ोरदार ढंग से उड़ाऊँगा,0,contradictory_label_conflict,Text exists under both HAM (0) and SPAM (1) across 1506 rows,
40888,मैं कुछ भी.,0,contradictory_label_conflict,Text exists under both HAM (0) and SPAM (1) across 1506 rows,
40899,अरे क्या होता है आप ठीक है.,0,contradictory_label_conflict,Text exists under both HAM (0) and SPAM (1) across 1506 rows,
40904,मुलाकात में उपलब्ध संख्या को बुला लो. और कॉल करने के लिए पूछें कि वे किस-किसको बुला रहे हैं.,0,contradictory_label_conflict,Text exists under both HAM (0) and SPAM (1) across 1506 rows,
40928,जीवन इतना मज़ेदार और महान नहीं था जब तक आप में आए. आप इसे वास्तव में मेरे लिए विशेष बना दिया. मैं तुम्हें नहीं भूलूंगा!,1,contradictory_label_conflict,Text exists under both HAM (0) and SPAM (1) across 1506 rows,
40976,ओम्हन मुझे पागल कर रही है. वह मेरे सभी दोस्तों को मेरे चित्र खोजने के लिए देख रही है. और फिर वह मेरे स्थान पर सामान के बारे में पूछ रही है जो मैं भी एक साल की तरह नहीं है.,0,contradictory_label_conflict,Text exists under both HAM (0) and SPAM (1) across 1506 rows,
40981,ओक मैं घर की छत के रास्ते पर हूँ,0,contradictory_label_conflict,Text exists under both HAM (0) and SPAM (1) across 1506 rows,
40995,अब उसे बुलाओ और उनसे बात करो ।,0,contradictory_label_conflict,Text exists under both HAM (0) and SPAM (1) across 1506 rows,
41000,"पुलिस स्टेशन चोरी, पुलिस को जाने के लिए कुछ भी नहीं है!",1,contradictory_label_conflict,Text exists under both HAM (0) and SPAM (1) across 1506 rows,
41028,बैल उस ग्राहक मार्क से बात करते हैं.,0,contradictory_label_conflict,Text exists under both HAM (0) and SPAM (1) across 1506 rows,
41041,"मैं जानता हूँ कि मलेरिया हो रहा है, लेकिन आराम से बच्चों को मलेरिया से पीड़ित कर सकते हैं. वह बदतर हो गया होता और इसके गैस - रोग हो जाता है. यदि वह पर्याप्त ले लेता है उसके सिर को नुक़सान कम करने के लिए. और यदि आप उसे मलेरिया दे देते हैं तो अब वह अपने आप को उगल देगा. उसका आत्म - सम्मान है जो कुछ दिनों में है वह कुछ हद तक यह पूरी तरह से बंद हो जाएगा.",0,contradictory_label_conflict,Text exists under both HAM (0) and SPAM (1) across 1506 rows,
41119,आप आज रात ऑनलाइन आ जाएगा,0,contradictory_label_conflict,Text exists under both HAM (0) and SPAM (1) across 1506 rows,
41120,क्या आप हमेशा अपने परिवार के साथ विक्टोरिया का जश्न मनाते हैं?,0,contradictory_label_conflict,Text exists under both HAM (0) and SPAM (1) across 1506 rows,
41144,ठीक है लेकिन मैं आप विशेषज्ञ थे सोचा,0,contradictory_label_conflict,Text exists under both HAM (0) and SPAM (1) across 1506 rows,
41242,पुस्तक ट्रेल के लिए टिकट?,0,contradictory_label_conflict,Text exists under both HAM (0) and SPAM (1) across 1506 rows,
41300,"मैं एक 8 वीं की जरूरत है लेकिन मैं कर रहा हूँ, मैं एक घंटे में या दो में उठा सकता है?",0,contradictory_label_conflict,Text exists under both HAM (0) and SPAM (1) across 10 rows,8
41343,"इसलिए बहुत - से लोगों को लगता है कि शुरू - शुरू में कोई खास नज़र नहीं आता, लेकिन सिर्फ कुछ ही लोग ही आपकी आखिरी नज़रों तक आपके लिए खास बने रहेंगे ।",0,contradictory_label_conflict,Text exists under both HAM (0) and SPAM (1) across 1506 rows,
41442,ठीक है मेरे साथ भी. समझ के लिए धन्यवाद.,0,contradictory_label_conflict,Text exists under both HAM (0) and SPAM (1) across 1506 rows,
41480,"के, जब आप कर रहे हैं, मैं एक और 8 वीं उठा सकते हैं?",0,contradictory_label_conflict,Text exists under both HAM (0) and SPAM (1) across 10 rows,8
41559,या शायद मेरी मोटी उंगलियों सिर्फ इन सभी बटनों को दबा दें और यह नहीं जानता कि क्या करना है.,0,contradictory_label_conflict,Text exists under both HAM (0) and SPAM (1) across 1506 rows,
41584,नहीं वानर. मैं बस भूल गया. अगले सप्ताह दिखाएगा,0,contradictory_label_conflict,Text exists under both HAM (0) and SPAM (1) across 1506 rows,
41855,क्या आप योजना बनाते हैं?,0,contradictory_label_conflict,Text exists under both HAM (0) and SPAM (1) across 1506 rows,
41886,रद्दी को उठाने के लिए धन्यवाद.,0,contradictory_label_conflict,Text exists under both HAM (0) and SPAM (1) across 1506 rows,
41905,"क्षमा करें कल रात, गंदगी गंभीरता से मेरे रूम के साथ, आप आज रात के लिए क्या ऊपर?",0,contradictory_label_conflict,Text exists under both HAM (0) and SPAM (1) across 1506 rows,
41939,तुम्हारा चूंदा एकदम सही है!,0,contradictory_label_conflict,Text exists under both HAM (0) and SPAM (1) across 1506 rows,
41985,उसे यकीन दिलाने के लिए यूनेड अपने संभव बुद्धि नहीं है कि वह अपने मुख्य एहसास को चोट पहुँचे,0,contradictory_label_conflict,Text exists under both HAM (0) and SPAM (1) across 1506 rows,
41991,"दुनिया चल रही है और मैं अभी भी कर रहा हूँ. हो सकता है कि सभी एक ही महसूस कर रहे हैं, तो यह हो सकता है. या मैं स्वीकार करने के लिए है पागल है. तो जहाँ सुधार है? या मुझे यह जीवन जीवन है. और मुझे दुनिया के साथ चलते रहो, शायद यह भी चल रहा है.",0,contradictory_label_conflict,Text exists under both HAM (0) and SPAM (1) across 1506 rows,
42146,क्या तुम्हें पता है जब पिताजी वापस आ जाएगा?,0,contradictory_label_conflict,Text exists under both HAM (0) and SPAM (1) across 1506 rows,
42147,क्या आपने कभी ऐसा महसूस किया है?,0,contradictory_label_conflict,Text exists under both HAM (0) and SPAM (1) across 1506 rows,
42195,पिताजी अब एक बोब है.,0,contradictory_label_conflict,Text exists under both HAM (0) and SPAM (1) across 1506 rows,
42266,मैं आपको बताना चाहता हूँ कि मैं कितना बुरा महसूस करता हूँ कि मूल रूप से जब मैं हाल ही में दवा की जरूरत है केवल बार जब मैं पाठ करता हूँ,0,contradictory_label_conflict,Text exists under both HAM (0) and SPAM (1) across 1506 rows,
42289,क्या मेरा प्यारा बच्चा नहीं है?,0,contradictory_label_conflict,Text exists under both HAM (0) and SPAM (1) across 1506 rows,
42315,मैं अपनी बहुत लूट को जानना चाहता हूं:),0,contradictory_label_conflict,Text exists under both HAM (0) and SPAM (1) across 1506 rows,
42348,ध्यान रखना.,0,contradictory_label_conflict,Text exists under both HAM (0) and SPAM (1) across 1506 rows,
42364,फिर यू ने उसे बताया?,0,contradictory_label_conflict,Text exists under both HAM (0) and SPAM (1) across 1506 rows,
42390,फिर तुम बड़े हो।,0,contradictory_label_conflict,Text exists under both HAM (0) and SPAM (1) across 1506 rows,
42395,हायओ... शायद तुम्हारा हैबस्टर दस लाख से ईर्ष्या कर रहा था,0,contradictory_label_conflict,Text exists under both HAM (0) and SPAM (1) across 1506 rows,
42431,"आजकल लोगों को यह पता लगाने का अवसर नहीं दिया जा रहा है... क्या आपने कभी मास्टरस्फीति के मास्टरस्फीति के लिए पुस्तकों का परीक्षण किया है? यह बहुत कठोर है, मुझे लगता है कि यह है.",0,contradictory_label_conflict,Text exists under both HAM (0) and SPAM (1) across 1506 rows,
42498,यदि उनमें से जीत या स्तर क्रम में है तो यह रिकार्ड किया गया है:),0,contradictory_label_conflict,Text exists under both HAM (0) and SPAM (1) across 1506 rows,
42545,"ठीक है, हम ऊपर की कोशिश कर रहे हैं जहाँ आप लोग पर",0,contradictory_label_conflict,Text exists under both HAM (0) and SPAM (1) across 1506 rows,
42587,जब पिताजी वापस मिल गया।,0,contradictory_label_conflict,Text exists under both HAM (0) and SPAM (1) across 1506 rows,
42621,कोई कॉल नहीं. संदेश.,0,contradictory_label_conflict,Text exists under both HAM (0) and SPAM (1) across 1506 rows,
42689,"डरबी. जो भी बदतर है, एक दोस्त जो हमेशा पार्टी या एक दोस्त के लिए चाहता है जो उन तीन नशीले पदार्थों के दुर्व्यवहारों के बारे में एक शिकायत प्रकट करता है जो के साथ रहता है",0,contradictory_label_conflict,Text exists under both HAM (0) and SPAM (1) across 1506 rows,
42715,"है ना, मैं 2 खाली हाथ खाली घर जा सकते हैं?",0,contradictory_label_conflict,Text exists under both HAM (0) and SPAM (1) across 34 rows,2
42763,आप ठीक है. क्या इस तरह व्यवहार करने के लिए क्या होता है,0,contradictory_label_conflict,Text exists under both HAM (0) and SPAM (1) across 1506 rows,
42894,आज मेरी पसंदीदा व्यक्ति कैसे है?,0,contradictory_label_conflict,Text exists under both HAM (0) and SPAM (1) across 1506 rows,
42904,ओकी... फिर जल्दी से धोइये जाते हैं...,0,contradictory_label_conflict,Text exists under both HAM (0) and SPAM (1) across 1506 rows,
42911,"बैल मुझे एक दिन के लिये ग्रहण करता है, या तुम से भीख माँग रहा है कि संख्या बदल जाए।",0,contradictory_label_conflict,Text exists under both HAM (0) and SPAM (1) across 1506 rows,
42914,वे कहते हैं कि फ्यूज़ पासपोर्ट या डाट की तरह फ्यूज़।,0,contradictory_label_conflict,Text exists under both HAM (0) and SPAM (1) across 1506 rows,
42939,कोई नहीं तय कर सकता है कि कहाँ खाने और पिता चीनी चाहता है,0,contradictory_label_conflict,Text exists under both HAM (0) and SPAM (1) across 1506 rows,
42943,"नया: तर्क जीतता है, लेकिन व्यक्तिगत प्यार खो देता है. तो सिर्फ दोस्तों के साथ बहस मत करो. उन्हें लात मारना; कहते हैं, मैं हमेशा सही हूँ!",0,contradictory_label_conflict,Text exists under both HAM (0) and SPAM (1) across 1506 rows,
43014,रात के खाने के लिए मुझे क्या काट?,0,contradictory_label_conflict,Text exists under both HAM (0) and SPAM (1) across 1506 rows,
43045,दर्द के लिए कुछ ले लीजिए ।,0,contradictory_label_conflict,Text exists under both HAM (0) and SPAM (1) across 1506 rows,
43231,एक बार मुक्त फोन मुझे सर. मैं आप के लिए इंतजार कर रहा हूँ.,0,contradictory_label_conflict,Text exists under both HAM (0) and SPAM (1) across 1506 rows,
43237,आप कैसे कर रहे हैं?,0,contradictory_label_conflict,Text exists under both HAM (0) and SPAM (1) across 1506 rows,
43270,ठीक नाम पर कानूनी के रूप में लंबे समय तक कीमत! हम उन्हें चुन सकते हैं?,0,contradictory_label_conflict,Text exists under both HAM (0) and SPAM (1) across 1506 rows,
43279,कोई चिकेकुट अभी तक नहीं है. या मैं मुक्त हूँ,0,contradictory_label_conflict,Text exists under both HAM (0) and SPAM (1) across 1506 rows,
43289,यो आप चारों ओर? मेरे एक दोस्त बाद में आज रात लेने के लिए देख रहा है,0,contradictory_label_conflict,Text exists under both HAM (0) and SPAM (1) across 1506 rows,
43351,मैं ‘ अगर यह ‘ बेकार या एक पुस्तक हो ’ तो मैं इस बात पर एक नज़र डालिए कि यह ‘ बेकार है या एक पुस्तक हो सकती है ।,0,contradictory_label_conflict,Text exists under both HAM (0) and SPAM (1) across 1506 rows,
43358,लंबे समुद्र तट की उम्मीद है... अब रात का खाना हो रहा है?,0,contradictory_label_conflict,Text exists under both HAM (0) and SPAM (1) across 1506 rows,
43375,मैं वर्णन नहीं कर सकता कि आप कितने भाग्यशाली हैं कि मैं वास्तव में दोपहर के द्वारा जाग रहा हूँ,0,contradictory_label_conflict,Text exists under both HAM (0) and SPAM (1) across 1506 rows,
43442,अल्लाह के प्रेम की कोई सीमा नहीं। अल्लाह का अनुग्रह कुछ भी नहीं है। अल्लाह की शक्ति में कोई सीमा नहीं है। ऐसा हो कि जीवन में हमेशा परमेश्‍वर की अनन्त आशिषें हों...,0,contradictory_label_conflict,Text exists under both HAM (0) and SPAM (1) across 1506 rows,
43447,प्रिय प्रशिक्षित और सीट मेरी सीट मिल गया,0,contradictory_label_conflict,Text exists under both HAM (0) and SPAM (1) across 1506 rows,
43451,वह मिल गया. मैं तुम्हें एक ऑफ़लाइन संदेश भेजा है पता करने के लिए अब कैसे एक एन्जोला है.,0,contradictory_label_conflict,Text exists under both HAM (0) and SPAM (1) across 1506 rows,
43457,मैं पागल नहीं हूँ कारण,0,contradictory_label_conflict,Text exists under both HAM (0) and SPAM (1) across 1506 rows,
43475,मोजी ने मुझे बताया कि तुम हमारे जीवन को बचा लिया. धन्यवाद.,0,contradictory_label_conflict,Text exists under both HAM (0) and SPAM (1) across 1506 rows,
43480,आप लोग अपने पक्ष पर फिल्म देखने के लिए कैसे जाते हैं.,0,contradictory_label_conflict,Text exists under both HAM (0) and SPAM (1) across 1506 rows,
43494,"मैं कहना होगा कि एक अच्छा संकेत है लेकिन, अच्छी तरह से, तुम अपने ट्रैक रिकॉर्ड महिलाओं को पढ़ने पर पता है",0,contradictory_label_conflict,Text exists under both HAM (0) and SPAM (1) across 1506 rows,
43505,अरे... फिर से...,0,contradictory_label_conflict,Text exists under both HAM (0) and SPAM (1) across 1506 rows,
43536,आप लंबी दूरी है लेकिन आप बर्बाद कर रहे हैं.,0,contradictory_label_conflict,Text exists under both HAM (0) and SPAM (1) across 1506 rows,
43597,बहुत देर. मैंने कहा कि मेरे पास वेबसाइट है. मेरे पास नहीं है या न ही तारपर्स नहीं है,0,contradictory_label_conflict,Text exists under both HAM (0) and SPAM (1) across 1506 rows,
43749,के.:...: आप केवल एक लड़की है स्वागत में इंतजार कर रहे हैं?,0,contradictory_label_conflict,Text exists under both HAM (0) and SPAM (1) across 1506 rows,
43766,"गैस स्टेशन मेरे घर से दूर एक ब्लॉक की तरह है, आप इसे सही द्वारा ड्राइव होगा क्योंकि सुग्रिकन पर समाप्त होता है और आप कैसे गधे ले जाना है",0,contradictory_label_conflict,Text exists under both HAM (0) and SPAM (1) across 1506 rows,
43786,हमारी योज़ तिथि का क्या हुआ?,0,contradictory_label_conflict,Text exists under both HAM (0) and SPAM (1) across 1506 rows,
43867,वे क्या कर रहे हैं?,0,contradictory_label_conflict,Text exists under both HAM (0) and SPAM (1) across 1506 rows,
43869,एस: - अगर हमारे पास एक अच्छा साझेदारी है हम ले जाएगा:),0,contradictory_label_conflict,Text exists under both HAM (0) and SPAM (1) across 1506 rows,
43890,मुझे मिल गया... जब?,0,contradictory_label_conflict,Text exists under both HAM (0) and SPAM (1) across 1506 rows,
43917,आशा है कि आप एक अच्छा सप्ताह हो रहे हैं.,0,contradictory_label_conflict,Text exists under both HAM (0) and SPAM (1) across 1506 rows,
44100,"हाँ : हाँ, लो. सौभाग्य से मैं आप की तरह एक तारा भूमिका नहीं था!",0,contradictory_label_conflict,Text exists under both HAM (0) and SPAM (1) across 1506 rows,
44103,अरे! वहाँ वगगी... : /,0,contradictory_label_conflict,Text exists under both HAM (0) and SPAM (1) across 1506 rows,
44108,जिस जगह में मैं रूम-से लायक हो सकता है:),0,contradictory_label_conflict,Text exists under both HAM (0) and SPAM (1) across 1506 rows,
44118,: (लेकिन आपके यहाँ नहीं....),0,contradictory_label_conflict,Text exists under both HAM (0) and SPAM (1) across 1506 rows,
44137,आप यहाँ मिलता है कि में से कोई भी है हालांकि,0,contradictory_label_conflict,Text exists under both HAM (0) and SPAM (1) across 1506 rows,
44181,आप कौन देख रहे हैं?,0,contradictory_label_conflict,Text exists under both HAM (0) and SPAM (1) across 1506 rows,
44262,मैं दस बिन्दुओं को अपनी गुफा में रखता हूं; दो अंडे खरीदता है।,0,contradictory_label_conflict,Text exists under both HAM (0) and SPAM (1) across 1506 rows,
44277,"आप अभी भी कर रहे हैं, शायद क्रेडिट कार्ड छोड़ दिया है तो मैं गैस प्राप्त कर सकते हैं जब मैं वापस मिलता है वह मुझे करने के लिए कहा",0,contradictory_label_conflict,Text exists under both HAM (0) and SPAM (1) across 1506 rows,
44337,मेरी प्यारी रात.,0,contradictory_label_conflict,Text exists under both HAM (0) and SPAM (1) across 1506 rows,
44365,पता है आप कुछ भोजन लाने के लिए पता है,0,contradictory_label_conflict,Text exists under both HAM (0) and SPAM (1) across 1506 rows,
44384,"अरे, मुझे पता है कि एक आदमी उसे कुछ दोस्त पाने के लिए नीचे साँस ले रहा है, वैसे भी आप हमारे लिए आधा ट्रैक आज रात तक प्राप्त करने में सक्षम हो जाएगा?",0,contradictory_label_conflict,Text exists under both HAM (0) and SPAM (1) across 1506 rows,
44403,मैं उन्हें वहाँ पसंद करती थी,0,contradictory_label_conflict,Text exists under both HAM (0) and SPAM (1) across 1506 rows,
44404,"आदमी (काउम) ब्रेक के बाद से बेच नहीं किया गया है, मैं एक और आदमी को पता है...... लेकिन वह बकवास के रूप में बकवास के रूप में नहीं है और मेरे बिना बेचने के नहीं पसंद है और मैं वहाँ देर रात रात रात हो जाती है",0,contradictory_label_conflict,Text exists under both HAM (0) and SPAM (1) across 1506 rows,
44420,"जीवन में जब आप एक सिक्का का सामना करते हैं तो वह अपने सवाल का जवाब नहीं दे पाता, लेकिन जब हवा का सिक्का आपके दिल की तलाश करता है, तब आप जान जाएँगे कि आपका दिल किस बात की उम्मीद कर रहा है ।",0,contradictory_label_conflict,Text exists under both HAM (0) and SPAM (1) across 1506 rows,
44424,सबूत के लिए अग्रेषित संदेश देखें,0,contradictory_label_conflict,Text exists under both HAM (0) and SPAM (1) across 1506 rows,
44496,यू का स्वागत कर रहे हैं...,0,contradictory_label_conflict,Text exists under both HAM (0) and SPAM (1) across 1506 rows,
44499,ट्रांसपर आरोपों के बाद कोई अन्य आरोप नहीं हैं और आप किसी भी तरह से दूर कर सकते हैं,0,contradictory_label_conflict,Text exists under both HAM (0) and SPAM (1) across 1506 rows,
44518,"दर्द से मुस्कराते हुए मुस्कराइए जब बारिश की तरह कोई - न - कोई परेशानी उठती है, तो खुशी से झूम उठता है!",0,contradictory_label_conflict,Text exists under both HAM (0) and SPAM (1) across 1506 rows,
44558,कुछ 2 घंटे के रूप में भी स्थायी हैं. आप भाग्यशाली हो सकता है.,0,contradictory_label_conflict,Text exists under both HAM (0) and SPAM (1) across 34 rows,2
44574,यह दर्द एक बदतर समय में नहीं आ सकता है.,0,contradictory_label_conflict,Text exists under both HAM (0) and SPAM (1) across 1506 rows,
44578,हाँ मैं मुक्त कर रहा हूँ...,0,contradictory_label_conflict,Text exists under both HAM (0) and SPAM (1) across 1506 rows,
44659,"नमस्कार! वह नयी नौकरी कैसे चला जाता है? क्या अब आप खुश हैं? क्या तुम मेरे बारे में सोचते हो? मैं जाग जाता हूँ, मेरे दास और तुम्हें समुद्र पार से एक चुंबन भेजता हूँ.",0,contradictory_label_conflict,Text exists under both HAM (0) and SPAM (1) across 1506 rows,
44736,कोई दिलचस्पी नहीं.,0,contradictory_label_conflict,Text exists under both HAM (0) and SPAM (1) across 1506 rows,
44739,सुनिश्चित हों कि आपके रीप ईमेल की जांच करें. हमने फोटो कल भेजा,0,contradictory_label_conflict,Text exists under both HAM (0) and SPAM (1) across 1506 rows,
44759,सो यह हर सुविधा के रूप में दिन या दिन पर निर्भर करता है ।,0,contradictory_label_conflict,Text exists under both HAM (0) and SPAM (1) across 1506 rows,
44777,"या, वह बात पूछ रही थी?",0,contradictory_label_conflict,Text exists under both HAM (0) and SPAM (1) across 1506 rows,
44788,वह एक छोटे से लड़के के साथ भाग गया. हम एक साथ सुंदर बच्चे बना देंगे:),0,contradictory_label_conflict,Text exists under both HAM (0) and SPAM (1) across 1506 rows,
44850,"हाँ, मुझे लगता है कि मैं कार्यालय में हूँ लेकिन मेरी गोद कमरे में है मुझे लगता है कि पिछले कुछ दिनों के लिए लगता है कि पर है. मैं कि नीचे बंद कर दिया था कि नीचे बंद.",0,contradictory_label_conflict,Text exists under both HAM (0) and SPAM (1) across 1506 rows,
44911,ओह महान. मैं उसे और परेशान करता हूँ ताकि हम बात कर सकें.,0,contradictory_label_conflict,Text exists under both HAM (0) and SPAM (1) across 1506 rows,
44979,"जब वह ऐसा करती है, तो मैं नफरत करती हूँ ।",0,contradictory_label_conflict,Text exists under both HAM (0) and SPAM (1) across 1506 rows,
44991,मैं बिना किसी कारण के बॉक्स में ईएम घर लाया,0,contradictory_label_conflict,Text exists under both HAM (0) and SPAM (1) across 1506 rows,
45151,आप मुसीबत में से बाहर रहना!,0,contradictory_label_conflict,Text exists under both HAM (0) and SPAM (1) across 1506 rows,
45155,हाय हरिश के किराए पर कर दिया गया है.,0,contradictory_label_conflict,Text exists under both HAM (0) and SPAM (1) across 1506 rows,
45173,यह अच्छा राजकुमारी है!,0,contradictory_label_conflict,Text exists under both HAM (0) and SPAM (1) across 1506 rows,
45175,मेरी बहन ने कल में दो दौर की सफाई दी.,0,contradictory_label_conflict,Text exists under both HAM (0) and SPAM (1) across 1506 rows,
45363,मैं जानता हूँ कि मुझे इतनी अच्छी तरह से पसंद नहीं ।,0,contradictory_label_conflict,Text exists under both HAM (0) and SPAM (1) across 1506 rows,
45398,"अरे एला, आज भी पर बैठक है?",0,contradictory_label_conflict,Text exists under both HAM (0) and SPAM (1) across 1506 rows,
45400,"सर, अपनी पत्र के लिए इंतजार कर रहे हैं.",0,contradictory_label_conflict,Text exists under both HAM (0) and SPAM (1) across 1506 rows,
45411,गीते... मैं तुम्हें इतना प्यार करता हूँ...... मैं मुश्किल से यह खड़े कर सकते हैं,0,contradictory_label_conflict,Text exists under both HAM (0) and SPAM (1) across 1506 rows,
45412,यो आ रहा है कारों से अधिक यहाँ जल्द ही हो जाएगा,0,contradictory_label_conflict,Text exists under both HAM (0) and SPAM (1) across 1506 rows,
45437,कोई चिल्ला का मतलब नहीं है.,0,contradictory_label_conflict,Text exists under both HAM (0) and SPAM (1) across 1506 rows,
45452,उस दिन आप एक संख्या के बारे में पूछा. क्यों: -),0,contradictory_label_conflict,Text exists under both HAM (0) and SPAM (1) across 1506 rows,
45476,प्रिय सुप्रभात अब केवल मैं ऊपर हूँ,0,contradictory_label_conflict,Text exists under both HAM (0) and SPAM (1) across 1506 rows,
45502,आप अभी भी खेल में?,0,contradictory_label_conflict,Text exists under both HAM (0) and SPAM (1) across 1506 rows,
45503,"यदि तुम मुझे रहते हो, तो मेरे घर आओ.",0,contradictory_label_conflict,Text exists under both HAM (0) and SPAM (1) across 1506 rows,
45514,हा हा अच्छा मजाक. लड़की की स्थिति की खोज कर रहे हैं.,0,contradictory_label_conflict,Text exists under both HAM (0) and SPAM (1) across 1506 rows,
45565,फोन के लिए इतना धन्यवाद. मैं तुम्हारी देखभाल की सराहना करता हूँ.,0,contradictory_label_conflict,Text exists under both HAM (0) and SPAM (1) across 1506 rows,
45699,मैं दोपहर का खाना खाने के बाद क्या खाना चाहिए,0,contradictory_label_conflict,Text exists under both HAM (0) and SPAM (1) across 1506 rows,
45751,मुझे गोली मार नहीं है. मैं डोम्स कक्ष में हूँ. : /,0,contradictory_label_conflict,Text exists under both HAM (0) and SPAM (1) across 1506 rows,
45821,"गाय, अब मुझे फ्लैश नहीं. अगर तुम मुझे फोन करो, मुझे फोन करो. कैसे मैडम. ध्यान रखना.",0,contradictory_label_conflict,Text exists under both HAM (0) and SPAM (1) across 1506 rows,
45827,मैं सारी रात सो नहीं रहा था. वे यह नहीं बता सकते कि जन्म नियंत्रण के पक्ष प्रभाव बहुत बढ़ रहे हैं पहले 2 महीनों के लिए। मैं पूरी रात में नींद नहीं आया था।,0,contradictory_label_conflict,Text exists under both HAM (0) and SPAM (1) across 34 rows,2
45828,यदि आप अपने रास्ते से कि काम को रोकने के लिए अपने रास्ते पर पाठ.,0,contradictory_label_conflict,Text exists under both HAM (0) and SPAM (1) across 1506 rows,
45850,प्रेम एक नियम है; जिससे आप प्रेम करते हैं उसे प्रसन्‍न कीजिए ।,0,contradictory_label_conflict,Text exists under both HAM (0) and SPAM (1) across 1506 rows,
45905,मुझे अपनी प्रतिक्रिया भेजें: -),0,contradictory_label_conflict,Text exists under both HAM (0) and SPAM (1) across 1506 rows,
45909,"नहीं, बल्कि धुंधलापन- रेखा खिलाड़ी कर सकते हैं",0,contradictory_label_conflict,Text exists under both HAM (0) and SPAM (1) across 1506 rows,
45966,चीखने - चिल्लाने के लिए तैयार हो जाओ:),0,contradictory_label_conflict,Text exists under both HAM (0) and SPAM (1) across 1506 rows,
45970,उसे कभी अपने शब्द ठीक करने के लिए बात मत करो.,0,contradictory_label_conflict,Text exists under both HAM (0) and SPAM (1) across 1506 rows,
45971,आप एक उपकरण बुलाया गया है?,0,contradictory_label_conflict,Text exists under both HAM (0) and SPAM (1) across 1506 rows,
45981,मुझे अभी भी कार्यालय में टी. अमेरिका देख रहे हैं?,0,contradictory_label_conflict,Text exists under both HAM (0) and SPAM (1) across 1506 rows,
46007,मैं बर्फ चाहते हैं. यह सिर्फ ठंड और हवा है.,0,contradictory_label_conflict,Text exists under both HAM (0) and SPAM (1) across 1506 rows,
46011,वह कुछ भी बताओ. वह मुझ पर क्रोधित है कि तुम क्यों एक आइबी से कहा कि.,0,contradictory_label_conflict,Text exists under both HAM (0) and SPAM (1) across 1506 rows,
46083,अमरीका में सजग होइए!,0,contradictory_label_conflict,Text exists under both HAM (0) and SPAM (1) across 1506 rows,
46119,"बैल मुझ से बात करते हैं, तब मैं किसी और से पूछ रहा था कि तुम दोस्ती करते हो.",0,contradictory_label_conflict,Text exists under both HAM (0) and SPAM (1) across 1506 rows,
46155,अपनी माँ ए के साथ चर्चा की?,0,contradictory_label_conflict,Text exists under both HAM (0) and SPAM (1) across 1506 rows,
46223,"कल्पना कीजिए कि आप उस स्नान में डूब जाते हैं जब मैं अपनी गति के माध्यम से तुम्हें डाल दिया है, शायद आप भी मुझे कुछ समय के लिए खाने के लिए... लेकिन यह भी कल्पना करें कि स्नान पानी से घिरा हुआ है, आप हमेशा याद है जो आप अपने आप को याद करते हैं...",0,contradictory_label_conflict,Text exists under both HAM (0) and SPAM (1) across 1506 rows,
46224,हाय मुबारक जन्मदिन. हाय हाय हाय हाय.,0,contradictory_label_conflict,Text exists under both HAM (0) and SPAM (1) across 1506 rows,
46343,यदि हाँ जा रहा है तो डॉ.,0,contradictory_label_conflict,Text exists under both HAM (0) and SPAM (1) across 1506 rows,
46409,क्या हम किसी भी बिजली की आपूर्ति है,0,contradictory_label_conflict,Text exists under both HAM (0) and SPAM (1) across 1506 rows,
46480,मैं शराब और मेरी औरत को प्यार करता हूँ!,0,contradictory_label_conflict,Text exists under both HAM (0) and SPAM (1) across 1506 rows,
46504,मेरा भाई भी मेरे साथ बातें करना नहीं चाहता; वे मेरे साथ सहायक की नाई बर्ताव करते हैं।,0,contradictory_label_conflict,Text exists under both HAM (0) and SPAM (1) across 1506 rows,
46542,"हाँ, लेकिन मैं परवाह नहीं है! मैं आप बुरे, राजकुमारी की जरूरत है!",0,contradictory_label_conflict,Text exists under both HAM (0) and SPAM (1) across 1506 rows,
46565,ई. बा.. बा......,0,contradictory_label_conflict,Text exists under both HAM (0) and SPAM (1) across 1506 rows,
46645,उस जगह पर मसीही वर्ग पूरी तरह से मौजूद है ।,0,contradictory_label_conflict,Text exists under both HAM (0) and SPAM (1) across 1506 rows,
46707,तो मैं खरीदनेवालों की एक सूची कर रहा हूँ.,0,contradictory_label_conflict,Text exists under both HAM (0) and SPAM (1) across 1506 rows,
46716,"माफ करना, मेरी कुंजी पैड बंद करो.",0,contradictory_label_conflict,Text exists under both HAM (0) and SPAM (1) across 1506 rows,
46772,मैं कल किस वक्‍त आ सकता हूँ,0,contradictory_label_conflict,Text exists under both HAM (0) and SPAM (1) across 1506 rows,
46792,मेरा मतलब है कि तुम अब क्या कर रहे हो.,0,contradictory_label_conflict,Text exists under both HAM (0) and SPAM (1) across 1506 rows,
46803,बॉस क्यों?,0,contradictory_label_conflict,Text exists under both HAM (0) and SPAM (1) across 1506 rows,
46811,वे कब्र के लिए दूसरा मौका दे रहे हैं.,0,contradictory_label_conflict,Text exists under both HAM (0) and SPAM (1) across 1506 rows,
46838,के- अभी भी तुम मुझे प्यार कर रहे हैं.,0,contradictory_label_conflict,Text exists under both HAM (0) and SPAM (1) across 1506 rows,
46866,सर डाक चेक करने के लिए भेजें.,0,contradictory_label_conflict,Text exists under both HAM (0) and SPAM (1) across 1506 rows,
46885,यार आप कैसे हवा की तरह करते हैं.,0,contradictory_label_conflict,Text exists under both HAM (0) and SPAM (1) across 1506 rows,
46895,मुझे लगता है कि एक अच्छा लग रहा है.,0,contradictory_label_conflict,Text exists under both HAM (0) and SPAM (1) across 1506 rows,
46920,खरीदारी करने के लिए उन्हें कुल मिलाकर 2 खेत छोड़ देना पड़ता है।,0,contradictory_label_conflict,Text exists under both HAM (0) and SPAM (1) across 34 rows,2
46922,या यह एक समय पहले आया था,0,contradictory_label_conflict,Text exists under both HAM (0) and SPAM (1) across 1506 rows,
46957,मैं कुछ घंटों पहले एक सवाल पूछने लगा था.,0,contradictory_label_conflict,Text exists under both HAM (0) and SPAM (1) across 1506 rows,
46974,"हाँ, कोई भी कभी भी अगले सप्ताह तुम अपनी माँ वम्प से दूर हो सकते हैं; 3 से पहले उठो",0,contradictory_label_conflict,Text exists under both HAM (0) and SPAM (1) across 7 rows,3
47062,मैं आपको एक भाई और भूमिका मॉडल के रूप में प्रिय समझता हूँ ।,0,contradictory_label_conflict,Text exists under both HAM (0) and SPAM (1) across 1506 rows,
47323,मैं अब प्राथमिक बिस्तर पर जा रहा हूँ,0,contradictory_label_conflict,Text exists under both HAM (0) and SPAM (1) across 1506 rows,
47340,अपने के- एटीई की शाम कैसी है? मुझे आशा है कि मैं तुम्हें कल एक बिट के लिए देख सकते हैं...... लेकिन मुझे पता है कि अगर यू यू. यू.,0,contradictory_label_conflict,Text exists under both HAM (0) and SPAM (1) across 1506 rows,
47343,मैं माफी चाहता हूँ. मैं उन लोगों के साथ मिल गया है जो संपर्क में नहीं रहते हैं. आप मेरे लिए एक बहुत सौदा है. आप हर समय में एक दोस्त किया गया है एक बहुत बड़ी लागत पर भी. एक महान सप्ताह है.,0,contradictory_label_conflict,Text exists under both HAM (0) and SPAM (1) across 1506 rows,
47404,खुशहाल साल मेरे किसी भी आदमी को नहीं,0,contradictory_label_conflict,Text exists under both HAM (0) and SPAM (1) across 1506 rows,
47448,अस्पताल और चिकित्सा - क्षेत्र सुरक्षित हैं ।,0,contradictory_label_conflict,Text exists under both HAM (0) and SPAM (1) across 1506 rows,
47459,"हम स्नान, बच्चे में क्या करेंगे?",0,contradictory_label_conflict,Text exists under both HAM (0) and SPAM (1) across 1506 rows,
47460,"गति के बोर? प्रौद की जाँच करें? प्रौद्विद्विधक, १२१५.५ करने की कोशिश करें, यदि आप ईएम-पपी की तरह नहीं है और एक नई गपशप नहीं है!",1,contradictory_label_conflict,Text exists under both HAM (0) and SPAM (1) across 1506 rows,
47482,ओ. खैर यूवीव उत्परिवर्तन का कारण है. सूर्यस्क्रीन इन दिनों की आवश्यकता के समान है,0,contradictory_label_conflict,Text exists under both HAM (0) and SPAM (1) across 1506 rows,
47525,आप दृढ़ चाल में हैं!,0,contradictory_label_conflict,Text exists under both HAM (0) and SPAM (1) across 1506 rows,
47586,"सर अच्छा सूरज, एक बार मुझे कॉल.",0,contradictory_label_conflict,Text exists under both HAM (0) and SPAM (1) across 1506 rows,
47699,प्रिय इच्छा के लिए धन्यवाद.,0,contradictory_label_conflict,Text exists under both HAM (0) and SPAM (1) across 1506 rows,
47763,मैं नहीं है कि अगर वेश्वर कर रहे हैं,0,contradictory_label_conflict,Text exists under both HAM (0) and SPAM (1) across 1506 rows,
47863,एलेक्स एक आदमी जानता है जो मध्य में बेचता है लेकिन वह दक्षिण टेम्पा में नीचे है और मुझे नहीं लगता कि मैं इसे 8 की तरह स्थापित कर सकता है,0,contradictory_label_conflict,Text exists under both HAM (0) and SPAM (1) across 10 rows,8
47982,hi,1,contradictory_label_conflict,Text exists under both HAM (0) and SPAM (1) across 2 rows,hi
48031,"हाँ क्यों नहीं, गिरोह सब तैयार है",0,contradictory_label_conflict,Text exists under both HAM (0) and SPAM (1) across 1506 rows,
48040,"मैं नहीं भूल सकता है, हमेशा आप के साथ संपर्क में हो जाएगा:",0,contradictory_label_conflict,Text exists under both HAM (0) and SPAM (1) across 1506 rows,
48131,मैं लेल पाने के लिए आता हूँ,0,contradictory_label_conflict,Text exists under both HAM (0) and SPAM (1) across 1506 rows,
48222,ओके आई भी परिवर्तन...,0,contradictory_label_conflict,Text exists under both HAM (0) and SPAM (1) across 1506 rows,
48247,आज एक अच्छा दिन है. मैं तुमसे बहुत प्यार करता हूँ.,0,contradictory_label_conflict,Text exists under both HAM (0) and SPAM (1) across 1506 rows,
48300,मैं एक बार मैं घर मिल जाएगा,0,contradictory_label_conflict,Text exists under both HAM (0) and SPAM (1) across 1506 rows,
48326,तुम मेरे साथ बात कर सकते हैं.,0,contradictory_label_conflict,Text exists under both HAM (0) and SPAM (1) across 1506 rows,
48356,उसे बुलाओ और कहो कि आज आप ठीक नहीं आते हैं...... और उन्हें मुझे इस तरह मूर्ख करने के लिए नहीं कहना,0,contradictory_label_conflict,Text exists under both HAM (0) and SPAM (1) across 1506 rows,
48407,जो अजीब है क्योंकि मुझे पता है कि मैं एक बिंदु पर था,0,contradictory_label_conflict,Text exists under both HAM (0) and SPAM (1) across 1506 rows,
48417,क्या यूयू ने पाया कि व्यक्‍ति की कहानी,0,contradictory_label_conflict,Text exists under both HAM (0) and SPAM (1) across 1506 rows,
48418,"नहीं, मुझे लगता है कि नहीं होना है. मैं मैं पर प्रतिक्रिया दे रहा हूँ अगर मैं गलत हो रहा हूँ?",0,contradictory_label_conflict,Text exists under both HAM (0) and SPAM (1) across 1506 rows,
48442,यू लोग कभी भी मुझे आमंत्रित नहीं करते:( ),0,contradictory_label_conflict,Text exists under both HAM (0) and SPAM (1) across 1506 rows,
48477,"आनन्द का पिता यूहन्ना है, तब यूहन्ना आनन्द के पिता का नाम है: यारन",0,contradictory_label_conflict,Text exists under both HAM (0) and SPAM (1) across 1506 rows,
48490,नए साल मुबारक हो मेरे प्रिय भाई. मैं वास्तव में आप याद आती है. बस अपनी संख्या मिल गया और आप इस पाठ को भेजने का निर्णय लिया आप केवल खुशी चाहते हैं.,0,contradictory_label_conflict,Text exists under both HAM (0) and SPAM (1) across 1506 rows,
48518,तो वे उसे लगता है और कैसे एक स्वर चरित्र है?,0,contradictory_label_conflict,Text exists under both HAM (0) and SPAM (1) across 1506 rows,
48554,इसे छोड़ देना. अमेरिका हमेशा अज्ञात हो जाएगा.,0,contradictory_label_conflict,Text exists under both HAM (0) and SPAM (1) across 1506 rows,
48595,मैं भी भूल गया.,0,contradictory_label_conflict,Text exists under both HAM (0) and SPAM (1) across 1506 rows,
48649,मैं अंत में घर पहुँच गया है...,0,contradictory_label_conflict,Text exists under both HAM (0) and SPAM (1) across 1506 rows,
48656,वेबपेज उपलब्ध नहीं!,0,contradictory_label_conflict,Text exists under both HAM (0) and SPAM (1) across 1506 rows,
48695,पहले से ही एक आदमी तुमसे प्यार करता है: -.,0,contradictory_label_conflict,Text exists under both HAM (0) and SPAM (1) across 1506 rows,
48784,भविष्य नहीं है कि हम कल के लिए क्या योजना बना रहे हैं...,0,contradictory_label_conflict,Text exists under both HAM (0) and SPAM (1) across 1506 rows,
48863,अमरीका में मेरे बच्चे आ रहे हैं और मेरी जान ले रहे हैं,0,contradictory_label_conflict,Text exists under both HAM (0) and SPAM (1) across 1506 rows,
48888,WIN: हमारे पास एक विजेता है!,1,contradictory_label_conflict,Text exists under both HAM (0) and SPAM (1) across 2 rows,win
48912,मैं शायद एक बहुत के आसपास हो जाएगा,0,contradictory_label_conflict,Text exists under both HAM (0) and SPAM (1) across 1506 rows,
48953,मैं अभी फोन लेने नहीं कर सकते हैं।,0,contradictory_label_conflict,Text exists under both HAM (0) and SPAM (1) across 1506 rows,
49002,"Hi ,",0,contradictory_label_conflict,Text exists under both HAM (0) and SPAM (1) across 2 rows,hi
49025,"ठीक है, एक छोटी सी संकट हो गया है और घर हो गया है इससे पहले कि उसने ऐसा सोचा कि यहाँ हो सकता है",0,contradictory_label_conflict,Text exists under both HAM (0) and SPAM (1) across 1506 rows,
49032,"हम जिस तरह से बचा है, वह बहुत महँगा है.",0,contradictory_label_conflict,Text exists under both HAM (0) and SPAM (1) across 1506 rows,
49060,हाँ. अब केवल अपने संदेश को देखा.,0,contradictory_label_conflict,Text exists under both HAM (0) and SPAM (1) across 1506 rows,
49091,मैं घर पर तैयार हूँ...,0,contradictory_label_conflict,Text exists under both HAM (0) and SPAM (1) across 1506 rows,
49093,माफ करना पूरी तरह भूल गया * अगर आप यहाँ अभी भी हों तो इस सप्ताह ईएम को पॉप करेगा?,0,contradictory_label_conflict,Text exists under both HAM (0) and SPAM (1) across 1506 rows,
49158,आप आवश्यकताएँ कृपया देखें,0,contradictory_label_conflict,Text exists under both HAM (0) and SPAM (1) across 1506 rows,
49267,जूज़ेस नहाते हुए समाप्त हो जाता है...,0,contradictory_label_conflict,Text exists under both HAM (0) and SPAM (1) across 1506 rows,
49369,लेकिन मेरे परिवार ने कुछ नहीं कहा ।,0,contradictory_label_conflict,Text exists under both HAM (0) and SPAM (1) across 1506 rows,
49398,मुझे डर नहीं है! मैं आज हो सकता है आकाश दूर रह रहा हूँ! क्या वेन दिवस के आसपास हो जाएगा. क्या आप इस सप्ताह की कल्पना कर रहे हैं जिस तरह से इस सप्ताह?,0,contradictory_label_conflict,Text exists under both HAM (0) and SPAM (1) across 1506 rows,
49426,मैं तुम्हें बाद में बुरा फोन फिल्म में हूँ.,0,contradictory_label_conflict,Text exists under both HAM (0) and SPAM (1) across 1506 rows,
49481,"मैं एक बैठक में हूँ, मुझे बाद में फोन",0,contradictory_label_conflict,Text exists under both HAM (0) and SPAM (1) across 1506 rows,
49554,मैं उसे नंबर सर नहीं मिल रहा है,0,contradictory_label_conflict,Text exists under both HAM (0) and SPAM (1) across 1506 rows,
49569,Ã°ÂÂÂ Ã°ÂÂÂ,0,contradictory_label_conflict,Text exists under both HAM (0) and SPAM (1) across 1506 rows,
49581,मैं वहाँ जाओ.,0,contradictory_label_conflict,Text exists under both HAM (0) and SPAM (1) across 1506 rows,
49593,"नहीं, मैं * इसे पोस्ट करने के लिए मतलब नहीं है. मैं यह लिखा है, और अन्य कई बार मैं तुम्हें करने के लिए सामान है, मैं यह वहाँ बैठने देता हूँ. यह मैं क्या था समय पर लग रहा था. मैं छोड़ दिया गया था, तो बंद करो. यह मेरे फोन पर नहीं था. जब मैं मेरी कार नहीं मिला था, यह नहीं था. यह आप के लिए नहीं किया गया था, आप कम से कम समय के लिए नहीं था, यह साफ करने के लिए नहीं किया गया था. तो आप कम से कम, यह नहीं किया गया था, है कि बिस्तर.",0,contradictory_label_conflict,Text exists under both HAM (0) and SPAM (1) across 1506 rows,
49643,क्या यू. एस.,0,contradictory_label_conflict,Text exists under both HAM (0) and SPAM (1) across 1506 rows,
49650,बिल की तरह: क्या मेरे लिए वहाँ कोई पत्र है?,0,contradictory_label_conflict,Text exists under both HAM (0) and SPAM (1) across 1506 rows,
49670,हाँ आप उस सप्ताहांत में रहने के लिए पुष्टि की,0,contradictory_label_conflict,Text exists under both HAM (0) and SPAM (1) across 1506 rows,
49726,आज मैं कॉलेज जा रहा हूँ तो कक्षा की श्रेणी में सक्षम नहीं हूँ.,0,contradictory_label_conflict,Text exists under both HAM (0) and SPAM (1) across 1506 rows,
49791,एक महान विक्षोभ; सफल दिन है ।...,0,contradictory_label_conflict,Text exists under both HAM (0) and SPAM (1) across 1506 rows,
49812,* कोई भी आवाज़ नहीं कर रहा हूँ लेकिन पूरी तरह से चीखने - चिल्लाने का पूरा घर है इसलिए * मेरे बालों को बाहर खींच रहा है!,0,contradictory_label_conflict,Text exists under both HAM (0) and SPAM (1) across 1506 rows,
49814,आई.एस.,0,contradictory_label_conflict,Text exists under both HAM (0) and SPAM (1) across 1506 rows,
49830,तुम्हारा दिन कैसा था?,0,contradictory_label_conflict,Text exists under both HAM (0) and SPAM (1) across 1506 rows,
49835,आप खूबसूरत हैं!,0,contradictory_label_conflict,Text exists under both HAM (0) and SPAM (1) across 1506 rows,
49859,"मुझे पता है, बूढ़े लोग. मेरी माँ तुम्हारी तरह बेहतर थी तुम झूठ नहीं बोल सकते. फिर मैं हमेशा मजाक खेलने के लिए एक हूँ...",0,contradictory_label_conflict,Text exists under both HAM (0) and SPAM (1) across 1506 rows,
49908,हाँ प्रोग्राम के साथ मिलता है. आप ढीले पड़ रहे हैं.,0,contradictory_label_conflict,Text exists under both HAM (0) and SPAM (1) across 1506 rows,
49940,तुम लोगों को एक महान बदमाश चाहते हैं.,0,contradictory_label_conflict,Text exists under both HAM (0) and SPAM (1) across 1506 rows,
49942,उसे नज़रअंदाज़ मत कीजिए,0,contradictory_label_conflict,Text exists under both HAM (0) and SPAM (1) across 1506 rows,
49962,"जरियुस क्या हो रहा है, अपने भाई को कैसा लगा : याक ने अपना नंबर मेरे आसमान में भेज दिया.",0,contradictory_label_conflict,Text exists under both HAM (0) and SPAM (1) across 1506 rows,
49978,आम तौर पर शरीर को इसकी देखभाल की ज़रूरत होती है ताकि वह उन्‍नति कर सके ।,0,contradictory_label_conflict,Text exists under both HAM (0) and SPAM (1) across 1506 rows,
49985,यह बताने के लिए कृपया इस विषय को छोड़ दें.,0,contradictory_label_conflict,Text exists under both HAM (0) and SPAM (1) across 1506 rows,
50049,तुम अपने आप को और जो निजी संपत्ति आप कर रहे हैं मत भूलना... और मेरा अच्छा लड़का हमेशा हो। * हंसना चुंबन *,0,contradictory_label_conflict,Text exists under both HAM (0) and SPAM (1) across 1506 rows,
50109,"नहीं अभी तक, फिर भी उसे पकड़ पाने की कोशिश कर",0,contradictory_label_conflict,Text exists under both HAM (0) and SPAM (1) across 1506 rows,
50143,आप अपने जीिस्ट ओह पूरा नहीं किया.,0,contradictory_label_conflict,Text exists under both HAM (0) and SPAM (1) across 1506 rows,
50148,आप कैसा व्यवहार करना चाहेंगे? :),0,contradictory_label_conflict,Text exists under both HAM (0) and SPAM (1) across 1506 rows,
50159,तुम्हारी हिम्मत कैसे हुई मेरी अंगूठी को बदलने की,0,contradictory_label_conflict,Text exists under both HAM (0) and SPAM (1) across 1506 rows,
50255,वह अकेला समय चाहता है. हम बस दिखा सकते हैं और जब वे करते हैं.,0,contradictory_label_conflict,Text exists under both HAM (0) and SPAM (1) across 1506 rows,
50287,आप कैसे पकड़ रहे हैं?,0,contradictory_label_conflict,Text exists under both HAM (0) and SPAM (1) across 1506 rows,
50323,खैर मैं 3डी में शंक देखेंगे!,0,contradictory_label_conflict,Text exists under both HAM (0) and SPAM (1) across 7 rows,3
50483,"हाय, अब ठीक हो गया है! हाँ, एक बिट के लिए एक बिट के लिए. लगता है कि मैं चार में बालों वाले तय किया है इतना पहले से ही घर पर बारिश पाने की जरूरत है. क्या यह यू के लिए कारण है?",0,contradictory_label_conflict,Text exists under both HAM (0) and SPAM (1) across 1506 rows,
50517,"नहीं, लेकिन मैं घर जा रहा हूँ अब पंप... बारिश होने की तरह...",0,contradictory_label_conflict,Text exists under both HAM (0) and SPAM (1) across 1506 rows,
50532,"हाँ, कि मैं क्या सोच रहा था",0,contradictory_label_conflict,Text exists under both HAM (0) and SPAM (1) across 1506 rows,
50615,"खैर, कंप्यूटरहीन. समय कुछ ओरो ट्रॉफ़्स बनाने के लिए",0,contradictory_label_conflict,Text exists under both HAM (0) and SPAM (1) across 1506 rows,
50680,फिर मुंडी कैसे?,0,contradictory_label_conflict,Text exists under both HAM (0) and SPAM (1) across 1506 rows,
50737,एक उदाहरण पर गौर कीजिए ।,0,contradictory_label_conflict,Text exists under both HAM (0) and SPAM (1) across 1506 rows,
50788,कलिस 2रा में बल्ले के लिए तैयार है,0,contradictory_label_conflict,Text exists under both HAM (0) and SPAM (1) across 34 rows,2
50797,याथ यूबी कहते हैं कि वह अब भी विश्वास करता है।,0,contradictory_label_conflict,Text exists under both HAM (0) and SPAM (1) across 1506 rows,
50804,Ã°ÂÂÂ,0,contradictory_label_conflict,Text exists under both HAM (0) and SPAM (1) across 1506 rows,
50814,आप यकीन नहीं कर रहे हैं कि मैं धूम्रपान करने की कोशिश नहीं कर रहा हूँ क्योंकि मैं धूम्रपान करने के बाद कहा जा रहा हूँ मैं बहुत धूम्रपान करने के बाद नहीं करना चाहता?,0,contradictory_label_conflict,Text exists under both HAM (0) and SPAM (1) across 1506 rows,
50826,अरे आप खरीदने के लिए कुछ भी करना चाहते हैं:),0,contradictory_label_conflict,Text exists under both HAM (0) and SPAM (1) across 1506 rows,
50833,हम्म... मेरे चाचा ने बस मुझे बताया कि वह सीधे स्कूल का भुगतान कर रहा है. तो शानदार भोजन खरीदता है.,0,contradictory_label_conflict,Text exists under both HAM (0) and SPAM (1) across 1506 rows,
50957,क्या आप एक नया वीडियो हाथ सेट करना चाहते हैं?,1,contradictory_label_conflict,Text exists under both HAM (0) and SPAM (1) across 1506 rows,
51005,क्या आपके पास एक फली बॉक्स संख्या है?,0,contradictory_label_conflict,Text exists under both HAM (0) and SPAM (1) across 1506 rows,
51031,जो मैं कहना चाहता था वह यह देखने के लिए इंतजार कर रहा है कि इस ऑडिक जल प्रतिबंधों का बोर होना फिर से प्रारंभ हो रहा है,0,contradictory_label_conflict,Text exists under both HAM (0) and SPAM (1) across 1506 rows,
51199,लेकिन आप एक साथ थे तो आप उसके बारे में सोचना चाहिए,0,contradictory_label_conflict,Text exists under both HAM (0) and SPAM (1) across 1506 rows,
51230,यो खेद स्नान में था,0,contradictory_label_conflict,Text exists under both HAM (0) and SPAM (1) across 1506 rows,
51282,"हम्म ठीक है, रात को",0,contradictory_label_conflict,Text exists under both HAM (0) and SPAM (1) across 1506 rows,
51285,"बस आया, आप एक जोड़े के दिनों में औरत; 3 में देखें",0,contradictory_label_conflict,Text exists under both HAM (0) and SPAM (1) across 7 rows,3
51371,धन्यवाद. क्या आप आम तौर पर भाईथ की तारीख है?,0,contradictory_label_conflict,Text exists under both HAM (0) and SPAM (1) across 1506 rows,
51423,क्या मैं सुनूँगा.,0,contradictory_label_conflict,Text exists under both HAM (0) and SPAM (1) across 1506 rows,
51444,ओसी यह यहां बर्फ हो सकता है!,0,contradictory_label_conflict,Text exists under both HAM (0) and SPAM (1) across 1506 rows,
51563,सच्ची.. वह शाम को प्रार्थना करने के लिए बैठा और ऐसा महसूस किया. तो मैं कुछ समय में आप चाहते हैं...,0,contradictory_label_conflict,Text exists under both HAM (0) and SPAM (1) across 1506 rows,
51598,समझ के लिए धन्यवाद. मैं सूरा बताने की कोशिश कर रहा हूँ.,0,contradictory_label_conflict,Text exists under both HAM (0) and SPAM (1) across 1506 rows,
51644,मैं जाग रहा हूँ ओह.,0,contradictory_label_conflict,Text exists under both HAM (0) and SPAM (1) across 1506 rows,
51716,क्या यूएल ने देखा कि मैं अपने फेसबुक पर क्या पोस्ट किया?,0,contradictory_label_conflict,Text exists under both HAM (0) and SPAM (1) across 1506 rows,
51776,"बेशक, मुझे लगता है कि भगवान बस मुझे अभी पकड़ पर मिला है.",0,contradictory_label_conflict,Text exists under both HAM (0) and SPAM (1) across 1506 rows,
51832,नाइजीरिया जाने के लिए एक सुरक्षित यात्रा कीजिए ।,0,contradictory_label_conflict,Text exists under both HAM (0) and SPAM (1) across 1506 rows,
51860,वे हमें यह बताने के लिए कि फिर कभी आने की कोई ज़रूरत नहीं थी.,0,contradictory_label_conflict,Text exists under both HAM (0) and SPAM (1) across 1506 rows,
51873,मैं वास्तव में यह अभी भी आज रात बालक करने के लिए नहीं कर रहा हूँ,0,contradictory_label_conflict,Text exists under both HAM (0) and SPAM (1) across 1506 rows,
51877,आप जल्द ही किसी भी समय वापस हो रही है?,0,contradictory_label_conflict,Text exists under both HAM (0) and SPAM (1) across 1506 rows,
51888,"येर वो कहते हैं 2 आज का घोड़ा दौड़ता जा रहा है, तो पहले खा लो. मैं मुर्गी चावल खा रहा था?",0,contradictory_label_conflict,Text exists under both HAM (0) and SPAM (1) across 34 rows,2
51933,तो कुछ विशेष?,0,contradictory_label_conflict,Text exists under both HAM (0) and SPAM (1) across 1506 rows,
51952,मैं इसे प्यार करता हूँ ।,0,contradictory_label_conflict,Text exists under both HAM (0) and SPAM (1) across 1506 rows,
51985,वे किताबहेल्फ पर नहीं हैं,0,contradictory_label_conflict,Text exists under both HAM (0) and SPAM (1) across 1506 rows,
52021,"मैं इसे बाद में मिल जाएगा यह एक कड़ा बकवास,",0,contradictory_label_conflict,Text exists under both HAM (0) and SPAM (1) across 1506 rows,
52060,* यह सोच रहा था कि इन्हें ट्रेन में ले जाने के लिए 2 लाल लाल लाल लाल लाल लाल रंग के टायरों का इस्तेमाल किया जा सकता है,0,contradictory_label_conflict,Text exists under both HAM (0) and SPAM (1) across 34 rows,2
52082,अरे शो अभी भी ऑनलाइन है? मैं फ़ॉर्मेटिंग समाप्त कर दिया है...,0,contradictory_label_conflict,Text exists under both HAM (0) and SPAM (1) across 1506 rows,
52287,"मैं सोलीफल में हूँ, तुम कुछ भी चाहते हो?",0,contradictory_label_conflict,Text exists under both HAM (0) and SPAM (1) across 1506 rows,
52290,यह पता है.,0,contradictory_label_conflict,Text exists under both HAM (0) and SPAM (1) across 1506 rows,
52319,यहां पर इस लानत नौकरी शिकार के साथ कहीं नहीं मिल रहा है!,0,contradictory_label_conflict,Text exists under both HAM (0) and SPAM (1) across 1506 rows,
52346,ठीक अपने क्षमा कर दिया:),0,contradictory_label_conflict,Text exists under both HAM (0) and SPAM (1) across 1506 rows,
52352,अमेरिका फिर से ईएल निर्देश. वाट घर का सड़क नाम है?,0,contradictory_label_conflict,Text exists under both HAM (0) and SPAM (1) across 1506 rows,
52504,कभी कभी दिल रीब्ज़र किसी को बहुत जल्दी भूल जाता है... बौने दिल हर किसी की तरह नहीं होता। लेकिन पसंदी लोगों को हर समय याद किया जाएगा...,0,contradictory_label_conflict,Text exists under both HAM (0) and SPAM (1) across 1506 rows,
52589,अगर एक बात इसकी दूसरी बात नहीं है. मेरे बिल्ली के कीड़े होते हैं: / यह बुरा दिन कब खत्म होता है?,0,contradictory_label_conflict,Text exists under both HAM (0) and SPAM (1) across 1506 rows,
52618,बेबे? मैं तुम्हें खो दिया...,0,contradictory_label_conflict,Text exists under both HAM (0) and SPAM (1) across 1506 rows,
52643,मैं फिर भी प्यार करता हूँ लेकिन कोशिश करते हैं और अपने पैसे बेहतर बच्चे. गैरी मुझ पर बेकार होगा अगर वह जानता था.,0,contradictory_label_conflict,Text exists under both HAM (0) and SPAM (1) across 1506 rows,
52666,मुझे एक आभासी गले भेजना चाहते हैं?,0,contradictory_label_conflict,Text exists under both HAM (0) and SPAM (1) across 1506 rows,
52709,मैं कक्षा में कि ज्यादा छवि नहीं है.,0,contradictory_label_conflict,Text exists under both HAM (0) and SPAM (1) across 1506 rows,
52732,मैं एक भूमि लाइन नंबर से एक फोन मिल गया.,0,contradictory_label_conflict,Text exists under both HAM (0) and SPAM (1) across 1506 rows,
52926,बैटरी मेरे चाचा मिगन के लिए है.,0,contradictory_label_conflict,Text exists under both HAM (0) and SPAM (1) across 1506 rows,
52938,कार्यालय डॉ के लिए रास्ते पर.,0,contradictory_label_conflict,Text exists under both HAM (0) and SPAM (1) across 1506 rows,
52949,मैं कहा कि उसे बताओ.,0,contradictory_label_conflict,Text exists under both HAM (0) and SPAM (1) across 1506 rows,
53011,"वह वहाँ है, कैसे अमेरिका?",0,contradictory_label_conflict,Text exists under both HAM (0) and SPAM (1) across 1506 rows,
53027,यू अब कॉल कर सकते हैं...,0,contradictory_label_conflict,Text exists under both HAM (0) and SPAM (1) across 1506 rows,
53058,आप अद्भुत किया गया है.,0,contradictory_label_conflict,Text exists under both HAM (0) and SPAM (1) across 1506 rows,
53079,यहाँ बाल पोशाक के बहुत सारे मिला.,0,contradictory_label_conflict,Text exists under both HAM (0) and SPAM (1) across 1506 rows,
53090,रोन क्लब: ग्रे8 नए पॉलीन हर सप्ताह आपके मोबाइल की ओर निर्देशित करते हैं!,1,contradictory_label_conflict,Text exists under both HAM (0) and SPAM (1) across 10 rows,8
53112,"इसका मतलब है कि आप एक ईपी, वह ठीक है. वह अब यहाँ है.",0,contradictory_label_conflict,Text exists under both HAM (0) and SPAM (1) across 1506 rows,
53233,अरे अपनी परियोजना के बारे में क्या.,0,contradictory_label_conflict,Text exists under both HAM (0) and SPAM (1) across 1506 rows,
53241,"एक कड़ा, मैं एक दोस्त के कमरे में ठंडा हूँ तो मुझे पाठ जब आप रास्ते पर हैं",0,contradictory_label_conflict,Text exists under both HAM (0) and SPAM (1) across 1506 rows,
53307,क्षमा करें. आप कभी नहीं सुनते जब तक आप इसे नहीं सुनते. एक तरह से एक मजाक - एक था वास्तव में त्वचा की सफ़ेद लड़कियों के लिए देख रहे थे. दूसरा था - आप केवल उस के साथ कैमरा पर इतना कर सकते हैं. जैसे कुछ वे देख रहे हैं.,0,contradictory_label_conflict,Text exists under both HAM (0) and SPAM (1) across 1506 rows,
53316,"अरे सेक्सी? मैंने तुमसे कहा था, प्रेमी लड़का. मुझे आशा है कि आप उन मांसब्स * के लिए कानून में अपनी बहन का धन्यवाद करने के लिए याद है... मैं तुम्हें प्यार करता हूँ, लड़की.",0,contradictory_label_conflict,Text exists under both HAM (0) and SPAM (1) across 1506 rows,
53331,"हैलो, मेरा प्यार कैसे चला गया? क्या तुम ठीक हो? मुझे लगता है, मेरी प्यारी और तुम्हारे दिल को यह याद दिलाने के लिए भेजा... मैं तुम्हें प्यार करता हूँ! क्या आप इसे सुन सकते हैं? मैं इसे सारी दुनिया के लिए उड़ा सकते हैं. फ्रैंक हॉली प्यार प्यार करता है!",0,contradictory_label_conflict,Text exists under both HAM (0) and SPAM (1) across 1506 rows,
53338,"जी हाँ, संभव है लेकिन खाना की कोशिश. यार्ड्स किसी भी केक को बताने के लिए नहीं जाता",0,contradictory_label_conflict,Text exists under both HAM (0) and SPAM (1) across 1506 rows,
53437,ठीक है. की तुलना में सामान्य.,0,contradictory_label_conflict,Text exists under both HAM (0) and SPAM (1) across 1506 rows,
53468,खैर लड़का मैं खुश हूँ...... मैं बेकार के लिए केबब्स पर पूरी रात बर्बाद कर दिया,0,contradictory_label_conflict,Text exists under both HAM (0) and SPAM (1) across 1506 rows,
53550,क्यों वहाँ आप खास क्या थक गया था,0,contradictory_label_conflict,Text exists under both HAM (0) and SPAM (1) across 1506 rows,
53561,चेक करें कोरलेट्स आई. सा. यु.,0,contradictory_label_conflict,Text exists under both HAM (0) and SPAM (1) across 1506 rows,
53563,यह बेवजह दुश्‍मन लगता है,0,contradictory_label_conflict,Text exists under both HAM (0) and SPAM (1) across 1506 rows,
53575,"* शायद आपका खाता पहचान देना आसान हो, सो मैं कल यूएनआई में",0,contradictory_label_conflict,Text exists under both HAM (0) and SPAM (1) across 1506 rows,
53724,तो आप अभी तक बैलचक कंधों है,0,contradictory_label_conflict,Text exists under both HAM (0) and SPAM (1) across 1506 rows,
53730,आप अभी कर रहे थे कि घर के डर के लिए डर के लिए?,0,contradictory_label_conflict,Text exists under both HAM (0) and SPAM (1) across 1506 rows,
53763,मेरा प्यारा दिन अच्छा है.,0,contradictory_label_conflict,Text exists under both HAM (0) and SPAM (1) across 1506 rows,
53776,* अच्छा सप्ताहांत है.,0,contradictory_label_conflict,Text exists under both HAM (0) and SPAM (1) across 1506 rows,
53779,मैं हर समय नीचे आ जाता हूँ और थोड़ी देर के लिए उपभोग किया जाएगा.,0,contradictory_label_conflict,Text exists under both HAM (0) and SPAM (1) across 1506 rows,
53781,आमा कॉलेज में स्थिर प्रशिक्षण की ट्रेनिंग।,0,contradictory_label_conflict,Text exists under both HAM (0) and SPAM (1) across 1506 rows,
53802,"वाह... मैं तुम्हें बहुत प्यार करता हूँ, तुम जानते हो? मैं यह मुश्किल से खड़े हो सकता है! मैं सोचता हूँ कि आपका दिन कैसे चला जाता है और अगर तुम अच्छी तरह से हो, मेरे प्यार... मैं तुम्हारे बारे में सोचता हूँ और तुम्हें याद आती है.",0,contradictory_label_conflict,Text exists under both HAM (0) and SPAM (1) across 1506 rows,
53839,धन्यवाद शहद लेकिन अभी भी कुछ भी नहीं सुना है...... मैं इसे छोड़ दिया है...... मैं इसे 2 भीड़ नहीं छोड़ देगा...... और बाद में महान सलाह कार्ड का धन्यवाद करने की कोशिश करेंगे!,0,contradictory_label_conflict,Text exists under both HAM (0) and SPAM (1) across 34 rows,2
53855,"ध्यान रखना और सोने के लिए अच्छी तरह से. आप जीवन में परिवर्तन करने के लिए सीखने की जरूरत है. आप केवल उस पर भरोसा करने के लिए की जरूरत है, लेकिन हमारे बीच और कोई बातचीत नहीं है. तेरा परिवार बहुतों के लिए आप पर खत्म है. उन्हें यकीन है कि आप के लिए लेकिन अधिक नहीं है मेरे जीवन में कोई भूमिका है.",0,contradictory_label_conflict,Text exists under both HAM (0) and SPAM (1) across 1506 rows,
53971,मुझे लगता है कि आप ईमानदारी के रास्ते जाना चाहिए बैंक कल कॉल. इसके कठिन निर्णय जो हमें महान लोगों को बनाते हैं.,0,contradictory_label_conflict,Text exists under both HAM (0) and SPAM (1) across 1506 rows,
53977,इसके लिए कोई दवा नहीं,0,contradictory_label_conflict,Text exists under both HAM (0) and SPAM (1) across 1506 rows,
53989,अत्यंत फोन के डाड मॉडल नहीं है?,0,contradictory_label_conflict,Text exists under both HAM (0) and SPAM (1) across 1506 rows,
54005,एस. प्रथम बार...,0,contradictory_label_conflict,Text exists under both HAM (0) and SPAM (1) across 1506 rows,
54039,क्या आप हमेशा कहते रहे हैं कि हमेशा वेप किया गया है?,0,contradictory_label_conflict,Text exists under both HAM (0) and SPAM (1) across 1506 rows,
54055,अरे नहीं... मैं दोपहर के भोजन के बाद आ जाएगा...,0,contradictory_label_conflict,Text exists under both HAM (0) and SPAM (1) across 1506 rows,
54107,प्राचीन समय में मध्य रात्रि,0,contradictory_label_conflict,Text exists under both HAM (0) and SPAM (1) across 1506 rows,
54109,यह मेरी नई संख्या है जिस तरह से.,0,contradictory_label_conflict,Text exists under both HAM (0) and SPAM (1) across 1506 rows,
54110,सभी ज़िंदा होंगे. खुद को किसी भी तरह से ठीक करो.,0,contradictory_label_conflict,Text exists under both HAM (0) and SPAM (1) across 1506 rows,
54238,जूज़ अब जाग गया है तो थोड़ा धुंधला... क्या पिताजी बाहर चला गया... मैं अब स्लेटो...,0,contradictory_label_conflict,Text exists under both HAM (0) and SPAM (1) across 1506 rows,
54251,"यही कारण है कि आपके पुराने कारण है, मैं उच्च होने के लिए रहते हैं.",0,contradictory_label_conflict,Text exists under both HAM (0) and SPAM (1) across 1506 rows,
54335,"हाँ, मुझे घर पर आने के बाद जवाब दीजिए.",0,contradictory_label_conflict,Text exists under both HAM (0) and SPAM (1) across 1506 rows,
54354,एक बहुत ही भिन्‍न भावना पैदा करने के लिए ।,0,contradictory_label_conflict,Text exists under both HAM (0) and SPAM (1) across 1506 rows,
54378,क्या आप नृत्य मंजिल पर अपनी लूट हिलाना पसंद है?,0,contradictory_label_conflict,Text exists under both HAM (0) and SPAM (1) across 1506 rows,
54382,कल शामिल होने के लिए जा रहे हैं.,0,contradictory_label_conflict,Text exists under both HAM (0) and SPAM (1) across 1506 rows,
54394,मैं वहाँ होना चाहता हूँ तो मैं तुम्हें चुंबन कर सकते हैं और आप मेरे बगल में महसूस कर सकते हैं,0,contradictory_label_conflict,Text exists under both HAM (0) and SPAM (1) across 1506 rows,
54477,मेरे पास और कुछ नहीं है.,0,contradictory_label_conflict,Text exists under both HAM (0) and SPAM (1) across 1506 rows,
54487,आप ऑनलाइन में नहीं हैं? क्यों?,0,contradictory_label_conflict,Text exists under both HAM (0) and SPAM (1) across 1506 rows,
54546,सोचो + डा. आप पाक करते हैं.,0,contradictory_label_conflict,Text exists under both HAM (0) and SPAM (1) across 1506 rows,
54571,यहाँ कुछ अच्छे चित्र हैं या क्या फ्रैंकनी बेनी बेनीनी के पास चेतावनी देने के पास है?,0,contradictory_label_conflict,Text exists under both HAM (0) and SPAM (1) across 1506 rows,
54636,टप्पा और कोकी के बीच.,0,contradictory_label_conflict,Text exists under both HAM (0) and SPAM (1) across 1506 rows,
54678,क्षमा करें मैं आपके फोन याद किया. आप वापस फोन कर सकते हैं.,0,contradictory_label_conflict,Text exists under both HAM (0) and SPAM (1) across 1506 rows,
54697,कोई नहीं जाना. उस कमरे के लिए कोई खोल नहीं है धन्यवाद के बिना धन्यवाद के.,0,contradictory_label_conflict,Text exists under both HAM (0) and SPAM (1) across 1506 rows,
54715,"उरघे, कोच, चिप वसा की गंध!",0,contradictory_label_conflict,Text exists under both HAM (0) and SPAM (1) across 1506 rows,
54717,उनकी संख्या भेजें और कल सुबह जवाब दें क्यों आप उससे कहा कि ठीक है कि करने के लिए,0,contradictory_label_conflict,Text exists under both HAM (0) and SPAM (1) across 1506 rows,
54746,केस: -),0,contradictory_label_conflict,Text exists under both HAM (0) and SPAM (1) across 1506 rows,
54749,हह... उम्मीद है.. की रसीद ध्वनि सुन सकते हैं... अमर भाग्य!,0,contradictory_label_conflict,Text exists under both HAM (0) and SPAM (1) across 1506 rows,
54760,मैं वास्तव में एक बहुत तर्कसंगत घंटे पर फोन पर जवाब नहीं दे रहा हूँ लेकिन मैं सो रहा हूँ,0,contradictory_label_conflict,Text exists under both HAM (0) and SPAM (1) across 1506 rows,
54784,"हाँ, मैं छोटा बच्चा हूँ. और मेरी ऊर्जा का रहस्य है.",0,contradictory_label_conflict,Text exists under both HAM (0) and SPAM (1) across 1506 rows,
54803,जहाज सी.,0,contradictory_label_conflict,Text exists under both HAM (0) and SPAM (1) across 1506 rows,
54965,"मैं तुम्हें बाद में फोन करता हूँ, नेटवर्क नहीं है।",0,contradictory_label_conflict,Text exists under both HAM (0) and SPAM (1) across 1506 rows,
54983,"* क्या आप दूसरे दिन दोस्त को देखकर बहुत अच्छा लगा, आप गायब हो गए!",0,contradictory_label_conflict,Text exists under both HAM (0) and SPAM (1) across 1506 rows,
54985,अच्छा. कोई नमाज़ की अनुमति नहीं है :),0,contradictory_label_conflict,Text exists under both HAM (0) and SPAM (1) across 1506 rows,
55176,"बिली नीचे है लेकिन मैं उसे से लेने के लिए है, तो मैं एक छोटे से में हम द्वारा झूल देंगे",0,contradictory_label_conflict,Text exists under both HAM (0) and SPAM (1) across 1506 rows,
55199,आमतौर पर एक नहीं है। यह शब्दकोश के टुकड़े में एक अभाषित संज्ञा - यू है।,0,contradictory_label_conflict,Text exists under both HAM (0) and SPAM (1) across 1506 rows,
55241,फिर कुछ नकदी साथ मिलता है और मैं पाठ ग्रेसन,0,contradictory_label_conflict,Text exists under both HAM (0) and SPAM (1) across 1506 rows,
55295,ये वर्ग में कौन है:,0,contradictory_label_conflict,Text exists under both HAM (0) and SPAM (1) across 1506 rows,
55312,इसलिए आज मैं यहाँ से भाग रहा हूँ ।,0,contradictory_label_conflict,Text exists under both HAM (0) and SPAM (1) across 1506 rows,
55406,मुझे नहीं पता ओह. उम्मीद है कि इस महीने.,0,contradictory_label_conflict,Text exists under both HAM (0) and SPAM (1) across 1506 rows,
55437,एस.आई यह जीने में देख रहा है.,0,contradictory_label_conflict,Text exists under both HAM (0) and SPAM (1) across 1506 rows,
55473,"हे भगवान, मैं लगभग घर पर हूँ",0,contradictory_label_conflict,Text exists under both HAM (0) and SPAM (1) across 1506 rows,
55491,"मैं ने सब को बुलाकर कहा, तो उसे इस भविष्य का चयन करना होगा।",0,contradictory_label_conflict,Text exists under both HAM (0) and SPAM (1) across 1506 rows,
55523,"माँ, मैं मैं यहाँ मिल गया के बाद से आप कई संदेश भेजा है. मैं सिर्फ जानना चाहता हूँ कि आप वास्तव में उन्हें ले रहे हैं. अपने दिन के बाकी का आनंद लीजिए.",0,contradictory_label_conflict,Text exists under both HAM (0) and SPAM (1) across 1506 rows,
55614,मैं वहाँ आप वहाँ सो गया था?,0,contradictory_label_conflict,Text exists under both HAM (0) and SPAM (1) across 1506 rows,
55636,आप अपने मालिक के कर्मचारियों से मेरी फ़ोन नंबर चोरी करने के द्वारा मेरी गोपनीयता भंग कर दिया हो सकता है. कृपया मुझे फिर से संपर्क नहीं करें या मैं आप अपने अधिकारी को रिपोर्ट करने के लिए रिपोर्ट करेंगे.,0,contradictory_label_conflict,Text exists under both HAM (0) and SPAM (1) across 1506 rows,
55646,"उन सभी को याद रखो जिन्हें मैं शैतान के दिनों में मुझे चोट लगी है. एक कीमत अदा करने की जरूरत है, तो यह हो सकता है. आशा मुझे चलते रहो और यू ने कहा कि मैं एक ही बात करने के लिए मन मिलता है.",0,contradictory_label_conflict,Text exists under both HAM (0) and SPAM (1) across 1506 rows,
55693,इसका मतलब है कि दरवाजा मिलता है,0,contradictory_label_conflict,Text exists under both HAM (0) and SPAM (1) across 1506 rows,
55712,अरे वे फिल्म आज रात नहीं देख रही है तो मैं जल्दी से जल्दी घर भेज देंगे...,0,contradictory_label_conflict,Text exists under both HAM (0) and SPAM (1) across 1506 rows,
55759,जीवन में एक दिन कभी दोष मत लगाइए ।,0,contradictory_label_conflict,Text exists under both HAM (0) and SPAM (1) across 1506 rows,
55820,हाँ. उन्होंने मेरी डाक का जवाब दिया. मैं बाद में प्रबंधन कार्यालय के लिए जा रहा हूँ. इसके बाद में बैंक में भी. या तो अगले दिन में भी.,0,contradictory_label_conflict,Text exists under both HAM (0) and SPAM (1) across 1506 rows,
55847,LoL,1,contradictory_label_conflict,Text exists under both HAM (0) and SPAM (1) across 5 rows,lol
55896,Lol. खैर गुण सभी पर बुरा तो मैं शिकायत कर रहा हूँ,0,contradictory_label_conflict,Text exists under both HAM (0) and SPAM (1) across 5 rows,lol
55899,आप इतालवी भोजन पसंद करते हैं?,0,contradictory_label_conflict,Text exists under both HAM (0) and SPAM (1) across 1506 rows,
55940,यू यू यू यू डी. एस.,0,contradictory_label_conflict,Text exists under both HAM (0) and SPAM (1) across 1506 rows,
55957,मेरे लिए खाने का खाना खरीदने की कोई ज़रूरत नहीं है.,0,contradictory_label_conflict,Text exists under both HAM (0) and SPAM (1) across 1506 rows,
56103,आराम से चुने गए इसका अच्छा मतलब है.,0,contradictory_label_conflict,Text exists under both HAM (0) and SPAM (1) across 1506 rows,
56135,कारलूश (एक बार) कुछ समय बाद हम एक मिनट में चले जाते हैं,0,contradictory_label_conflict,Text exists under both HAM (0) and SPAM (1) across 1506 rows,
56264,अमरीकी अब मुझे फोन कर सकते हैं...,0,contradictory_label_conflict,Text exists under both HAM (0) and SPAM (1) across 1506 rows,
56287,"यो, तुम चारों ओर? बस मेरी कार वापस मिल गया",0,contradictory_label_conflict,Text exists under both HAM (0) and SPAM (1) across 1506 rows,
56315,मैं बेहतर है कि अब मैं एक नरक मुझे नीचे मिल गया है!,0,contradictory_label_conflict,Text exists under both HAM (0) and SPAM (1) across 1506 rows,
56366,हाय डार्लिन ने मुझे फोन किया है?,0,contradictory_label_conflict,Text exists under both HAM (0) and SPAM (1) across 1506 rows,
56397,लेकिन भुगतान करना पड़ता है ।,0,contradictory_label_conflict,Text exists under both HAM (0) and SPAM (1) across 1506 rows,
56404,मैं अब इतना ऊब गया...,0,contradictory_label_conflict,Text exists under both HAM (0) and SPAM (1) across 1506 rows,
56538,और फिर कुछ पानी देने के लिए आप उसे एक घंटे तक ले जा सकते हैं ।,0,contradictory_label_conflict,Text exists under both HAM (0) and SPAM (1) across 1506 rows,
56625,", कैसे चीजें हैं?",0,contradictory_label_conflict,Text exists under both HAM (0) and SPAM (1) across 1506 rows,
56655,मैं भी देख रहा हूँ.,0,contradictory_label_conflict,Text exists under both HAM (0) and SPAM (1) across 1506 rows,
56691,यो. सही काम से यू.,0,contradictory_label_conflict,Text exists under both HAM (0) and SPAM (1) across 1506 rows,
56747,वह एक गुप्त कर्ता है,0,contradictory_label_conflict,Text exists under both HAM (0) and SPAM (1) across 1506 rows,
56759,क्या तुम सिर्फ एक सेक के लिए आ सकते हो?,0,contradictory_label_conflict,Text exists under both HAM (0) and SPAM (1) across 1506 rows,
56772,मैं आपको फोन करेंगे,0,contradictory_label_conflict,Text exists under both HAM (0) and SPAM (1) across 1506 rows,
56817,तो यूवान 2 हमारे रात के खाने के लिए आया है एक नहीं है?,0,contradictory_label_conflict,Text exists under both HAM (0) and SPAM (1) across 34 rows,2
56851,मैं एक सिद्धांत के साथ सुरक्षित,0,contradictory_label_conflict,Text exists under both HAM (0) and SPAM (1) across 1506 rows,
56903,कि मुद्दों में से एक है लेकिन कैलीनिया ठीक है. कोई बर्फ तो इसके प्रबंधन योग्य नहीं है.,0,contradictory_label_conflict,Text exists under both HAM (0) and SPAM (1) across 1506 rows,
56905,"ठीक है अगर आप यकीन कर रहे हैं, मुझे पता है जब आप जा रहे हैं",0,contradictory_label_conflict,Text exists under both HAM (0) and SPAM (1) across 1506 rows,
56910,ओह ठीक है.,0,contradictory_label_conflict,Text exists under both HAM (0) and SPAM (1) across 1506 rows,
56925,उम्मीद है कि चीज अच्छी तरह से 'डोक' पर चला गया है; मुझे याद है कि मैं अभी भी 2गो की जरूरत है.,0,contradictory_label_conflict,Text exists under both HAM (0) and SPAM (1) across 34 rows,2
56959,न वह महीनों का न होगा और न मध्यकाल का।,0,contradictory_label_conflict,Text exists under both HAM (0) and SPAM (1) across 1506 rows,
56974,पैकेज सभी अपने कार्यक्रम ठीक,0,contradictory_label_conflict,Text exists under both HAM (0) and SPAM (1) across 1506 rows,
57025,बातचीत सेक्सी! नए दोस्त बनाइए या दुनिया के सबसे बुद्धिमान पाठ के हिसाब से सेवा करते हुए प्यार से गिर जाइए ।,1,contradictory_label_conflict,Text exists under both HAM (0) and SPAM (1) across 1506 rows,
57049,"हाय, मेरे प्यार! उस दिन कैसे चला जाता है? भाड़ में जाओ, आज सुबह मैं जाग गया और सीढ़ियों पर अपनी कोठरी गिरा लेकिन यह ठीक लगता है... * मैं तुम्हें याद आती है!",0,contradictory_label_conflict,Text exists under both HAM (0) and SPAM (1) across 1506 rows,
57071,मुझे लगता है कि चीजें भिन्‍न थीं. मुझे आश्चर्य है कि जब मैं तुम्हें दिखाने में सक्षम हो जाएगा आप कैसे मैं आप के मूल्य के लिए सक्षम हो सकता हूँ. नर बिना पूछे कोई ड्रग्स चलता रहता है और मुझे के बारे में हंसता है. मैं तुमसे बहुत प्यार करता हूँ. मैं तुमसे बहुत प्यार करता हूँ.,0,contradictory_label_conflict,Text exists under both HAM (0) and SPAM (1) across 1506 rows,
57077,मैं 2 अपने छोटेपन घंटी मैं माफी चाहता हूँ प्यार करता हूँ लेकिन मैं यू प्यार करता हूँ,0,contradictory_label_conflict,Text exists under both HAM (0) and SPAM (1) across 34 rows,2
57139,आप साफ करने के लिए कितना मिला,0,contradictory_label_conflict,Text exists under both HAM (0) and SPAM (1) across 1506 rows,
57161,"क्षमा करें, बाथरूम में था, एसअप",0,contradictory_label_conflict,Text exists under both HAM (0) and SPAM (1) across 1506 rows,
57171,टोन क्लब: अब आपकी सब कुछ पुनः समाप्त हो गया है,1,contradictory_label_conflict,Text exists under both HAM (0) and SPAM (1) across 1506 rows,
57187,"हाँ, मैं गुलाबी लकड़ी की तरह करते हैं.",0,contradictory_label_conflict,Text exists under both HAM (0) and SPAM (1) across 1506 rows,
57226,अरे! मैं लगभग भूल गया... खुश बी-दिन बच्चा! मैं फिर से प्यार करता हूँ!,0,contradictory_label_conflict,Text exists under both HAM (0) and SPAM (1) across 1506 rows,
57261,क्या बात उसे सही शब्दों में बोलने में मदद दे सकती है?,0,contradictory_label_conflict,Text exists under both HAM (0) and SPAM (1) across 1506 rows,
57270,ओकी...,0,contradictory_label_conflict,Text exists under both HAM (0) and SPAM (1) across 1506 rows,
57271,तुम्हें पता है कि क्या हुआ मेरे लिए इस तरह व्यवहार करते हैं.,0,contradictory_label_conflict,Text exists under both HAM (0) and SPAM (1) across 1506 rows,
57276,यह केन के सभी सामान के साथ आता है!,1,contradictory_label_conflict,Text exists under both HAM (0) and SPAM (1) across 1506 rows,
57295,क्यों मैं तुम्हें इस में से किसी को बताने के लिए कभी नहीं चाहता था. कौन है कि मैं तुम्हारे साथ इतना छोटा हूँ और देर के रूप में.,0,contradictory_label_conflict,Text exists under both HAM (0) and SPAM (1) across 1506 rows,
57311,मैं उसे अब टक्स लार खरीद रहा हूँ...,0,contradictory_label_conflict,Text exists under both HAM (0) and SPAM (1) across 1506 rows,
57327,भूतपूर्व अंत्येष्टि घर में आ रहे हैं,0,contradictory_label_conflict,Text exists under both HAM (0) and SPAM (1) across 1506 rows,
57354,अभी तक नहीं छोड़ा है तो शायद यहाँ खाना मिलने वाला है,0,contradictory_label_conflict,Text exists under both HAM (0) and SPAM (1) across 1506 rows,
57400,यह सबसे अच्छा चेहरा है (१ ३ ३ ३ ५ ५ ५ ५ ५ ५ ५ ५ ९ ९ ९ & ९;###>; किसी भी संख्या को चुनने के लिए मैं ज्योतिष - विद्या का सामना करूँगा...,0,contradictory_label_conflict,Text exists under both HAM (0) and SPAM (1) across 1506 rows,
57455,तो यू यूस पूर्व मिलता है?,0,contradictory_label_conflict,Text exists under both HAM (0) and SPAM (1) across 1506 rows,
57476,केवल 1 मिनट के लिए जर्मनी कॉल!,1,contradictory_label_conflict,Text exists under both HAM (0) and SPAM (1) across 5 rows,1
57527,हर राजा एक बार बेबी था और हर महान निर्माण एक बार एक मानचित्र था ।,0,contradictory_label_conflict,Text exists under both HAM (0) and SPAM (1) across 1506 rows,
57697,प्रिय हम अपने रबर की जगह जा रहे हैं,0,contradictory_label_conflict,Text exists under both HAM (0) and SPAM (1) across 1506 rows,
57754,मैं अब ठीक उसे फोन करने के लिए कहा,0,contradictory_label_conflict,Text exists under both HAM (0) and SPAM (1) across 1506 rows,
57764,क्या आपने अभी तक या कुछ पूरा नहीं किया है?,0,contradictory_label_conflict,Text exists under both HAM (0) and SPAM (1) across 1506 rows,
57781,समुदाय से निकलनेवाली किसी भी अहम भूमिकाों को नहीं ले जा सकते। तुम रॉक मेली,0,contradictory_label_conflict,Text exists under both HAM (0) and SPAM (1) across 1506 rows,
57833,क्या महत्त्व है?,0,contradictory_label_conflict,Text exists under both HAM (0) and SPAM (1) across 1506 rows,
57843,आप के साथ क्या हो रहा है. आप एक नौकरी मिल गया है और आप स्थायी निवास के लिए पंजीकरण शुरू कर दिया है,0,contradictory_label_conflict,Text exists under both HAM (0) and SPAM (1) across 1506 rows,
57926,आप दूर दूर निगम में मिलते हैं... आप देख सकते हैं कि मेरा मन कितना काम कर रहा है!,0,contradictory_label_conflict,Text exists under both HAM (0) and SPAM (1) across 1506 rows,
57957,चीनी भोजन अपने रास्ते पर. जब मुझे वसा मिलती है आप मेरे होंठो के लिए भुगतान कर रहे हैं.,0,contradictory_label_conflict,Text exists under both HAM (0) and SPAM (1) across 1506 rows,
57960,स:. 8 मि. के खाने के लिए जाने के लिए:),0,contradictory_label_conflict,Text exists under both HAM (0) and SPAM (1) across 10 rows,8
58022,नृत्य नदी क्या करती है?,0,contradictory_label_conflict,Text exists under both HAM (0) and SPAM (1) across 1506 rows,
58043,खैर एक अच्छी रात है और मैं कल एक फोन दे देंगे. मैं अब रात सोने के लिए जाने के लिए जा रहा हूँ,0,contradictory_label_conflict,Text exists under both HAM (0) and SPAM (1) across 1506 rows,
58048,कर्नल यहाँ एक मिनट में हो जाएगा अगर आप अभी भी खरीदने की जरूरत है,0,contradictory_label_conflict,Text exists under both HAM (0) and SPAM (1) across 1506 rows,
58097,कुछ आप जानते हैं कि आप हमारी डेटिंग सेवा के माध्यम से आप से संपर्क करने की कोशिश कर रहे हैं!,1,contradictory_label_conflict,Text exists under both HAM (0) and SPAM (1) across 1506 rows,
58200,मैं कल पैसे कि अपने मागा भेजा.,0,contradictory_label_conflict,Text exists under both HAM (0) and SPAM (1) across 1506 rows,
58216,यू की खोज बंद नहीं हुई.,0,contradictory_label_conflict,Text exists under both HAM (0) and SPAM (1) across 1506 rows,
58255,"हथियारों ठीक है, कैसे कार्ड फ़ी और अनी है?",0,contradictory_label_conflict,Text exists under both HAM (0) and SPAM (1) across 1506 rows,
58279,साल की चिंता... एक कपड़े पैक में बर्फ के टुकड़ों का उपयोग करें. साथ ही 2 पटियाओं को भी ले लो.,0,contradictory_label_conflict,Text exists under both HAM (0) and SPAM (1) across 34 rows,2
58309,"हाय उनकी यरदन, कैसे यू यू यू. यू. ई.",1,contradictory_label_conflict,Text exists under both HAM (0) and SPAM (1) across 1506 rows,
58388,माफ करें मैं मुक्त नहीं हूँ...,0,contradictory_label_conflict,Text exists under both HAM (0) and SPAM (1) across 1506 rows,
58436,भाड़ी देवदार की कुंजी और उसे भाड़ में जाओ (जैसे भी वेओ पर आता है),0,contradictory_label_conflict,Text exists under both HAM (0) and SPAM (1) across 1506 rows,
58463,मैं घर पर आया हूँ...... मैं अब मुझे फोन कर सकते हैं...,0,contradictory_label_conflict,Text exists under both HAM (0) and SPAM (1) across 1506 rows,
58496,मेरे लिए बाहर तलाश करने के लिए धन्यवाद. मैं वास्तव में सराहना करते हैं.,0,contradictory_label_conflict,Text exists under both HAM (0) and SPAM (1) across 1506 rows,
58497,फिलिपी कहानियों और गारास अपने लिए इंतज़ार कर रहे हैं,1,contradictory_label_conflict,Text exists under both HAM (0) and SPAM (1) across 1506 rows,
58518,क्या आप इस चुनौती का सामना कर रहे हैं?,0,contradictory_label_conflict,Text exists under both HAM (0) and SPAM (1) across 1506 rows,
58525,योययो यू को पता है कि कैसे मैक में एक ड्राइव के लिए अनुमति बदलना है।,0,contradictory_label_conflict,Text exists under both HAM (0) and SPAM (1) across 1506 rows,
58549,क्षमा करें. मैं आप के लिए प्राप्त करने में सक्षम हो जाएगा. सुबह में देखें.,0,contradictory_label_conflict,Text exists under both HAM (0) and SPAM (1) across 1506 rows,
58578,खैर वह एक बड़े आश्चर्य के लिए में है!,0,contradictory_label_conflict,Text exists under both HAM (0) and SPAM (1) across 1506 rows,
58584,मैं ऐसा महसूस किया... कोई घोषणा कारण नहीं है... वह... मेरे बारे में क्या?,0,contradictory_label_conflict,Text exists under both HAM (0) and SPAM (1) across 1506 rows,
58624,"और हाँ, आप एक बदबू पैदा करना चाहिए!",0,contradictory_label_conflict,Text exists under both HAM (0) and SPAM (1) across 1506 rows,
58642,भगवान का शुक्र है वे बिस्तर में हैं!,0,contradictory_label_conflict,Text exists under both HAM (0) and SPAM (1) across 1506 rows,
58691,वापस इमारत पर मत देखो क्योंकि तुम्हारे पास कोई कोट नहीं है और मैं नहीं चाहता कि तुम अधिक बीमार हो. बस घर जल्दी करो और टाइटन के लिए एक कोट पहनो!,0,contradictory_label_conflict,Text exists under both HAM (0) and SPAM (1) across 1506 rows,
58701,:( दुःखद पिल्ला शोर,0,contradictory_label_conflict,Text exists under both HAM (0) and SPAM (1) across 1506 rows,
58720,मुझे नहीं पता कि तुम सच में खकी पूछ सकते हो.,0,contradictory_label_conflict,Text exists under both HAM (0) and SPAM (1) across 1506 rows,
58833,"यदि पैसे के अंक मुझे दबाते हैं लेकिन धन्यवाद, मैं अब आसानी से साँस ले सकता हूँ. मुझे यकीन है कि आप इसे खेद नहीं है. धन्यवाद.",0,contradictory_label_conflict,Text exists under both HAM (0) and SPAM (1) across 1506 rows,
58867,मैं जानता हूँ कि आप कर रहे हैं...... शानदार वापस खोल सकते हैं?,0,contradictory_label_conflict,Text exists under both HAM (0) and SPAM (1) across 1506 rows,
58868,हाय शुभ सुबह.,0,contradictory_label_conflict,Text exists under both HAM (0) and SPAM (1) across 1506 rows,
58887,"अरे, जैसे भी मुझे होना है:-",0,contradictory_label_conflict,Text exists under both HAM (0) and SPAM (1) across 1506 rows,
58889,"""""""अरे! मैं जल्दी नहीं कर रहा हूँ लेकिन जल्दी ही जल्दी नहीं है। अब मैं बैठक कर रहा हूँ।""",0,contradictory_label_conflict,Text exists under both HAM (0) and SPAM (1) across 1506 rows,
58896,"महोदय, मैं अपने कॉल के लिए इंतजार कर रहा हूँ।",0,contradictory_label_conflict,Text exists under both HAM (0) and SPAM (1) across 1506 rows,
58958,"क्षमा करें, मैं पागल चला गया तो कई स्थगित काम करता है क्या करना है.",0,contradictory_label_conflict,Text exists under both HAM (0) and SPAM (1) across 1506 rows,
58983,जूस मेरे बालों को उड़ा देते हैं. अमेरिका खत्म हो चुका है?,0,contradictory_label_conflict,Text exists under both HAM (0) and SPAM (1) across 1506 rows,
58986,"हाँ, जहां अपने वर्ग पर है?",0,contradictory_label_conflict,Text exists under both HAM (0) and SPAM (1) across 1506 rows,
59037,"जैसे मैं उसे फेंक दिया जब हम अपने दोस्त की कार में धूम्रपान कर रहे थे एक बार, यह भयानक था",0,contradictory_label_conflict,Text exists under both HAM (0) and SPAM (1) across 1506 rows,
59237,"चिंता करने के लिए नहीं, मुझे यकीन है कि तुम यह मिल जाएगा.",0,contradictory_label_conflict,Text exists under both HAM (0) and SPAM (1) across 1506 rows,
59296,"दोस्ती खेलने के लिए एक खेल नहीं है, यह कहने के लिए एक शब्द नहीं है, यह कहने के लिए\ मार्च पर शुरू नहीं होता है और मई पर समाप्त होता है, यह कल, आज और ई.",0,contradictory_label_conflict,Text exists under both HAM (0) and SPAM (1) across 1506 rows,
59306,क्षमा करें मैं अभी अपने फोन ले जा सकते हैं. यह ऐसा होता है कि वहाँ 2वाटो आप चाहते हैं. वह आकर बीमार हो सकता है और उसे चिकित्सा बीमा मिल सकता है. और वह अभी उसके लिए सही चिकित्सा बीमा के लिए खरीदा जा सकता है. तो मैं अभी उसे सही चिकित्सा बीमा के लिए खरीदारी कर रहा हूँ. तो बस मुझे दे जब मैं उस व्यक्ति को सही राह दिखा सकता है कि मुझे सही राह दिखा सकता है. यह है कि मैं एक अच्छा तरीका है.,0,contradictory_label_conflict,Text exists under both HAM (0) and SPAM (1) across 34 rows,2
59311,आप सभी के बारे में एक नोट बनाने के लिए है. उसके स्कूल से पता लगाने के लिए अगर किसी और को उलटी हुई थी. क्या घर में कोई कुत्ता या बिल्ली है? मुझे बाद में पता है.,0,contradictory_label_conflict,Text exists under both HAM (0) and SPAM (1) across 1506 rows,
59364,"दिन का पूरा दिन: दिन, दोपहर और सूरज को छोड़कर।",0,contradictory_label_conflict,Text exists under both HAM (0) and SPAM (1) across 1506 rows,
59387,स्विंगल हॉल्स. दावा करने के लिए... / मैं,1,contradictory_label_conflict,Text exists under both HAM (0) and SPAM (1) across 1506 rows,
59419,अब तुम उठो.,0,contradictory_label_conflict,Text exists under both HAM (0) and SPAM (1) across 1506 rows,
59430,"नहीं, क्या आपने उन्हें साफ़-साफ़ सन्देश भेजा या ई- मेल भेजा?",0,contradictory_label_conflict,Text exists under both HAM (0) and SPAM (1) across 1506 rows,
59497,"मुझे आश्चर्य है कि कैसे आप ऑनलाइन, मेरे प्यार है? आप जाल के लिए चला गया था? क्या आप अपने फोन फिर से प्राप्त? आप एक दोस्त थे? मैं आप के बारे में सोचते हैं, लड़के.",0,contradictory_label_conflict,Text exists under both HAM (0) and SPAM (1) across 1506 rows,
59514,"नयी “शिक्षित कुम्हार और फफिक्स का अनुक्रम ” (बुक ५) का जवाब, पाठकों के बीच पहले प्रश्‍न होने के लिए ५ - अवसर का जवाब दीजिए!",1,contradictory_label_conflict,Text exists under both HAM (0) and SPAM (1) across 1506 rows,
59522,"हम्म ठीक है, मैं एक घंटे के लिए रहने के लिए रहना होगा मेरी आँख वास्तव में बुरी तरह से बुरी है!",0,contradictory_label_conflict,Text exists under both HAM (0) and SPAM (1) across 1506 rows,
59530,"चिंता मत करो, * एक बार सामग्री आसानी से मिल जाती है!",0,contradictory_label_conflict,Text exists under both HAM (0) and SPAM (1) across 1506 rows,
59534,"रात एक दिन के लिए समाप्त हो गई है, सुबह एक विशेष तरीके से आ गया है.",0,contradictory_label_conflict,Text exists under both HAM (0) and SPAM (1) across 1506 rows,
59563,"कैसे मेरा प्रेमी लड़का कर रहा है? वह क्या करता है कि उसे अपनी रानी, हम्मम के पास आने से रोकता है? क्या वह मुझसे बात करने के लिए एक हर्ष नहीं है? मिस मुझे हत्या?",0,contradictory_label_conflict,Text exists under both HAM (0) and SPAM (1) across 1506 rows,
59582,यदि तुम मुझे सत्ता के बारे में सोच रहे हैं तो नहीं.,0,contradictory_label_conflict,Text exists under both HAM (0) and SPAM (1) across 1506 rows,
59634,अब तुम्हें पता होना चाहिए. तो आप कैसे पैसा ला रहे हैं. मैं स्कूल में भुगतान करने के लिए भुगतान और किराया और सामान है कि तरह. यही कारण है कि मैं आपकी मदद की जरूरत है. एक दोस्त की जरूरत है...,0,contradictory_label_conflict,Text exists under both HAM (0) and SPAM (1) across 1506 rows,
59687,"कि शांत है वह सारी रात यहाँ हो जाएगा, लीम पता है जब आप चारों ओर हैं",0,contradictory_label_conflict,Text exists under both HAM (0) and SPAM (1) across 1506 rows,
59755,वे लोग कौन थे? क्या आप एक यात्रा में थे? मैंने सोचा था कि आप कर रहे थे तुमने मुझे भेजा था कि कच्चे चीनी?,0,contradictory_label_conflict,Text exists under both HAM (0) and SPAM (1) across 1506 rows,
59756,यू. डब्ल्यू.,0,contradictory_label_conflict,Text exists under both HAM (0) and SPAM (1) across 1506 rows,
59804,अपने आप को एक खूबसूरत दिन है.,0,contradictory_label_conflict,Text exists under both HAM (0) and SPAM (1) across 1506 rows,
59816,"मैं गाड़ी चला रहा हूँ, लेकिन जल्द ही मेरी मंज़िल तक पहुँच जाएगा.",0,contradictory_label_conflict,Text exists under both HAM (0) and SPAM (1) across 1506 rows,
59841,क्या तू ने अपनी अटारी भी बन्द की है? और मार्ग से क्योंकर बना रहता है?,0,contradictory_label_conflict,Text exists under both HAM (0) and SPAM (1) across 1506 rows,
59872,मैं एक बात तय करने के लिए चाहते हैं एक बात दूरी मुझे इस के लिए गलती नहीं करनी चाहिए कि आप की गई है:),0,contradictory_label_conflict,Text exists under both HAM (0) and SPAM (1) across 1506 rows,
59984,क्या यह सच है?,0,contradictory_label_conflict,Text exists under both HAM (0) and SPAM (1) across 1506 rows,
60000,हम दोनों ठीक हैं.,0,contradictory_label_conflict,Text exists under both HAM (0) and SPAM (1) across 1506 rows,
60033,कुछ भी...,0,contradictory_label_conflict,Text exists under both HAM (0) and SPAM (1) across 1506 rows,
60036,शायद इससे पहले कि स्टेशन है...... जहां मुझे लगता है कि यह है,0,contradictory_label_conflict,Text exists under both HAM (0) and SPAM (1) across 1506 rows,
60059,ड्राव ग्रह आरेखित करें?,0,contradictory_label_conflict,Text exists under both HAM (0) and SPAM (1) across 1506 rows,
60109,आप आनन्द और ख़ुशी के नमस्कार करते हैं ।,0,contradictory_label_conflict,Text exists under both HAM (0) and SPAM (1) across 1506 rows,
60112,मैं महान राजकुमारी हूँ! तुम मेरे बारे में क्या सोच रहे हो?,0,contradictory_label_conflict,Text exists under both HAM (0) and SPAM (1) across 1506 rows,
60117,आप समय आज ठीक उममा कहते हैं और उन्हें गति करने के लिए उन्हें कहते हैं,0,contradictory_label_conflict,Text exists under both HAM (0) and SPAM (1) across 1506 rows,
60185,"""""""तो मैं अपनी कार में वापस आ जाता है तो फ्यूज़ वापस आ जाता है।""",0,contradictory_label_conflict,Text exists under both HAM (0) and SPAM (1) across 1506 rows,
60240,आप मैच के बारे में क्या सोचते हैं?,0,contradictory_label_conflict,Text exists under both HAM (0) and SPAM (1) across 1506 rows,
60252,"सेंट एंड्स, क्लोरीन की क्रीम",0,contradictory_label_conflict,Text exists under both HAM (0) and SPAM (1) across 1506 rows,
60256,मेरे पेट में इतना दर्द है कि मैं कसम खाता हूँ मैं नहीं खा सकता. मैं अधिक वज़न खो देता हूँ.,0,contradictory_label_conflict,Text exists under both HAM (0) and SPAM (1) across 1506 rows,
60262,आप अभी भी आज रात आ रहा है?,0,contradictory_label_conflict,Text exists under both HAM (0) and SPAM (1) across 1506 rows,
60297,ओह और जिस तरह से आप अपने कवर में अधिक भोजन है! एक भोजन के लिए आज रात बाहर जाना चाहते हैं?,0,contradictory_label_conflict,Text exists under both HAM (0) and SPAM (1) across 1506 rows,
60321,... मैं मुक्त कर रहा हूँ...,0,contradictory_label_conflict,Text exists under both HAM (0) and SPAM (1) across 1506 rows,
60345,"हे प्रिय, मैं सोच रहा था जब तुम मेरे पास आ सकते हो? मैं किसी के पास एक फ़ाइल भेजना चाहता हूँ लेकिन यह उनके लिए नहीं जा सकता क्योंकि उनके कनेक्शन के लिए फिर नहीं जाना होगा, याद है जब आप मेरे लिए कि पृष्ठ सेट करें और डिस्क को डाउनलोड करने के लिए? या आप मुझे बता सकते हैं कि कैसे आप कुछ अन्य तरह से डाउनलोड कर सकते हैं? या क्या आप जानते हैं कि कोई और चीजों को डाउनलोड किया जा सकता है?",0,contradictory_label_conflict,Text exists under both HAM (0) and SPAM (1) across 1506 rows,
60406,तो फिर तुम होस्टल के पास क्यों आए.,0,contradictory_label_conflict,Text exists under both HAM (0) and SPAM (1) across 1506 rows,
60409,"बस इतना है कि आप जानते हैं, अभी तक पैसे नहीं भेजा है. मैं उसे सिर्फ भेजने के लिए एक पाठ भेजा नहीं है. तो इसके ऊपर, आप खुद को कुछ भी शामिल नहीं करना है. मुझे लगता है कि के लिए इस तरह के लिए आप पर कुछ भी लागू नहीं करना चाहिए, एक गुप्त मामला है.",0,contradictory_label_conflict,Text exists under both HAM (0) and SPAM (1) across 1506 rows,
60434,फिर जल्दी से चले जाओ...,0,contradictory_label_conflict,Text exists under both HAM (0) and SPAM (1) across 1506 rows,
60475,शुभ सुबह मुझे सर कहते हैं,0,contradictory_label_conflict,Text exists under both HAM (0) and SPAM (1) across 1506 rows,
60504,मुझे लगता है कि यह कैसा लग रहा है?,0,contradictory_label_conflict,Text exists under both HAM (0) and SPAM (1) across 1506 rows,
60512,"जल्दी करो, मैं तीन दिन की तरह के लिए चला गया है",0,contradictory_label_conflict,Text exists under both HAM (0) and SPAM (1) across 1506 rows,
60528,"हाइया, संभवतः अगले सप्ताह के बाद घर आता है *",0,contradictory_label_conflict,Text exists under both HAM (0) and SPAM (1) across 1506 rows,
60547,"ज्यूक्शनिन, क्या हो रहा है",0,contradictory_label_conflict,Text exists under both HAM (0) and SPAM (1) across 1506 rows,
60557,"हे प्रिय, अब भी बीमार है? मैं आज सुबह धाँय महसूस करते हैं, लेकिन मुझे लगता है कि मैं सिर्फ भूखा हूँ! फिर एक रात. हम बैठ जाओ.",0,contradictory_label_conflict,Text exists under both HAM (0) and SPAM (1) across 1506 rows,
60707,भगवान धन्य है. कृपया मेरी प्यारी नींद लो...,0,contradictory_label_conflict,Text exists under both HAM (0) and SPAM (1) across 1506 rows,
60756,ओह भगवान मैं 3 दिन के बाद अपने संदेश को देखने के लिए खुश हूँ,0,contradictory_label_conflict,Text exists under both HAM (0) and SPAM (1) across 7 rows,3
60852,बस शीर्ष की ओर शीर्ष,0,contradictory_label_conflict,Text exists under both HAM (0) and SPAM (1) across 1506 rows,
60867,"आप धूम्रपान के अलावा अन्य करने के लिए कुछ लगता है, महान काम!",0,contradictory_label_conflict,Text exists under both HAM (0) and SPAM (1) across 1506 rows,
60876,क्या सुबह के वक्‍त कागज़ का इस्तेमाल किया जा सकता है?,0,contradictory_label_conflict,Text exists under both HAM (0) and SPAM (1) across 1506 rows,
60958,Ã¢ÂÂÃ¯Â¸ÂÃ¢ÂÂÃ¯Â¸ÂÃ¢ÂÂÃ¯Â¸ÂÃ¢ÂÂÃ¯Â¸ÂÃ¢ÂÂÃ¯Â¸ÂÃ¢ÂÂÃ¯Â¸ÂÃ¢ÂÂÃ¯Â¸ÂÃ¢ÂÂÃ¯Â¸ÂÃ¢ÂÂÃ¯Â¸ÂÃ¢ÂÂÃ¯Â¸ÂÃ¢ÂÂÃ¯Â¸ÂÃ¢ÂÂÃ¯Â¸ÂÃ¢ÂÂÃ¯Â¸ÂÃ¢ÂÂÃ¯Â¸ÂÃ¢ÂÂÃ¯Â¸ÂÃ¢ÂÂÃ¯Â¸ÂÃ¢ÂÂÃ¯Â¸Â,0,contradictory_label_conflict,Text exists under both HAM (0) and SPAM (1) across 1506 rows,
60992,एक और महीने. मुझे चॉकलेट की ज़रूरत है और शराब की ज़रूरत है.,0,contradictory_label_conflict,Text exists under both HAM (0) and SPAM (1) across 1506 rows,
61006,मेरी मां 2 दाँतों के लिए चला गया.,0,contradictory_label_conflict,Text exists under both HAM (0) and SPAM (1) across 34 rows,2
61013,"मैं तुम्हें भूल नहीं गया है, मैं कल, तुम्हें भेजने के लिए एक जोड़े रुपये हो सकता है? मैं फिर भी प्यार करता हूँ",0,contradictory_label_conflict,Text exists under both HAM (0) and SPAM (1) across 1506 rows,
61053,अमरीका 2 मीटर ऊपर करना चाहते हैं,0,contradictory_label_conflict,Text exists under both HAM (0) and SPAM (1) across 34 rows,2
61054,शहद धन्यवाद. एक महान दिन है.,0,contradictory_label_conflict,Text exists under both HAM (0) and SPAM (1) across 1506 rows,
61081,सांता को बुला रहे हैं! क्या आप अपने छोटे बच्चों को सांता एक्सस हव्वा से कॉल करना चाहेंगे?,1,contradictory_label_conflict,Text exists under both HAM (0) and SPAM (1) across 1506 rows,
61106,बहुत बढ़िया! मैंने बड़े बोझों को गोली मार दी...... तो तैयार हो जाओ!,0,contradictory_label_conflict,Text exists under both HAM (0) and SPAM (1) across 1506 rows,
61119,तुम उसे अब ठीक मैं उसे फोन कहा,0,contradictory_label_conflict,Text exists under both HAM (0) and SPAM (1) across 1506 rows,
61125,क्या ऐसी कोई फिल्म है जिसे मैं कभी देख सकता हूँ और असीमित फिल्में देख सकता हूँ और बस एक बार भुगतान कर सकता हूँ?,0,contradictory_label_conflict,Text exists under both HAM (0) and SPAM (1) across 1506 rows,
61127,यह गणित नहीं है ।,0,contradictory_label_conflict,Text exists under both HAM (0) and SPAM (1) across 1506 rows,
61146,मैं वीडियो टेप टाइप करने के लिए मिल गया संदेश में इतनी मुक्त है कि अमेरिका 2 मेरी मदद?,0,contradictory_label_conflict,Text exists under both HAM (0) and SPAM (1) across 34 rows,2
61259,यदि मैंने कुछ गलत बात कही... :-,0,contradictory_label_conflict,Text exists under both HAM (0) and SPAM (1) across 1506 rows,
61322,कम पैसे की कमी के लिए मुझे डि वेड्‌स भेज दिया,0,contradictory_label_conflict,Text exists under both HAM (0) and SPAM (1) across 1506 rows,
61347,"आप कैसे कर रहे हैं, बस इतना कह रहे हैं ।",0,contradictory_label_conflict,Text exists under both HAM (0) and SPAM (1) across 1506 rows,
61369,क्या आपको लगता है कि किसी भी लड़की को लगता है कि आज किसी भी तरह की गंदी बकवास का सामना करने से...,0,contradictory_label_conflict,Text exists under both HAM (0) and SPAM (1) across 1506 rows,
61383,मैं तुम मुझे गले नहीं लगाने देते हैं...... तो मैं आँसू में तोड़ नहीं है.,0,contradictory_label_conflict,Text exists under both HAM (0) and SPAM (1) across 1506 rows,
61561,"नहीं, वह अभी उस के लिए स्केलोलैंड में है.",0,contradictory_label_conflict,Text exists under both HAM (0) and SPAM (1) across 1506 rows,
61577,पिताजी आप का अच्छा ख्याल रखेंगे:),0,contradictory_label_conflict,Text exists under both HAM (0) and SPAM (1) across 1506 rows,
61595,"के, वेट घटना?",0,contradictory_label_conflict,Text exists under both HAM (0) and SPAM (1) across 1506 rows,
61659,अपने आप को चापलूसी मत करो...,0,contradictory_label_conflict,Text exists under both HAM (0) and SPAM (1) across 1506 rows,
61673,"हाँ, राजकुमारी. आप मुझे पागल बनाने के लिए जा रहे हैं?",0,contradictory_label_conflict,Text exists under both HAM (0) and SPAM (1) across 1506 rows,
61702,"अला कानो, डाउनलोड करें, हमन मुक्त आओ.",0,contradictory_label_conflict,Text exists under both HAM (0) and SPAM (1) across 1506 rows,
61782,"ठीक है, ठीक है. मैं उसके फोन के साथ मुश्किल था. यह मेरे साथ काम करता है. आप उसे एक और दोस्त अनुरोध भेज सकते हैं.",0,contradictory_label_conflict,Text exists under both HAM (0) and SPAM (1) across 1506 rows,
61829,क्यों बकवास शहर में कोई नहीं है :,0,contradictory_label_conflict,Text exists under both HAM (0) and SPAM (1) across 1506 rows,
61852,जल्द ही ईडिा फिर से जीने के लिए बदल जाएगी:),0,contradictory_label_conflict,Text exists under both HAM (0) and SPAM (1) across 1506 rows,
61989,चाचा लड़का है। मुझे फिल्मों की जरूरत है। गाइड मुझे मार्गदर्शन। प्लस तुम जानते हैं कि नदियों को यहाँ विशेष रूप से वैध नहीं हैं। और प्रणाली कम हो रही है। क्या मैं कर रहा है। क्या मैं कर रहा है। क्या करने के लिए एक एमआर8 दिन। प्लस तुम ऑनलाइन से मिलता है। कैसे शहद बनाया गया था।,0,contradictory_label_conflict,Text exists under both HAM (0) and SPAM (1) across 10 rows,8
61990,क्या तुम ठीक हो?,0,contradictory_label_conflict,Text exists under both HAM (0) and SPAM (1) across 1506 rows,
62010,मैंने उसे बताया है कि मैं इसे वापस आ गया हूँ. कि मैं इसे फिर से आदेश देना चाहिए.,0,contradictory_label_conflict,Text exists under both HAM (0) and SPAM (1) across 1506 rows,
62025,मुझे लगता है कि क्या हो रहा है!,0,contradictory_label_conflict,Text exists under both HAM (0) and SPAM (1) across 1506 rows,
62132,मैं आधा दिन छुट्टी ले रहा हूँ शर्त मैं अच्छी नहीं हूँ,0,contradictory_label_conflict,Text exists under both HAM (0) and SPAM (1) across 1506 rows,
62168,"हम कुछ उठा सकते हैं, आप आज रात से पहले खुला खुला?",0,contradictory_label_conflict,Text exists under both HAM (0) and SPAM (1) across 1506 rows,
62187,ओह खेद इस पर कृपया,0,contradictory_label_conflict,Text exists under both HAM (0) and SPAM (1) across 1506 rows,
62198,अब कदम 2 रास्ते से बाहर निकलो.,0,contradictory_label_conflict,Text exists under both HAM (0) and SPAM (1) across 34 rows,2
62206,वहाँ हमारे दवा आदर्शर के लिए हाय कहते हैं,0,contradictory_label_conflict,Text exists under both HAM (0) and SPAM (1) across 1506 rows,
62231,बस वापस घर हो रही है,0,contradictory_label_conflict,Text exists under both HAM (0) and SPAM (1) across 1506 rows,
62248,जीवन का आनंद लीजिए ।,0,contradictory_label_conflict,Text exists under both HAM (0) and SPAM (1) across 1506 rows,
62292,सेक्सी सेक्सी और पाठ मुझे सामान्य रूप से तैयार करते हैं... कुछ मज़ा के लिए और तैयार और तैयार! यू. यू. यू. एस. एस.,1,contradictory_label_conflict,Text exists under both HAM (0) and SPAM (1) across 1506 rows,
62386,यह सप्ताहांत ठीक है (बहुत ज्यादा अनुकूल करने के लिए बहाना नहीं),0,contradictory_label_conflict,Text exists under both HAM (0) and SPAM (1) across 1506 rows,
62397,मैं कल डी आ जाएगा,0,contradictory_label_conflict,Text exists under both HAM (0) and SPAM (1) across 1506 rows,
62470,कौन से चैनल:-:-:---,0,contradictory_label_conflict,Text exists under both HAM (0) and SPAM (1) across 1506 rows,
62473,"[...] वैसे भी, कई अच्छे शामों को यू. एस.",0,contradictory_label_conflict,Text exists under both HAM (0) and SPAM (1) across 1506 rows,
62545,"एक कड़ा, मैं मैं कुछ नकद मिलता है जब आप को मारा जाएगा",0,contradictory_label_conflict,Text exists under both HAM (0) and SPAM (1) across 1506 rows,
62599,तो क्या आप वेश्‍या के लिए आकर्षित?,0,contradictory_label_conflict,Text exists under both HAM (0) and SPAM (1) across 1506 rows,
62656,क्यों तुम मुझे इस तरह से दूर रखा,0,contradictory_label_conflict,Text exists under both HAM (0) and SPAM (1) across 1506 rows,
62689,"मैं यह नहीं भेजा है, वह मुझे भेज सकता है.",0,contradictory_label_conflict,Text exists under both HAM (0) and SPAM (1) across 1506 rows,
62726,रात के उस वक्‍त हमारी सवारी समान रूप से असमान नहीं है; उन में से अनेक लोग रात के समय चारों ओर घूमते हैं ।,0,contradictory_label_conflict,Text exists under both HAM (0) and SPAM (1) across 1506 rows,
62739,"नहीं, जब से एक वयोयोला आया है, वह अपने आदमी को भूल गया है",0,contradictory_label_conflict,Text exists under both HAM (0) and SPAM (1) across 1506 rows,
62812,आप अभी भी चारों ओर? मैं एक आधा-8 का उपयोग कर सकता है,0,contradictory_label_conflict,Text exists under both HAM (0) and SPAM (1) across 10 rows,8
62817,"यह ठीक है, कम से कम हाथ और अभी भी चारों ओर है",0,contradictory_label_conflict,Text exists under both HAM (0) and SPAM (1) across 1506 rows,
62867,"जवाब पाने से पहले कितना समय पहले, सिर्फ अगले टाइटस्टर को स्वीकार करने में विलम्ब करें",0,contradictory_label_conflict,Text exists under both HAM (0) and SPAM (1) across 1506 rows,
62875,"गीत... मैं तुम्हें पहले से ही याद आती है, तुम्हें पता है? तुम्हारा सब मुझे लगता है. भाड़ में जाओ, मैं अगले साल तक इंतजार नहीं कर सकते जब हम एक साथ हो जाएगा... * प्यार चुंबन *",0,contradictory_label_conflict,Text exists under both HAM (0) and SPAM (1) across 1506 rows,
62898,आपका जवाब देखकर खुशी होती है ।,0,contradictory_label_conflict,Text exists under both HAM (0) and SPAM (1) across 1506 rows,
62924,"तुम मेरे जीवन में आए हैं और सूरज को नीचे ले आए हैं, मेरे दिल में आग लगा रही है. मेरे चेहरे पर एक निरंतर मुस्कान... मुझे प्यार और परवाह महसूस कर रही है",0,contradictory_label_conflict,Text exists under both HAM (0) and SPAM (1) across 1506 rows,
62934,मैं वादा करता हूँ.,0,contradictory_label_conflict,Text exists under both HAM (0) and SPAM (1) across 1506 rows,
62944,के... एक किताब नहीं है? तो सूरज के दिन योग के लिए जा रहा है?,0,contradictory_label_conflict,Text exists under both HAM (0) and SPAM (1) across 1506 rows,
62957,मैं कक्षा में हूँ. बाद में वेला,0,contradictory_label_conflict,Text exists under both HAM (0) and SPAM (1) across 1506 rows,
62975,मेरी क्लोस भी यूनी के लिए!,0,contradictory_label_conflict,Text exists under both HAM (0) and SPAM (1) across 1506 rows,
63056,"माही, मैं कल इसे ले जाऊँगा",0,contradictory_label_conflict,Text exists under both HAM (0) and SPAM (1) across 1506 rows,
63087,मैं वह मुझे बुलाया पता है,0,contradictory_label_conflict,Text exists under both HAM (0) and SPAM (1) across 1506 rows,
63117,"जब ऐसा होता है, तो यह बात निश्‍चित ही मन में बैठ जाती है",0,contradictory_label_conflict,Text exists under both HAM (0) and SPAM (1) across 1506 rows,
63130,"हा भयानक, अब वापस आ गया",0,contradictory_label_conflict,Text exists under both HAM (0) and SPAM (1) across 1506 rows,
63137,स्कूल के लिए रास्ते पर. आप शानदार मुझे एक एशली की संख्या भेज सकते हैं,0,contradictory_label_conflict,Text exists under both HAM (0) and SPAM (1) across 1506 rows,
63139,आप एक महान आदर्श हैं। आप वास्तव में हर दिन एक चमत्कार के लिए इतना दे रहे हैं...... लेकिन मैं चाहता हूँ कि सब कुछ के लिए एक कारण के रूप में हर दिन...... लेकिन मैं जानता था कि मैं क्यों लेकिन मैं क्यों नहीं जानता. मैं बचपन से आप को देखा है और मैं अभी भी करने के लिए. एक महान दिन है. एक बहुत बड़ा दिन है.,0,contradictory_label_conflict,Text exists under both HAM (0) and SPAM (1) across 1506 rows,
63248,जी आप कहाँ बकवास कर रहे हैं पता करना चाहते हैं,0,contradictory_label_conflict,Text exists under both HAM (0) and SPAM (1) across 1506 rows,
63268,शिखर का यहोवा: अब दुकान में राजा की रक्षा!,1,contradictory_label_conflict,Text exists under both HAM (0) and SPAM (1) across 1506 rows,
63357,क्यों मैं आप लोगों के बीच में आता है,0,contradictory_label_conflict,Text exists under both HAM (0) and SPAM (1) across 1506 rows,
63438,सभा में,0,contradictory_label_conflict,Text exists under both HAM (0) and SPAM (1) across 1506 rows,
63442,उच्च पद?,0,contradictory_label_conflict,Text exists under both HAM (0) and SPAM (1) across 1506 rows,
63469,नीनी आप पुनर्भरण के लिए प्यारे हैं.,0,contradictory_label_conflict,Text exists under both HAM (0) and SPAM (1) across 1506 rows,
63479,तो इतनी जल्दी. फिर ज़ीज़ी के बाहर रात का खाना खा रही है?,0,contradictory_label_conflict,Text exists under both HAM (0) and SPAM (1) across 1506 rows,
63512,प्रदर्शन पुरस्कार के बाद यहाँ से हर दो महीने की गणना की जाती है. वर्तमान में एक महीने के लिए नहीं.,0,contradictory_label_conflict,Text exists under both HAM (0) and SPAM (1) across 1506 rows,
63582,बस ठीक है लेकिन एक बिट पूर्व... बेहतर अब मैं दोषी महसूस करेंगे...,0,contradictory_label_conflict,Text exists under both HAM (0) and SPAM (1) across 1506 rows,
63596,उसका दिन वास्तविक है.,0,contradictory_label_conflict,Text exists under both HAM (0) and SPAM (1) across 1506 rows,
63631,"मैं बहुत पहले से ही जाग... डननो, क्या और क्या बात है?",0,contradictory_label_conflict,Text exists under both HAM (0) and SPAM (1) across 1506 rows,
63660,आप एक घंटे में मेरी कार में नहीं हैं और एक आधा मैं बन्दर जा रहा हूँ,0,contradictory_label_conflict,Text exists under both HAM (0) and SPAM (1) across 1506 rows,
63729,किसी ने हमारी डेटिंग सेवा की है और तुम्हारे फोन में प्रवेश किया है क्योंकि वे कल्पना कर रहे हैं!,1,contradictory_label_conflict,Text exists under both HAM (0) and SPAM (1) across 1506 rows,
63733,क्या खड़े नहीं है.,0,contradictory_label_conflict,Text exists under both HAM (0) and SPAM (1) across 1506 rows,
63754,"वह दिन कहाँ है, यह एक दिन का प्रशिक्षण है:",0,contradictory_label_conflict,Text exists under both HAM (0) and SPAM (1) across 1506 rows,
63815,"कोई भी बहुत, घर में ठंड नहीं ।",0,contradictory_label_conflict,Text exists under both HAM (0) and SPAM (1) across 1506 rows,
63904,मैं कुछ भी नहीं मिला डा,0,contradictory_label_conflict,Text exists under both HAM (0) and SPAM (1) across 1506 rows,
63922,संदेश: कुछ पाठ गुम,0,contradictory_label_conflict,Text exists under both HAM (0) and SPAM (1) across 1506 rows,
63965,तुम्हें यकीन है कि अपने पड़ोसियों ने इसे उठा लिया,0,contradictory_label_conflict,Text exists under both HAM (0) and SPAM (1) across 1506 rows,
63970,तुम अभी सही कह रहे हो?,0,contradictory_label_conflict,Text exists under both HAM (0) and SPAM (1) across 1506 rows,
63993,या उन कुकीज़ पर भी जादू कर दिया है,0,contradictory_label_conflict,Text exists under both HAM (0) and SPAM (1) across 1506 rows,
64021,मैं नीचे जाने के लिए जा रहा हूँ।,0,contradictory_label_conflict,Text exists under both HAM (0) and SPAM (1) across 1506 rows,
64063,तो कोई संदेश नहीं ।,0,contradictory_label_conflict,Text exists under both HAM (0) and SPAM (1) across 1506 rows,
64102,है कि विस्तारपूर्ण गीत है,0,contradictory_label_conflict,Text exists under both HAM (0) and SPAM (1) across 1506 rows,
64126,मैं सिर्फ दूध पीना नहीं है.,0,contradictory_label_conflict,Text exists under both HAM (0) and SPAM (1) across 1506 rows,
64148,इस फोन में अजीब स्वचालित सही है.,0,contradictory_label_conflict,Text exists under both HAM (0) and SPAM (1) across 1506 rows,
64190,गेंद एक बहुत बढ़ रहा है. अंतिम में शुरू होता है:) तो बल्ला के लिए बहुत कठिन:),0,contradictory_label_conflict,Text exists under both HAM (0) and SPAM (1) across 1506 rows,
64245,मैं हमेशा शहर में रहने के लिए एक बहाना तलाश रहा हूँ.,0,contradictory_label_conflict,Text exists under both HAM (0) and SPAM (1) across 1506 rows,
64269,नहीं..लेकिनएकखट सुना.,0,contradictory_label_conflict,Text exists under both HAM (0) and SPAM (1) across 1506 rows,
64375,ऐसी की बारिश काफ़ी बड़ी लीए की तरह होती है. यदि वर्मिंग आई कम से कम घर चला सकते हैं.,0,contradictory_label_conflict,Text exists under both HAM (0) and SPAM (1) across 1506 rows,
64393,ओह:,0,contradictory_label_conflict,Text exists under both HAM (0) and SPAM (1) across 1506 rows,
64426,मैं अभी कार्यालय में हूँ :....?,0,contradictory_label_conflict,Text exists under both HAM (0) and SPAM (1) across 1506 rows,
64446,बन्दकाम्पस से हो रही बातों पर निर्भर किया,0,contradictory_label_conflict,Text exists under both HAM (0) and SPAM (1) across 1506 rows,
64474,ओ सागर आप बस की चोरी कर रहे हैं,0,contradictory_label_conflict,Text exists under both HAM (0) and SPAM (1) across 1506 rows,
64529,तुम मुझे एक जंगली पता नहीं है.,0,contradictory_label_conflict,Text exists under both HAM (0) and SPAM (1) across 1506 rows,
64561,एलेक्स कहता है कि वह आप के साथ ठीक नहीं होने के साथ ठीक नहीं है,0,contradictory_label_conflict,Text exists under both HAM (0) and SPAM (1) across 1506 rows,
64578,"नहीं, प्लीज़ ।",0,contradictory_label_conflict,Text exists under both HAM (0) and SPAM (1) across 1506 rows,
64623,एमएम जी हाँ देखो कैसे मैं दोनों आप को परेशान कर रहा हूँ.,0,contradictory_label_conflict,Text exists under both HAM (0) and SPAM (1) across 1506 rows,
64649,घर पर टी. वी.,0,contradictory_label_conflict,Text exists under both HAM (0) and SPAM (1) across 1506 rows,
64686,यूर लैपटॉप के पास लकड़ी नहीं था... वह कहता है कि फिर से एक नज़र को न लेने के लिए आया...,0,contradictory_label_conflict,Text exists under both HAM (0) and SPAM (1) across 1506 rows,
64702,"इसलिए ऐसा लगता है कि अनेक लोग पहले ही ख़ास नज़र आते हैं, लेकिन केवल बहुत ही कम आप के लिए ही ख़ास रहेंगे ।",0,contradictory_label_conflict,Text exists under both HAM (0) and SPAM (1) across 1506 rows,
64705,हो सकता है - बड़ा पेट हंस रहा हो!,0,contradictory_label_conflict,Text exists under both HAM (0) and SPAM (1) across 1506 rows,
64724,मैं रात को सो रही थी ।,0,contradictory_label_conflict,Text exists under both HAM (0) and SPAM (1) across 1506 rows,
64740,फिर वह विश्वास करती है?,0,contradictory_label_conflict,Text exists under both HAM (0) and SPAM (1) across 1506 rows,
64755,क्या आप अगले हफ्ते रात के खाने की तारीख पर जाना चाहेंगे?,0,contradictory_label_conflict,Text exists under both HAM (0) and SPAM (1) across 1506 rows,
64756,के.:,0,contradictory_label_conflict,Text exists under both HAM (0) and SPAM (1) across 1506 rows,
64772,"क्या उन्होंने कहा कि मैं किसी भी मौका से कितना शानदार हूँ, या कुछ भी बड़ा जीवन उड़ान की जरूरत है 2 जीवित है, क्या आपको लगता है कि मैं एन वी क्यू से मरने के लिए पहला व्यक्ति होगा?",0,contradictory_label_conflict,Text exists under both HAM (0) and SPAM (1) across 34 rows,2
64792,"ठीक है, बेब. वह दिन कैसे चला जाता है? कोई भी नौकरी की संभावना अभी तक? मैं तुम्हें याद आती है, मेरा प्यार *:",0,contradictory_label_conflict,Text exists under both HAM (0) and SPAM (1) across 1506 rows,
64808,डन्नो डाट वह मुझे बताया नहीं है.,0,contradictory_label_conflict,Text exists under both HAM (0) and SPAM (1) across 1506 rows,
64877,मैं सिर्फ एक बल्कि अच्छा पका हुआ एक लारा आप,0,contradictory_label_conflict,Text exists under both HAM (0) and SPAM (1) across 1506 rows,
64911,मैं तुम से बाजार में मिल जाएगा,0,contradictory_label_conflict,Text exists under both HAM (0) and SPAM (1) across 1506 rows,
64935,अगर मैं आप अपने दस अरब कॉल और पाठों के बाद आप के बाद वहाँ मिलता है तो मुझे देवता मदद,0,contradictory_label_conflict,Text exists under both HAM (0) and SPAM (1) across 1506 rows,
64949,यार हम फिर से ऊपर जाना चाहिए,0,contradictory_label_conflict,Text exists under both HAM (0) and SPAM (1) across 1506 rows,
64953,"यो, किसी भी तरह से हम कुछ आज रात ले सकता है?",0,contradictory_label_conflict,Text exists under both HAM (0) and SPAM (1) across 1506 rows,
64974,मुझे याद है कि वहाँ पाने के लिए कैसे और मैं ऐसा करेंगे,0,contradictory_label_conflict,Text exists under both HAM (0) and SPAM (1) across 1506 rows,
65002,. मनपसंद निष्ठा प्रस्ताव: टी. वी.,1,contradictory_label_conflict,Text exists under both HAM (0) and SPAM (1) across 1506 rows,
65026,मैं तुम सब के लिए इतना धन्यवाद...... अहंकार के साथ आप क्या करते हैं. मैं तुम्हें बहुत प्यार करता हूँ.,0,contradictory_label_conflict,Text exists under both HAM (0) and SPAM (1) across 1506 rows,
65060,क्या आप विदेशी टिकटों का इस्तेमाल कर सकते हैं जिनके लिए आप उन्हें भेज सकते हैं?,0,contradictory_label_conflict,Text exists under both HAM (0) and SPAM (1) across 1506 rows,
65087,बाद में मुझे लगता है.,0,contradictory_label_conflict,Text exists under both HAM (0) and SPAM (1) across 1506 rows,
65116,अब मैं दोपहर के भोजन के लिए जा रहा हूँ.,0,contradictory_label_conflict,Text exists under both HAM (0) and SPAM (1) across 1506 rows,
65125,आन्द्री और पिताजी के साथ अंत्येष्टि घर में,0,contradictory_label_conflict,Text exists under both HAM (0) and SPAM (1) across 1506 rows,
65141,"वार्मू वा नुख़ा कोश या नीमा कोचिमा, वाज्‍या हज, वाज्‍या हधांग सोम स्वाधा जय जय जय जय जय जय जय जय जय मे... ।...",0,contradictory_label_conflict,Text exists under both HAM (0) and SPAM (1) across 1506 rows,
65215,कौन जल्दी के बारे में बात कर रहे हैं?,0,contradictory_label_conflict,Text exists under both HAM (0) and SPAM (1) across 1506 rows,
65243,"बहुत सरल है. प्यार भी सरल है. हंसना बहुत आसान है. प्रतियोगिता सरल है. लेकिन, 'एसम्पा' होना बहुत मुश्किल है...)",0,contradictory_label_conflict,Text exists under both HAM (0) and SPAM (1) across 1506 rows,
65357,"अरे, मैं आप चाहते हैं! मैं तुम्हें याद आती है! मैं तुम्हें याद आती है!",0,contradictory_label_conflict,Text exists under both HAM (0) and SPAM (1) across 1506 rows,
65381,"हम्म, उनमें से कई दुर्भाग्य से... जाहिर है कि पिल्ला गर्म रोटी रहे हैं।",0,contradictory_label_conflict,Text exists under both HAM (0) and SPAM (1) across 1506 rows,
65392,"शुभ रात्रि, सोने के लिए जा रहा हूँ.",0,contradictory_label_conflict,Text exists under both HAM (0) and SPAM (1) across 1506 rows,
65454,मेरे पैर और कलम में कोई मतलब नहीं है.,0,contradictory_label_conflict,Text exists under both HAM (0) and SPAM (1) across 1506 rows,
65471,ओहो मैं उन में से बहुत मिला!,0,contradictory_label_conflict,Text exists under both HAM (0) and SPAM (1) across 1506 rows,
65493,आप वापस पाने से पहले यह किया जाना जरूरी नहीं है लेकिन क्योंकि मैं अब सिर बाहर कर रहा हूँ,0,contradictory_label_conflict,Text exists under both HAM (0) and SPAM (1) across 1506 rows,
65562,आप इसे पाने के लिए कहाँ जाने की जरूरत है?,0,contradictory_label_conflict,Text exists under both HAM (0) and SPAM (1) across 1506 rows,
65565,मैं सीधे वहाँ या क्या सिर होना चाहिए,0,contradictory_label_conflict,Text exists under both HAM (0) and SPAM (1) across 1506 rows,
65579,जब तक यह एक स्थिति है जहाँ आप जी यूआरएल जाते हैं अधिक उचित हो जाएगा,0,contradictory_label_conflict,Text exists under both HAM (0) and SPAM (1) across 1506 rows,
65583,बस एक पाठ भेजें. हम बाद में आकाश बदल देंगे.,0,contradictory_label_conflict,Text exists under both HAM (0) and SPAM (1) across 1506 rows,
65598,यहाँ के आसपास चीनी भोजन जगह खोजने की कोशिश कर रहे थे,0,contradictory_label_conflict,Text exists under both HAM (0) and SPAM (1) across 1506 rows,
65609,मुझे लगता है कि आप एक व्यस्त आदमी हैं और मैं एक परेशान नहीं होने की कोशिश कर रहा हूँ. मैं कुछ परीक्षा रास्ते से बाहर निकलना है और फिर कारों की कोशिश करना है.,0,contradictory_label_conflict,Text exists under both HAM (0) and SPAM (1) across 1506 rows,
65610,मैं हाल ही में उसे मना नहीं किया था.,0,contradictory_label_conflict,Text exists under both HAM (0) and SPAM (1) across 1506 rows,
65633,ड ग्यून ब्लू हिल्डा बॉर की गाड़ी चल रही थी ।,0,contradictory_label_conflict,Text exists under both HAM (0) and SPAM (1) across 1506 rows,
65793,"प्यार एक निर्णय नहीं है, यह एक भावना है. यदि हम कर सकते हैं जो प्यार करने के लिए, तो, जीवन बहुत सरल होगा, लेकिन फिर कम जादुई हो जाएगा",0,contradictory_label_conflict,Text exists under both HAM (0) and SPAM (1) across 1506 rows,
65798,अपने अधिकार! मैं अभी नियुक्ति कर लेंगे.,0,contradictory_label_conflict,Text exists under both HAM (0) and SPAM (1) across 1506 rows,
65809,मैं तत्त्वज्ञान सुनने के लिए नहीं करना चाहती. बस कहते हैं क्या होता है,0,contradictory_label_conflict,Text exists under both HAM (0) and SPAM (1) across 1506 rows,
65820,जीवन की सुंदरता अगले दूसरे दूसरे में है. जो हज़ारों रहस्य छिपाता है. मैं चाहता हूँ हर दूसरे जीवन में अद्भुत होगा...,0,contradictory_label_conflict,Text exists under both HAM (0) and SPAM (1) across 1506 rows,
12,"URGENT! You have won a 1 week FREE membership in our £100,000 Prize Jackpot! Txt the word: CLAIM to No: 81010 T&C www.dbuk.net LCCLTD POBOX 4403LDNW1A7RW18",1,suspicious_non_sms_or_noisy_label,shortened_url_web_link,urgent you have won a 1 week free membership in our 100000 prize jackpot txt the word claim to no 81010 tc wwwdbuknet lccltd pobox 4403ldnw1a7rw18
15,"XXXMobileMovieClub: To use your credit, click the WAP link in the next txt message or click here>> http://wap. xxxmobilemovieclub.com?n=QJKGIGHJJGCBL",1,suspicious_non_sms_or_noisy_label,shortened_url_web_link,xxxmobilemovieclub to use your credit click the wap link in the next txt message or click here httpwap xxxmobilemovieclubcomnqjkgighjjgcbl
134,Want 2 get laid tonight? Want real Dogging locations sent direct 2 ur mob? Join the UK's largest Dogging Network bt Txting GRAVEL to 69888! Nt. ec2a. 31p.msg@150p,1,suspicious_non_sms_or_noisy_label,twitter_handle,want 2 get laid tonight want real dogging locations sent direct 2 ur mob join the uks largest dogging network bt txting gravel to 69888 nt ec2a 31pmsg150p
135,I only haf msn. It's yijue@hotmail.com,0,suspicious_non_sms_or_noisy_label,twitter_handle,i only haf msn its yijuehotmailcom
162,-PLS STOP bootydelious (32/F) is inviting you to be her friend. Reply YES-434 or NO-434 See her: www.SMS.ac/u/bootydelious STOP? Send STOP FRND to 62468,1,suspicious_non_sms_or_noisy_label,shortened_url_web_link,pls stop bootydelious 32f is inviting you to be her friend reply yes434 or no434 see her wwwsmsacubootydelious stop send stop frnd to 62468
189,Are you unique enough? Find out from 30th August. www.areyouunique.co.uk,1,suspicious_non_sms_or_noisy_label,shortened_url_web_link,are you unique enough find out from 30th august wwwareyouuniquecouk
221,"500 New Mobiles from 2004, MUST GO! Txt: NOKIA to No: 89545 & collect yours today!From ONLY £1 www.4-tc.biz 2optout 087187262701.50gbp/mtmsg18",1,suspicious_non_sms_or_noisy_label,shortened_url_web_link,500 new mobiles from 2004 must go txt nokia to no 89545  collect yours todayfrom only 1 www4tcbiz 2optout 08718726270150gbpmtmsg18
231,Text & meet someone sexy today. U can find a date or even flirt its up to U. Join 4 just 10p. REPLY with NAME & AGE eg Sam 25. 18 -msg recd@thirtyeight pence,1,suspicious_non_sms_or_noisy_label,twitter_handle,text  meet someone sexy today u can find a date or even flirt its up to u join 4 just 10p reply with name  age eg sam 25 18 msg recdthirtyeight pence
246,Congratulations ur awarded 500 of CD vouchers or 125gift guaranteed & Free entry 2 100 wkly draw txt MUSIC to 87066 TnCs www.Ldew.com1win150ppmx3age16,1,suspicious_non_sms_or_noisy_label,shortened_url_web_link,congratulations ur awarded 500 of cd vouchers or 125gift guaranteed  free entry 2 100 wkly draw txt music to 87066 tncs wwwldewcom1win150ppmx3age16
269,HMV BONUS SPECIAL 500 pounds of genuine HMV vouchers to be won. Just answer 4 easy questions. Play Now! Send HMV to 86688 More info:www.100percent-real.com,1,suspicious_non_sms_or_noisy_label,shortened_url_web_link,hmv bonus special 500 pounds of genuine hmv vouchers to be won just answer 4 easy questions play now send hmv to 86688 more infowww100percentrealcom
301,"SMS. ac Blind Date 4U!: Rodds1 is 21/m from Aberdeen, United Kingdom. Check Him out http://img. sms. ac/W/icmb3cktz8r7!-4 no Blind Dates send HIDE",1,suspicious_non_sms_or_noisy_label,shortened_url_web_link,sms ac blind date 4u rodds1 is 21m from aberdeen united kingdom check him out httpimg sms acwicmb3cktz8r74 no blind dates send hide
361,Here is your discount code RP176781. To stop further messages reply stop. www.regalportfolio.co.uk. Customer Services 08717205546,1,suspicious_non_sms_or_noisy_label,shortened_url_web_link,here is your discount code rp176781 to stop further messages reply stop wwwregalportfoliocouk customer services 08717205546
411,FREE entry into our £250 weekly competition just text the word WIN to 80086 NOW. 18 T&C www.txttowin.co.uk,1,suspicious_non_sms_or_noisy_label,shortened_url_web_link,free entry into our 250 weekly competition just text the word win to 80086 now 18 tc wwwtxttowincouk
463,okmail: Dear Dave this is your final notice to collect your 4* Tenerife Holiday or #5000 CASH award! Call 09061743806 from landline. TCs SAE Box326 CW25WX 150ppm,1,suspicious_non_sms_or_noisy_label,twitter_hashtag,okmail dear dave this is your final notice to collect your 4 tenerife holiday or 5000 cash award call 09061743806 from landline tcs sae box326 cw25wx 150ppm
466,Want 2 get laid tonight? Want real Dogging locations sent direct 2 ur Mob? Join the UK's largest Dogging Network by txting MOAN to 69888Nyt. ec2a. 31p.msg@150p,1,suspicious_non_sms_or_noisy_label,twitter_handle,want 2 get laid tonight want real dogging locations sent direct 2 ur mob join the uks largest dogging network by txting moan to 69888nyt ec2a 31pmsg150p
479,"FREE MESSAGE Activate your 500 FREE Text Messages by replying to this message with the word FREE For terms & conditions, visit www.07781482378.com",1,suspicious_non_sms_or_noisy_label,shortened_url_web_link,free message activate your 500 free text messages by replying to this message with the word free for terms  conditions visit www07781482378com
509,Your credits have been topped up for http://www.bubbletext.com Your renewal Pin is tgxxrz,1,suspicious_non_sms_or_noisy_label,shortened_url_web_link,your credits have been topped up for httpwwwbubbletextcom your renewal pin is tgxxrz
531,from www.Applausestore.com MonthlySubscription@50p/msg max6/month T&CsC web age16 2stop txt stop,1,suspicious_non_sms_or_noisy_label,twitter_handle; shortened_url_web_link,from wwwapplausestorecom monthlysubscription50pmsg max6month tcsc web age16 2stop txt stop
580,"For ur chance to win a £250 wkly shopping spree TXT: SHOP to 80878. T's&C's www.txt-2-shop.com custcare 08715705022, 1x150p/wk",1,suspicious_non_sms_or_noisy_label,shortened_url_web_link,for ur chance to win a 250 wkly shopping spree txt shop to 80878 tscs wwwtxt2shopcom custcare 08715705022 1x150pwk
596,XCLUSIVE@CLUBSAISAI 2MOROW 28/5 SOIREE SPECIALE ZOUK WITH NICHOLS FROM PARIS.FREE ROSES 2 ALL LADIES !!! info: 07946746291/07880867867,1,suspicious_non_sms_or_noisy_label,twitter_handle,xclusiveclubsaisai 2morow 285 soiree speciale zouk with nichols from parisfree roses 2 all ladies  info 0794674629107880867867
624,"Dear Voucher Holder, 2 claim this weeks offer, at your PC go to http://www.e-tlp.co.uk/expressoffer Ts&Cs apply.2 stop texts txt STOP to 80062.",1,suspicious_non_sms_or_noisy_label,shortened_url_web_link,dear voucher holder 2 claim this weeks offer at your pc go to httpwwwetlpcoukexpressoffer tscs apply2 stop texts txt stop to 80062
695,"To review and KEEP the fantastic Nokia N-Gage game deck with Club Nokia, go 2 www.cnupdates.com/newsletter. unsubscribe from alerts reply with the word OUT",1,suspicious_non_sms_or_noisy_label,shortened_url_web_link,to review and keep the fantastic nokia ngage game deck with club nokia go 2 wwwcnupdatescomnewsletter unsubscribe from alerts reply with the word out
784,FREE for 1st week! No1 Nokia tone 4 ur mobile every week just txt NOKIA to 8077 Get txting and tell ur mates. www.getzed.co.uk POBox 36504 W45WQ 16+ norm150p/tone,1,suspicious_non_sms_or_noisy_label,shortened_url_web_link,free for 1st week no1 nokia tone 4 ur mobile every week just txt nokia to 8077 get txting and tell ur mates wwwgetzedcouk pobox 36504 w45wq 16 norm150ptone
794,Congratulations ur awarded either £500 of CD gift vouchers & Free entry 2 our £100 weekly draw txt MUSIC to 87066 TnCs www.Ldew.com1win150ppmx3age16,1,suspicious_non_sms_or_noisy_label,shortened_url_web_link,congratulations ur awarded either 500 of cd gift vouchers  free entry 2 our 100 weekly draw txt music to 87066 tncs wwwldewcom1win150ppmx3age16
804,"SMSSERVICES. for yourinclusive text credits, pls goto www.comuk.net login= 3qxj9 unsubscribe with STOP, no extra charge. help 08702840625.COMUK. 220-CM2 9AE",1,suspicious_non_sms_or_noisy_label,shortened_url_web_link,smsservices for yourinclusive text credits pls goto wwwcomuknet login 3qxj9 unsubscribe with stop no extra charge help 08702840625comuk 220cm2 9ae
813,"Dear Voucher Holder, To claim this weeks offer, at you PC please go to http://www.e-tlp.co.uk/expressoffer Ts&Cs apply. To stop texts, txt STOP to 80062",1,suspicious_non_sms_or_noisy_label,shortened_url_web_link,dear voucher holder to claim this weeks offer at you pc please go to httpwwwetlpcoukexpressoffer tscs apply to stop texts txt stop to 80062
845,Congratulations ur awarded either a yrs supply of CDs from Virgin Records or a Mystery Gift GUARANTEED Call 09061104283 Ts&Cs www.smsco.net £1.50pm approx 3mins,1,suspicious_non_sms_or_noisy_label,shortened_url_web_link,congratulations ur awarded either a yrs supply of cds from virgin records or a mystery gift guaranteed call 09061104283 tscs wwwsmsconet 150pm approx 3mins
860,Reminder: You have not downloaded the content you have already paid for. Goto http://doit. mymoby. tv/ to collect your content.,1,suspicious_non_sms_or_noisy_label,shortened_url_web_link,reminder you have not downloaded the content you have already paid for goto httpdoit mymoby tv to collect your content
991,FREE for 1st week! No1 Nokia tone 4 ur mob every week just txt NOKIA to 8007 Get txting and tell ur mates www.getzed.co.uk POBox 36504 W45WQ norm150p/tone 16+,1,suspicious_non_sms_or_noisy_label,shortened_url_web_link,free for 1st week no1 nokia tone 4 ur mob every week just txt nokia to 8007 get txting and tell ur mates wwwgetzedcouk pobox 36504 w45wq norm150ptone 16
1037,We have new local dates in your area - Lots of new people registered in YOUR AREA. Reply DATE to start now! 18 only www.flirtparty.us REPLYS150,1,suspicious_non_sms_or_noisy_label,shortened_url_web_link,we have new local dates in your area  lots of new people registered in your area reply date to start now 18 only wwwflirtpartyus replys150
1077,Message Important information for O2 user. Today is your lucky day! 2 find out why log onto http://www.urawinner.com there is a fantastic surprise awaiting you,1,suspicious_non_sms_or_noisy_label,shortened_url_web_link,message important information for o2 user today is your lucky day 2 find out why log onto httpwwwurawinnercom there is a fantastic surprise awaiting you
1098,For taking part in our mobile survey yesterday! You can now have 500 texts 2 use however you wish. 2 get txts just send TXT to 80160 T&C www.txt43.com 1.50p,1,suspicious_non_sms_or_noisy_label,shortened_url_web_link,for taking part in our mobile survey yesterday you can now have 500 texts 2 use however you wish 2 get txts just send txt to 80160 tc wwwtxt43com 150p
1135,Msgs r not time pass.They silently say that I am thinking of U right now and also making U think of me at least 4 a moment. Gd nt.swt drms @Shesil,0,suspicious_non_sms_or_noisy_label,twitter_handle,msgs r not time passthey silently say that i am thinking of u right now and also making u think of me at least 4 a moment gd ntswt drms shesil
1169,WIN a year supply of CDs 4 a store of ur choice worth £500 & enter our £100 Weekly draw txt MUSIC to 87066 Ts&Cs www.Ldew.com.subs16+1win150ppmx3,1,suspicious_non_sms_or_noisy_label,shortened_url_web_link,win a year supply of cds 4 a store of ur choice worth 500  enter our 100 weekly draw txt music to 87066 tscs wwwldewcomsubs161win150ppmx3
1190,Reply with your name and address and YOU WILL RECEIVE BY POST a weeks completely free accommodation at various global locations www.phb1.com ph:08700435505150p,1,suspicious_non_sms_or_noisy_label,shortened_url_web_link,reply with your name and address and you will receive by post a weeks completely free accommodation at various global locations wwwphb1com ph08700435505150p
1192,FREE entry into our £250 weekly comp just send the word ENTER to 84128 NOW. 18 T&C www.textcomp.com cust care 08712405020.,1,suspicious_non_sms_or_noisy_label,shortened_url_web_link,free entry into our 250 weekly comp just send the word enter to 84128 now 18 tc wwwtextcompcom cust care 08712405020
1198,"""Hello-/@drivby-:0quit edrunk sorry iff pthis makes no senrd-dnot no how ^ dancce 2 drum n basq!ihave fun 2nhite x ros xxxxxxx""",0,suspicious_non_sms_or_noisy_label,twitter_handle,hellodrivby0quit edrunk sorry iff pthis makes no senrddnot no how  dancce 2 drum n basqihave fun 2nhite x ros xxxxxxx
1267,"Get 3 Lions England tone, reply lionm 4 mono or lionp 4 poly. 4 more go 2 www.ringtones.co.uk, the original n best. Tones 3GBP network operator rates apply",1,suspicious_non_sms_or_noisy_label,shortened_url_web_link,get 3 lions england tone reply lionm 4 mono or lionp 4 poly 4 more go 2 wwwringtonescouk the original n best tones 3gbp network operator rates apply
1332,"500 New Mobiles from 2004, MUST GO! Txt: NOKIA to No: 89545 & collect yours today!From ONLY £1 www.4-tc.biz 2optout 087187262701.50gbp/mtmsg18 TXTAUCTION",1,suspicious_non_sms_or_noisy_label,shortened_url_web_link,500 new mobiles from 2004 must go txt nokia to no 89545  collect yours todayfrom only 1 www4tcbiz 2optout 08718726270150gbpmtmsg18 txtauction
1362,"URGENT, IMPORTANT INFORMATION FOR O2 USER. TODAY IS YOUR LUCKY DAY! 2 FIND OUT WHY LOG ONTO HTTP://WWW.URAWINNER.COM THERE IS A FANTASTIC SURPRISE AWAITING FOR YOU",1,suspicious_non_sms_or_noisy_label,shortened_url_web_link,urgent important information for o2 user today is your lucky day 2 find out why log onto httpwwwurawinnercom there is a fantastic surprise awaiting for you
1377,Congratulations ur awarded either £500 of CD gift vouchers & Free entry 2 our £100 weekly draw txt MUSIC to 87066 TnCs www.Ldew.com 1 win150ppmx3age16,1,suspicious_non_sms_or_noisy_label,shortened_url_web_link,congratulations ur awarded either 500 of cd gift vouchers  free entry 2 our 100 weekly draw txt music to 87066 tncs wwwldewcom 1 win150ppmx3age16
1397,Free 1st week entry 2 TEXTPOD 4 a chance 2 win 40GB iPod or £250 cash every wk. Txt POD to 84128 Ts&Cs www.textpod.net custcare 08712405020.,1,suspicious_non_sms_or_noisy_label,shortened_url_web_link,free 1st week entry 2 textpod 4 a chance 2 win 40gb ipod or 250 cash every wk txt pod to 84128 tscs wwwtextpodnet custcare 08712405020
1441,"Your account has been credited with 500 FREE Text Messages. To activate, just txt the word: CREDIT to No: 80488 T&Cs www.80488.biz",1,suspicious_non_sms_or_noisy_label,shortened_url_web_link,your account has been credited with 500 free text messages to activate just txt the word credit to no 80488 tcs www80488biz
1492,"Hello from Orange. For 1 month's free access to games, news and sport, plus 10 free texts and 20 photo messages, reply YES. Terms apply: www.orange.co.uk/ow",1,suspicious_non_sms_or_noisy_label,shortened_url_web_link,hello from orange for 1 months free access to games news and sport plus 10 free texts and 20 photo messages reply yes terms apply wwworangecoukow
1558,RT-KIng Pro Video Club>> Need help? info@ringtoneking.co.uk or call 08701237397 You must be 16+ Club credits redeemable at www.ringtoneking.co.uk! Enjoy!,1,suspicious_non_sms_or_noisy_label,twitter_handle; shortened_url_web_link,rtking pro video club need help inforingtonekingcouk or call 08701237397 you must be 16 club credits redeemable at wwwringtonekingcouk enjoy
1580,"Eerie Nokia tones 4u, rply TONE TITLE to 8007 eg TONE DRACULA to 8007 Titles: GHOST, ADDAMSFA, MUNSTERS, EXORCIST, TWILIGHT www.getzed.co.uk POBox36504W45WQ 150p",1,suspicious_non_sms_or_noisy_label,shortened_url_web_link,eerie nokia tones 4u rply tone title to 8007 eg tone dracula to 8007 titles ghost addamsfa munsters exorcist twilight wwwgetzedcouk pobox36504w45wq 150p
1598,"For ur chance to win a £250 cash every wk TXT: ACTION to 80608. T's&C's www.movietrivia.tv custcare 08712405022, 1x150p/wk",1,suspicious_non_sms_or_noisy_label,shortened_url_web_link,for ur chance to win a 250 cash every wk txt action to 80608 tscs wwwmovietriviatv custcare 08712405022 1x150pwk
1659,WOW! The Boys R Back. TAKE THAT 2007 UK Tour. Win VIP Tickets & pre-book with VIP Club. Txt CLUB to 81303. Trackmarque Ltd info@vipclub4u.,1,suspicious_non_sms_or_noisy_label,twitter_handle,wow the boys r back take that 2007 uk tour win vip tickets  prebook with vip club txt club to 81303 trackmarque ltd infovipclub4u
1718,BIG BROTHER ALERT! The computer has selected u for 10k cash or #150 voucher. Call 09064018838. NTT PO Box CRO1327 18+ BT Landline Cost 150ppm mobiles vary,1,suspicious_non_sms_or_noisy_label,twitter_hashtag,big brother alert the computer has selected u for 10k cash or 150 voucher call 09064018838 ntt po box cro1327 18 bt landline cost 150ppm mobiles vary
1729,"WIN: We have a winner! Mr. T. Foley won an iPod! More exciting prizes soon, so keep an eye on ur mobile or visit www.win-82050.co.uk",1,suspicious_non_sms_or_noisy_label,shortened_url_web_link,win we have a winner mr t foley won an ipod more exciting prizes soon so keep an eye on ur mobile or visit wwwwin82050couk
1859,Free 1st week entry 2 TEXTPOD 4 a chance 2 win 40GB iPod or £250 cash every wk. Txt VPOD to 81303 Ts&Cs www.textpod.net custcare 08712405020.,1,suspicious_non_sms_or_noisy_label,shortened_url_web_link,free 1st week entry 2 textpod 4 a chance 2 win 40gb ipod or 250 cash every wk txt vpod to 81303 tscs wwwtextpodnet custcare 08712405020
1908,Urgent! Please call 09061743810 from landline. Your ABTA complimentary 4* Tenerife Holiday or #5000 cash await collection SAE T&Cs Box 326 CW25WX 150 ppm,1,suspicious_non_sms_or_noisy_label,twitter_hashtag,urgent please call 09061743810 from landline your abta complimentary 4 tenerife holiday or 5000 cash await collection sae tcs box 326 cw25wx 150 ppm
1943,"U can WIN £100 of Music Gift Vouchers every week starting NOW Txt the word DRAW to 87066 TsCs www.ldew.com SkillGame,1Winaweek, age16.150ppermessSubscription",1,suspicious_non_sms_or_noisy_label,shortened_url_web_link,u can win 100 of music gift vouchers every week starting now txt the word draw to 87066 tscs wwwldewcom skillgame1winaweek age16150ppermesssubscription
2017,"SMS SERVICES. for your inclusive text credits, pls goto www.comuk.net login= ***** unsubscribe with STOP. no extra charge. help:08700469649. PO BOX420. IP4 5WE",1,suspicious_non_sms_or_noisy_label,shortened_url_web_link,sms services for your inclusive text credits pls goto wwwcomuknet login  unsubscribe with stop no extra charge help08700469649 po box420 ip4 5we
2035,"U can WIN £100 of Music Gift Vouchers every week starting NOW Txt the word DRAW to 87066 TsCs www.Idew.com SkillGame, 1Winaweek, age16. 150ppermessSubscription",1,suspicious_non_sms_or_noisy_label,shortened_url_web_link,u can win 100 of music gift vouchers every week starting now txt the word draw to 87066 tscs wwwidewcom skillgame 1winaweek age16 150ppermesssubscription
2047,Your B4U voucher w/c 27/03 is MARSMS. Log onto www.B4Utele.com for discount credit. To opt out reply stop. Customer care call 08717168528,1,suspicious_non_sms_or_noisy_label,shortened_url_web_link,your b4u voucher wc 2703 is marsms log onto wwwb4utelecom for discount credit to opt out reply stop customer care call 08717168528
2171,<Forwarded from 88877>FREE entry into our £250 weekly comp just send the word ENTER to 88877 NOW. 18 T&C www.textcomp.com,1,suspicious_non_sms_or_noisy_label,shortened_url_web_link,forwarded from 88877free entry into our 250 weekly comp just send the word enter to 88877 now 18 tc wwwtextcompcom
2213,"tddnewsletter@emc1.co.uk (More games from TheDailyDraw) Dear Helen, Dozens of Free Games - with great prizesWith..",1,suspicious_non_sms_or_noisy_label,twitter_handle,tddnewsletteremc1couk more games from thedailydraw dear helen dozens of free games  with great prizeswith
2273,"Hi, Mobile no.  &lt;#&gt;  has added you in their contact list on www.fullonsms.com It s a great place to send free sms to people For more visit fullonsms.com",0,suspicious_non_sms_or_noisy_label,shortened_url_web_link,hi mobile no  ltgt  has added you in their contact list on wwwfullonsmscom it s a great place to send free sms to people for more visit fullonsmscom
2312,SMS SERVICES For your inclusive text credits pls gotto www.comuk.net login 3qxj9 unsubscribe with STOP no extra charge help 08702840625 comuk.220cm2 9AE,1,suspicious_non_sms_or_noisy_label,shortened_url_web_link,sms services for your inclusive text credits pls gotto wwwcomuknet login 3qxj9 unsubscribe with stop no extra charge help 08702840625 comuk220cm2 9ae
2322,Guess who am I?This is the first time I created a web page WWW.ASJESUS.COM read all I wrote. I'm waiting for your opinions. I want to be your friend 1/1,1,suspicious_non_sms_or_noisy_label,shortened_url_web_link,guess who am ithis is the first time i created a web page wwwasjesuscom read all i wrote im waiting for your opinions i want to be your friend 11
2330,"For ur chance to win £250 cash every wk TXT: PLAY to 83370. T's&C's www.music-trivia.net custcare 08715705022, 1x150p/wk.",1,suspicious_non_sms_or_noisy_label,shortened_url_web_link,for ur chance to win 250 cash every wk txt play to 83370 tscs wwwmusictrivianet custcare 08715705022 1x150pwk
2409,FREE entry into our £250 weekly comp just send the word WIN to 80086 NOW. 18 T&C www.txttowin.co.uk,1,suspicious_non_sms_or_noisy_label,shortened_url_web_link,free entry into our 250 weekly comp just send the word win to 80086 now 18 tc wwwtxttowincouk
2431,"Text82228>> Get more ringtones, logos and games from www.txt82228.com. Questions: info@txt82228.co.uk",1,suspicious_non_sms_or_noisy_label,twitter_handle; shortened_url_web_link,text82228 get more ringtones logos and games from wwwtxt82228com questions infotxt82228couk
2471,Join the UK's horniest Dogging service and u can have sex 2nite!. Just sign up and follow the instructions. Txt ENTRY to 69888 now! Nyt.EC2A.3LP.msg@150p,1,suspicious_non_sms_or_noisy_label,twitter_handle,join the uks horniest dogging service and u can have sex 2nite just sign up and follow the instructions txt entry to 69888 now nytec2a3lpmsg150p
2491,Knock Knock Txt whose there to 80082 to enter r weekly draw 4 a £250 gift voucher 4 a store of yr choice. T&Cs www.tkls.com age16 to stoptxtstop£1.50/week,1,suspicious_non_sms_or_noisy_label,shortened_url_web_link,knock knock txt whose there to 80082 to enter r weekly draw 4 a 250 gift voucher 4 a store of yr choice tcs wwwtklscom age16 to stoptxtstop150week
2539,8007 FREE for 1st week! No1 Nokia tone 4 ur mob every week just txt NOKIA to 8007 Get txting and tell ur mates www.getzed.co.uk POBox 36504 W4 5WQ norm 150p/tone 16+,1,suspicious_non_sms_or_noisy_label,shortened_url_web_link,8007 free for 1st week no1 nokia tone 4 ur mob every week just txt nokia to 8007 get txting and tell ur mates wwwgetzedcouk pobox 36504 w4 5wq norm 150ptone 16
2564,sports fans - get the latest sports news str* 2 ur mobile 1 wk FREE PLUS a FREE TONE Txt SPORT ON to 8007 www.getzed.co.uk 0870141701216+ norm 4txt/120p,1,suspicious_non_sms_or_noisy_label,shortened_url_web_link,sports fans  get the latest sports news str 2 ur mobile 1 wk free plus a free tone txt sport on to 8007 wwwgetzedcouk 0870141701216 norm 4txt120p
2643,"For ur chance to win a £250 cash every wk TXT: ACTION to 80608. T's&C's www.movietrivia.tv custcare 08712405022, 1x150p/wk.",1,suspicious_non_sms_or_noisy_label,shortened_url_web_link,for ur chance to win a 250 cash every wk txt action to 80608 tscs wwwmovietriviatv custcare 08712405022 1x150pwk
2844,This message is free. Welcome to the new & improved Sex & Dogging club! To unsubscribe from this service reply STOP. msgs@150p 18+only,1,suspicious_non_sms_or_noisy_label,twitter_handle,this message is free welcome to the new  improved sex  dogging club to unsubscribe from this service reply stop msgs150p 18only
2853,FREE UNLIMITED HARDCORE PORN direct 2 your mobile Txt PORN to 69200 & get FREE access for 24 hrs then chrgd@50p per day txt Stop 2exit. This msg is free,1,suspicious_non_sms_or_noisy_label,twitter_handle,free unlimited hardcore porn direct 2 your mobile txt porn to 69200  get free access for 24 hrs then chrgd50p per day txt stop 2exit this msg is free
2894,You are now unsubscribed all services. Get tons of sexy babes or hunks straight to your phone! go to http://gotbabes.co.uk. No subscriptions.,1,suspicious_non_sms_or_noisy_label,shortened_url_web_link,you are now unsubscribed all services get tons of sexy babes or hunks straight to your phone go to httpgotbabescouk no subscriptions
2998,"Dear Voucher Holder, To claim this weeks offer, at you PC please go to http://www.e-tlp.co.uk/reward. Ts&Cs apply.",1,suspicious_non_sms_or_noisy_label,shortened_url_web_link,dear voucher holder to claim this weeks offer at you pc please go to httpwwwetlpcoukreward tscs apply
3114,This message is free. Welcome to the new & improved Sex & Dogging club! To unsubscribe from this service reply STOP. msgs@150p 18 only,1,suspicious_non_sms_or_noisy_label,twitter_handle,this message is free welcome to the new  improved sex  dogging club to unsubscribe from this service reply stop msgs150p 18 only
3244,Save money on wedding lingerie at www.bridal.petticoatdreams.co.uk Choose from a superb selection with national delivery. Brought to you by WeddingFriend,1,suspicious_non_sms_or_noisy_label,shortened_url_web_link,save money on wedding lingerie at wwwbridalpetticoatdreamscouk choose from a superb selection with national delivery brought to you by weddingfriend
3261,Bloomberg -Message center +447797706009 Why wait? Apply for your future http://careers. bloomberg.com,1,suspicious_non_sms_or_noisy_label,shortened_url_web_link,bloomberg message center 447797706009 why wait apply for your future httpcareers bloombergcom
3293,Dorothy@kiefer.com (Bank of Granite issues Strong-Buy) EXPLOSIVE PICK FOR OUR MEMBERS *****UP OVER 300% *********** Nasdaq Symbol CDGT That is a $5.00 per..,1,suspicious_non_sms_or_noisy_label,twitter_handle,dorothykiefercom bank of granite issues strongbuy explosive pick for our members up over 300  nasdaq symbol cdgt that is a 500 per
3358,Collect your VALENTINE'S weekend to PARIS inc Flight & Hotel + £200 Prize guaranteed! Text: PARIS to No: 69101. www.rtf.sphosting.com,1,suspicious_non_sms_or_noisy_label,shortened_url_web_link,collect your valentines weekend to paris inc flight  hotel  200 prize guaranteed text paris to no 69101 wwwrtfsphostingcom
3555,"Want to funk up ur fone with a weekly new tone reply TONES2U 2 this text. www.ringtones.co.uk, the original n best. Tones 3GBP network operator rates apply",1,suspicious_non_sms_or_noisy_label,shortened_url_web_link,want to funk up ur fone with a weekly new tone reply tones2u 2 this text wwwringtonescouk the original n best tones 3gbp network operator rates apply
3593,Congratulations U can claim 2 VIP row A Tickets 2 C Blu in concert in November or Blu gift guaranteed Call 09061104276 to claim TS&Cs www.smsco.net cost£3.75max,1,suspicious_non_sms_or_noisy_label,shortened_url_web_link,congratulations u can claim 2 vip row a tickets 2 c blu in concert in november or blu gift guaranteed call 09061104276 to claim tscs wwwsmsconet cost375max
3624,Free Msg: Ringtone!From: http://tms. widelive.com/index. wml?id=1b6a5ecef91ff9*37819&first=true18:0430-JUL-05,1,suspicious_non_sms_or_noisy_label,shortened_url_web_link,free msg ringtonefrom httptms widelivecomindex wmlid1b6a5ecef91ff937819firsttrue180430jul05
3645,A link to your picture has been sent. You can also use http://alto18.co.uk/wave/wave.asp?o=44345,1,suspicious_non_sms_or_noisy_label,shortened_url_web_link,a link to your picture has been sent you can also use httpalto18coukwavewaveaspo44345
3655,Dear Dave this is your final notice to collect your 4* Tenerife Holiday or #5000 CASH award! Call 09061743806 from landline. TCs SAE Box326 CW25WX 150ppm,1,suspicious_non_sms_or_noisy_label,twitter_hashtag,dear dave this is your final notice to collect your 4 tenerife holiday or 5000 cash award call 09061743806 from landline tcs sae box326 cw25wx 150ppm
3900,"Dear Voucher Holder, To claim this weeks offer, at your PC please go to http://www.wtlp.co.uk/text. Ts&Cs apply.",1,suspicious_non_sms_or_noisy_label,shortened_url_web_link,dear voucher holder to claim this weeks offer at your pc please go to httpwwwwtlpcouktext tscs apply
3932,IMPORTANT INFORMATION 4 ORANGE USER 0796XXXXXX. TODAY IS UR LUCKY DAY!2 FIND OUT WHY LOG ONTO http://www.urawinner.com THERE'S A FANTASTIC PRIZEAWAITING YOU!,1,suspicious_non_sms_or_noisy_label,shortened_url_web_link,important information 4 orange user 0796xxxxxx today is ur lucky day2 find out why log onto httpwwwurawinnercom theres a fantastic prizeawaiting you
3979,important information 4 orange user . today is your lucky day!2find out why log onto http://www.urawinner.com THERE'S A FANTASTIC SURPRISE AWAITING YOU!,1,suspicious_non_sms_or_noisy_label,shortened_url_web_link,important information 4 orange user  today is your lucky day2find out why log onto httpwwwurawinnercom theres a fantastic surprise awaiting you
3991,Natalja (25/F) is inviting you to be her friend. Reply YES-440 or NO-440 See her: www.SMS.ac/u/nat27081980 STOP? Send STOP FRND to 62468,1,suspicious_non_sms_or_noisy_label,shortened_url_web_link,natalja 25f is inviting you to be her friend reply yes440 or no440 see her wwwsmsacunat27081980 stop send stop frnd to 62468
3999,"URGENT. Important information for 02 user. Today is your lucky day! 2 find out why , log onto http://www.urawinner.com there is a fantastic surprise awaiting you !",1,suspicious_non_sms_or_noisy_label,shortened_url_web_link,urgent important information for 02 user today is your lucky day 2 find out why  log onto httpwwwurawinnercom there is a fantastic surprise awaiting you
4066,important information 4 orange user 0789xxxxxxx. today is your lucky day!2find out why log onto http://www.urawinner.com THERE'S A FANTASTIC SURPRISE AWAITING YOU!,1,suspicious_non_sms_or_noisy_label,shortened_url_web_link,important information 4 orange user 0789xxxxxxx today is your lucky day2find out why log onto httpwwwurawinnercom theres a fantastic surprise awaiting you
4085,Ur TONEXS subscription has been renewed and you have been charged £4.50. You can choose 10 more polys this month. www.clubzed.co.uk *BILLING MSG*,1,suspicious_non_sms_or_noisy_label,shortened_url_web_link,ur tonexs subscription has been renewed and you have been charged 450 you can choose 10 more polys this month wwwclubzedcouk billing msg
4086,"If you don't, your prize will go to another customer. T&C at www.t-c.biz 18+ 150p/min Polo Ltd Suite 373 London W1J 6HL Please call back if busy",1,suspicious_non_sms_or_noisy_label,shortened_url_web_link,if you dont your prize will go to another customer tc at wwwtcbiz 18 150pmin polo ltd suite 373 london w1j 6hl please call back if busy
4199,"SMS SERVICES. for your inclusive text credits, pls goto www.comuk.net login= 3qxj9 unsubscribe with STOP, no extra charge. help 08702840625.COMUK. 220-CM2 9AE",1,suspicious_non_sms_or_noisy_label,shortened_url_web_link,sms services for your inclusive text credits pls goto wwwcomuknet login 3qxj9 unsubscribe with stop no extra charge help 08702840625comuk 220cm2 9ae
4327,You are being ripped off! Get your mobile content from www.clubmoby.com call 08717509990 poly/true/Pix/Ringtones/Games six downloads for only 3,1,suspicious_non_sms_or_noisy_label,shortened_url_web_link,you are being ripped off get your mobile content from wwwclubmobycom call 08717509990 polytruepixringtonesgames six downloads for only 3
4425,Cashbin.co.uk (Get lots of cash this weekend!) www.cashbin.co.uk Dear Welcome to the weekend We have got our biggest and best EVER cash give away!! These..,1,suspicious_non_sms_or_noisy_label,shortened_url_web_link,cashbincouk get lots of cash this weekend wwwcashbincouk dear welcome to the weekend we have got our biggest and best ever cash give away these
4466,Santa calling! Would your little ones like a call from Santa Xmas Eve? Call 09077818151 to book you time. Calls1.50ppm last 3mins 30s T&C www.santacalling.com,1,suspicious_non_sms_or_noisy_label,shortened_url_web_link,santa calling would your little ones like a call from santa xmas eve call 09077818151 to book you time calls150ppm last 3mins 30s tc wwwsantacallingcom
4499,"New Mobiles from 2004, MUST GO! Txt: NOKIA to No: 89545 & collect yours today! From ONLY £1. www.4-tc.biz 2optout 087187262701.50gbp/mtmsg18 TXTAUCTION.",1,suspicious_non_sms_or_noisy_label,shortened_url_web_link,new mobiles from 2004 must go txt nokia to no 89545  collect yours today from only 1 www4tcbiz 2optout 08718726270150gbpmtmsg18 txtauction
4537,lyricalladie(21/F) is inviting you to be her friend. Reply YES-910 or NO-910. See her: www.SMS.ac/u/hmmross STOP? Send STOP FRND to 62468,1,suspicious_non_sms_or_noisy_label,shortened_url_web_link,lyricalladie21f is inviting you to be her friend reply yes910 or no910 see her wwwsmsacuhmmross stop send stop frnd to 62468
4560,Warner Village 83118 C Colin Farrell in SWAT this wkend @Warner Village & get 1 free med. Popcorn!Just show msg+ticket@kiosk.Valid 4-7/12. C t&c @kiosk. Reply SONY 4 mre film offers,1,suspicious_non_sms_or_noisy_label,twitter_handle,warner village 83118 c colin farrell in swat this wkend warner village  get 1 free med popcornjust show msgticketkioskvalid 4712 c tc kiosk reply sony 4 mre film offers
4613,Dear Voucher holder Have your next meal on us. Use the following link on your pc 2 enjoy a 2 4 1 dining experiencehttp://www.vouch4me.com/etlp/dining.asp,1,suspicious_non_sms_or_noisy_label,shortened_url_web_link,dear voucher holder have your next meal on us use the following link on your pc 2 enjoy a 2 4 1 dining experiencehttpwwwvouch4mecometlpdiningasp
4632,goldviking (29/M) is inviting you to be his friend. Reply YES-762 or NO-762 See him: www.SMS.ac/u/goldviking STOP? Send STOP FRND to 62468,1,suspicious_non_sms_or_noisy_label,shortened_url_web_link,goldviking 29m is inviting you to be his friend reply yes762 or no762 see him wwwsmsacugoldviking stop send stop frnd to 62468
4651,CDs 4u: Congratulations ur awarded £500 of CD gift vouchers or £125 gift guaranteed & Freeentry 2 £100 wkly draw xt MUSIC to 87066 TnCs www.ldew.com1win150ppmx3age16,1,suspicious_non_sms_or_noisy_label,shortened_url_web_link,cds 4u congratulations ur awarded 500 of cd gift vouchers or 125 gift guaranteed  freeentry 2 100 wkly draw xt music to 87066 tncs wwwldewcom1win150ppmx3age16
4685,Natalie (20/F) is inviting you to be her friend. Reply YES-165 or NO-165 See her: www.SMS.ac/u/natalie2k9 STOP? Send STOP FRND to 62468,1,suspicious_non_sms_or_noisy_label,shortened_url_web_link,natalie 20f is inviting you to be her friend reply yes165 or no165 see her wwwsmsacunatalie2k9 stop send stop frnd to 62468
4743,This msg is for your mobile content order It has been resent as previous attempt failed due to network error Queries to customersqueries@netvision.uk.com,1,suspicious_non_sms_or_noisy_label,twitter_handle,this msg is for your mobile content order it has been resent as previous attempt failed due to network error queries to customersqueriesnetvisionukcom
4753,"Get 3 Lions England tone, reply lionm 4 mono or lionp 4 poly. 4 more go 2 www.ringtones.co.uk, the original n best. Tones 3GBP network operator rates apply.",1,suspicious_non_sms_or_noisy_label,shortened_url_web_link,get 3 lions england tone reply lionm 4 mono or lionp 4 poly 4 more go 2 wwwringtonescouk the original n best tones 3gbp network operator rates apply
4828,Call Germany for only 1 pence per minute! Call from a fixed line via access number 0844 861 85 85. No prepayment. Direct access! www.telediscount.co.uk,1,suspicious_non_sms_or_noisy_label,shortened_url_web_link,call germany for only 1 pence per minute call from a fixed line via access number 0844 861 85 85 no prepayment direct access wwwtelediscountcouk
4904,XMAS iscoming & ur awarded either £500 CD gift vouchers & free entry 2 r £100 weekly draw txt MUSIC to 87066 TnC www.Ldew.com1win150ppmx3age16subscription,1,suspicious_non_sms_or_noisy_label,shortened_url_web_link,xmas iscoming  ur awarded either 500 cd gift vouchers  free entry 2 r 100 weekly draw txt music to 87066 tnc wwwldewcom1win150ppmx3age16subscription
4949,"u r subscribed 2 TEXTCOMP 250 wkly comp. 1st wk?s free question follows, subsequent wks charged@150p/msg.2 unsubscribe txt STOP 2 84128,custcare 08712405020",1,suspicious_non_sms_or_noisy_label,twitter_handle,u r subscribed 2 textcomp 250 wkly comp 1st wks free question follows subsequent wks charged150pmsg2 unsubscribe txt stop 2 84128custcare 08712405020
4979,"Free entry to the gr8prizes wkly comp 4 a chance to win the latest Nokia 8800, PSP or £250 cash every wk.TXT GREAT to 80878 http//www.gr8prizes.com 08715705022",1,suspicious_non_sms_or_noisy_label,shortened_url_web_link,free entry to the gr8prizes wkly comp 4 a chance to win the latest nokia 8800 psp or 250 cash every wktxt great to 80878 httpwwwgr8prizescom 08715705022
5053,"""For the most sparkling shopping breaks from 45 per person; call 0121 2025050 or visit www.shortbreaks.org.uk""",1,suspicious_non_sms_or_noisy_label,shortened_url_web_link,for the most sparkling shopping breaks from 45 per person call 0121 2025050 or visit wwwshortbreaksorguk
5056,Txt: CALL to No: 86888 & claim your reward of 3 hours talk time to use from your phone now! Subscribe6GBP/mnth inc 3hrs 16 stop?txtStop www.gamb.tv,1,suspicious_non_sms_or_noisy_label,shortened_url_web_link,txt call to no 86888  claim your reward of 3 hours talk time to use from your phone now subscribe6gbpmnth inc 3hrs 16 stoptxtstop wwwgambtv
5188,"tddnewsletter@emc1.co.uk (Weitere Spiele von TheDailyDraw) Liebe Helen, Dutzende Freispiele - mit tollen PreisenWith..",1,suspicious_non_sms_or_noisy_label,twitter_handle,tddnewsletteremc1couk weitere spiele von thedailydraw liebe helen dutzende freispiele  mit tollen preisenwith
5233,"New Mobiles from 2004, MUST GO! Txt: NOKIA to No: 89545 & collect yours today! From ONLY å£1. www.4-tc.biz 2optout 087187262701.50gbp/mtmsg18 TXTAUCTION.",1,suspicious_non_sms_or_noisy_label,shortened_url_web_link,new mobiles from 2004 must go txt nokia to no 89545  collect yours today from only 1 www4tcbiz 2optout 08718726270150gbpmtmsg18 txtauction
5254,ऊर कोचनएक्सस सदस्यता नया किया गया है और आपको $50 पाउंड देने का आदेश दिया गया है. आप इस महीने में 10 और बहुमोल पॉलीक्स चुन सकते हैं. www.clud.kolig. kgma,1,suspicious_non_sms_or_noisy_label,shortened_url_web_link,50            10       wwwcludkolig kgma
5281,"Hi , Vivo T2 5G at Rs.15,499 + Extra Rs.500 off for you on Tata Neu! Get 5% NeuCoins! Hurry, offer ends soon! T&C apply https://tneu.in/uG85yeBO",1,suspicious_non_sms_or_noisy_label,shortened_url_web_link,hi  vivo t2 5g at rs15499  extra rs500 off for you on tata neu get 5 neucoins hurry offer ends soon tc apply httpstneuinug85yebo
5303,Buy 1 Get 3 Free! We have mind-blowing deals @ Epic Fashion Sale Top brands on discount | Explore & shop now with Free Shipping http://smsd.in/bc0H1TrpB,1,suspicious_non_sms_or_noisy_label,shortened_url_web_link,buy 1 get 3 free we have mindblowing deals  epic fashion sale top brands on discount  explore  shop now with free shipping httpsmsdinbc0h1trpb
5356,"50% Daily Data quota used as on 27-Aug-24 16:06. Jio Number : 9019695140 Daily Data quota as per plan : 1.50 GB To know more on how to manage your account through MyJio app, click https://youtu.be/nkg_fLUUxD8 Dial 1991, to know your current balance, validity, plan details and for exciting recharge plans.",1,suspicious_non_sms_or_noisy_label,shortened_url_web_link,50 daily data quota used as on 27aug24 1606 jio number  9019695140 daily data quota as per plan  150 gb to know more on how to manage your account through myjio app click httpsyoutubenkgfluuxd8 dial 1991 to know your current balance validity plan details and for exciting recharge plans
5460,"Santa ruft! Möchten Ihre Kleinen einen Anruf von Santa Xmas Eve? Rufen Sie 090778181 an, um Zeit zu buchen. Calls1.50ppm last 3mins 30s T&C www.santacalling.com",1,suspicious_non_sms_or_noisy_label,shortened_url_web_link,santa ruft mchten ihre kleinen einen anruf von santa xmas eve rufen sie 090778181 an um zeit zu buchen calls150ppm last 3mins 30s tc wwwsantacallingcom
5508,"Weekend Deals @SMART Point Store,Rs 20 OFF Biscuits 350g onw,Rs 50 OFF Surf Excel Easy Wash Det Pwdr 1.5Kg,Good Life Cashew 500g Rs 429,Click bit.ly/2TnTFQy T&C",1,suspicious_non_sms_or_noisy_label,twitter_handle; shortened_url_web_link,weekend deals smart point storers 20 off biscuits 350g onwrs 50 off surf excel easy wash det pwdr 15kggood life cashew 500g rs 429click bitly2tntfqy tc
5529,Haaza min fadli rabbie hadramie just release new iPhone wallpaper at his flickr account RANDOMNESS http bit ly urGGC,0,suspicious_non_sms_or_noisy_label,social_media_lingo,haaza min fadli rabbie hadramie just release new iphone wallpaper at his flickr account randomness http bit ly urggc
5823,India Photo Blog evening sky Flickr http goo gl fb aXyLl clouds kerala palakkad,1,suspicious_non_sms_or_noisy_label,social_media_lingo,india photo blog evening sky flickr http goo gl fb axyll clouds kerala palakkad
5886,Hallo-/@drivby-:0quit edrunk sorry iff pthis macht kein senrd-dnot no how ^ dancce 2 drum n basq!i haben Spaß 2nhite x ros xxxxxxxx,0,suspicious_non_sms_or_noisy_label,twitter_handle,hallodrivby0quit edrunk sorry iff pthis macht kein senrddnot no how  dancce 2 drum n basqi haben spa 2nhite x ros xxxxxxxx
5889,लेकिन आपके भाई ने केवल &lt;#gt; + &l;##gt;#gt; पास.,0,suspicious_non_sms_or_noisy_label,twitter_hashtag,ltgt  lgtgt
5913,"Aladdin, The Jungle Book, The Lion King, Ice Age & more - Watch only on Disney+ Hotstar. Recharge with Rs 501 & get 1year Disney+ Hotstar Mobile subscription & 100GB data (3GB/day +16GB) + Unlimited Calls; 28days. Click bit.ly/ViHotstar1",1,suspicious_non_sms_or_noisy_label,shortened_url_web_link,aladdin the jungle book the lion king ice age  more  watch only on disney hotstar recharge with rs 501  get 1year disney hotstar mobile subscription  100gb data 3gbday 16gb  unlimited calls 28days click bitlyvihotstar1
5971,संदेश भेजा गया है &lt;#gt; डॉलर. दिखायें <lgt;#gt; या &l >,0,suspicious_non_sms_or_noisy_label,twitter_hashtag,ltgt   lgtgt  l
6030,Happy th Of July My Flickr friend Kathy s pic made the Flickr Blog today Great holiday shot fb http flic kr p fFpx,1,suspicious_non_sms_or_noisy_label,social_media_lingo,happy th of july my flickr friend kathy s pic made the flickr blog today great holiday shot fb http flic kr p ffpx
6209,http www flickr com photos s day sizes l,0,suspicious_non_sms_or_noisy_label,social_media_lingo,http www flickr com photos s day sizes l
6438,How to Twitter your Flickr http bit ly iGywL,0,suspicious_non_sms_or_noisy_label,social_media_lingo,how to twitter your flickr http bit ly igywl
6529,Your Filmy Recharge with 1GB data is active now and valid till 03.06.2021 10:34:01. Start watching latest movies by clicking here bit.ly/KeralaMovies,1,suspicious_non_sms_or_noisy_label,shortened_url_web_link,your filmy recharge with 1gb data is active now and valid till 03062021 103401 start watching latest movies by clicking here bitlykeralamovies
6543,morning good morning all been off Twitter waiting for Middle Eastern affairs to stabilize,1,suspicious_non_sms_or_noisy_label,conversational_mislabeled_as_spam (good morning all),morning good morning all been off twitter waiting for middle eastern affairs to stabilize
6569,New photo posted on flickr Bodie Ghost Town Church Would appreciate your comments http bit ly eTFx travelphoto,1,suspicious_non_sms_or_noisy_label,social_media_lingo,new photo posted on flickr bodie ghost town church would appreciate your comments http bit ly etfx travelphoto
6621,CREDITED: Rs.75 wallet money. Use it to order medicines and get FLAT 22% OFF. Code. PHMY22 *TC PharmEasy https://peasy.in/RjXCN6,1,suspicious_non_sms_or_noisy_label,shortened_url_web_link,credited rs75 wallet money use it to order medicines and get flat 22 off code phmy22 tc pharmeasy httpspeasyinrjxcn6
6708,"Dear bigbasketeer, All your orders above Rs.399 are free of delivery charges from now. Start shopping https://u1.mnge.co/DJqKqvq",1,suspicious_non_sms_or_noisy_label,shortened_url_web_link,dear bigbasketeer all your orders above rs399 are free of delivery charges from now start shopping httpsu1mngecodjqkqvq
6776,"Want to funk up ur fone with a weekly new tone reply TONES2U 2 this text. www.ringtones.co.uk, the original n best.",1,suspicious_non_sms_or_noisy_label,shortened_url_web_link,want to funk up ur fone with a weekly new tone reply tones2u 2 this text wwwringtonescouk the original n best
6806,India Photo Blog Chittur Sokanasini River Flickr http goo gl fb a BhQ kerala,1,suspicious_non_sms_or_noisy_label,social_media_lingo,india photo blog chittur sokanasini river flickr http goo gl fb a bhq kerala
6908,Entrée 1ère semaine gratuite 2 TEXTPOD 4 une chance 2 gagner 40 Go iPod ou £250 cash chaque wk. Txt POD à 84128 Ts&Cs www.textpod.net custcare 08712405020.,1,suspicious_non_sms_or_noisy_label,shortened_url_web_link,entre 1re semaine gratuite 2 textpod 4 une chance 2 gagner 40 go ipod ou 250 cash chaque wk txt pod  84128 tscs wwwtextpodnet custcare 08712405020
7020,खेल प्रशंसकों - हाल ही में खेल के समाचार प्राप्त करें* 2 सेवर 1 Hke PLANATC को 87 www.centiz. kgm4700101+4xxxxxxxxxxxxxxxxxxxxxxxxxxxxER.,1,suspicious_non_sms_or_noisy_label,shortened_url_web_link,2  1 hke planatc  87 wwwcentiz kgm47001014xxxxxxxxxxxxxxxxxxxxxxxxxxxxer
7128,"Special offer from Dunzo: get 10% OFF on your 4 orders! Get groceries, fruits, veggies, & meat delivered home in <45 mins. Click: http://bit.ly/DunzoApp",1,suspicious_non_sms_or_noisy_label,shortened_url_web_link,special offer from dunzo get 10 off on your 4 orders get groceries fruits veggies  meat delivered home in 45 mins click httpbitlydunzoapp
7264,"प्रिय Verver, इस सप्ताह प्रस्ताव का दावा करने के लिए, आप पीसी पर http://www.ekp.ka.k/ eka. seks लागू करते हैं।",1,suspicious_non_sms_or_noisy_label,shortened_url_web_link,verver            httpwwwekpkak eka seks
7461,"मेरे दोस्त बस यहाँ मिल गया है और कहते हैं कि वह कुछ ग्राम से अपने आदेश उड़ा रहा है (वह $lt &gt;#gt;), जब आप यहाँ मिल सकता है?",0,suspicious_non_sms_or_noisy_label,twitter_hashtag,lt gtgt
7713,"Für ur Chance zu gewinnen £250 Bargeld jeder wk TXT: PLAY zu 83370. T's&C www.music-trivia.net custcare 08715705022, 1x150p/wk.",1,suspicious_non_sms_or_noisy_label,shortened_url_web_link,fr ur chance zu gewinnen 250 bargeld jeder wk txt play zu 83370 tsc wwwmusictrivianet custcare 08715705022 1x150pwk
7762,"500 nouveaux Mobiles de 2004, DOIVENT GO! Txt: NOKIA to No: 89545 & collectionnez le vôtre dès aujourd'hui!À partir de UNIQUEMENT £1 www.4-tc.biz 2optout 087187262701.50gbp/mtmsg18",1,suspicious_non_sms_or_noisy_label,shortened_url_web_link,500 nouveaux mobiles de 2004 doivent go txt nokia to no 89545  collectionnez le vtre ds aujourdhui partir de uniquement 1 www4tcbiz 2optout 08718726270150gbpmtmsg18
8104,"SMS. ac Blind Date 4U!: Rodds1 ist 21/m von Aberdeen, Vereinigtes Königreich. Prüfen Sie Ihn aus http://img. sms. ac/W/icmb3cktz8r7!-4 keine Blind Dates senden HIDE",1,suspicious_non_sms_or_noisy_label,shortened_url_web_link,sms ac blind date 4u rodds1 ist 21m von aberdeen vereinigtes knigreich prfen sie ihn aus httpimg sms acwicmb3cktz8r74 keine blind dates senden hide
8264,"हाउस-Mid है खूनी, coz आदमी की हत्या कर दी गई थी &l;#gt; वे जनवरी. खैर, सार्वजनिक छुट्टी सब पर बंद कर दिया गया है, पोस्ट ऑफ़िस.",0,suspicious_non_sms_or_noisy_label,twitter_hashtag,mid   coz        lgt
8307,"हाय, मैं एक Tlt प्राप्त कर सकते हैं &gt;#gt; डॉलर आप से ऋण. मैं आप के मध्य में वापस भुगतान करते हैं.",0,suspicious_non_sms_or_noisy_label,twitter_hashtag,tlt     gtgt
8308,Having dinner with some old high school friends You could say we re getting the band back together,1,suspicious_non_sms_or_noisy_label,conversational_mislabeled_as_spam (dinner with),having dinner with some old high school friends you could say we re getting the band back together
8319,क्या आपको लगता है कि मैं लॉग कर सकते हैं &gt;#gt; एक सप्ताह में,0,suspicious_non_sms_or_noisy_label,twitter_hashtag,gtgt
8445,"Get up to Rs.1K assured cashback & Rs.25K free credit with OlaMoney Postpaid+. Use it across 15K+ apps, pay back in 30 days.Click:https://hello.ola.app/ompp",1,suspicious_non_sms_or_noisy_label,shortened_url_web_link,get up to rs1k assured cashback  rs25k free credit with olamoney postpaid use it across 15k apps pay back in 30 daysclickhttpshelloolaappompp
8473,यो आप किसी और के बारे में जानते हैं &gt;#gt; या अन्यथा शराब खरीदने में सक्षम हैं? हमारे आदमी trod और अभी अगर हम किसी के बस 4 में एक पकड़ नहीं मिलता है उसे बस 4 Loloko पूरी रात,0,suspicious_non_sms_or_noisy_label,twitter_hashtag,gtgt          trod        4         4 loloko
8514,"Sehr geehrter Gutscheininhaber, Um dieses Wochenangebot in Anspruch zu nehmen, gehen Sie auf Ihrem PC bitte unter http://www.wtlp.co.uk/text. Ts&Cs gelten.",1,suspicious_non_sms_or_noisy_label,shortened_url_web_link,sehr geehrter gutscheininhaber um dieses wochenangebot in anspruch zu nehmen gehen sie auf ihrem pc bitte unter httpwwwwtlpcouktext tscs gelten
8531,"Binge all night on Vi, without limits. Surf, Stream, Share non-stop from 12am to 6am, within the same pack at NO extra cost! Dial *199# or click bit.ly/GetViApp",1,suspicious_non_sms_or_noisy_label,shortened_url_web_link,binge all night on vi without limits surf stream share nonstop from 12am to 6am within the same pack at no extra cost dial 199 or click bitlygetviapp
8557,"पाउंड जीतने का मौका हर WkXT: TTT के लिए: T'TR. T'TC के लिए www.mace.net S.net Sivivivive 0.255050, 1x1/we/wk/wk.",1,suspicious_non_sms_or_noisy_label,shortened_url_web_link,wkxt ttt   ttr ttc   wwwmacenet snet sivivivive 0255050 1x1wewkwk
8716,"कुछ भी नहीं है. मुझे लगता है कि पैसे यहाँ आपके खाते में प्रवेश कर रहे हैं, बैंक अपने फ्लैट दर हटा देगा. किसी ने इनकार किया है; '#gt;'; मेरे खाते और &gt;# डॉलर के लिए दूर हो गया. तो बैंक बैंक और आरोपों के बारे में भी अलग हैं. यकीन है कि आप पर भरोसा कर रहे हैं कि आप खाते के लिए विवरण भेज रहे हैं...",0,suspicious_non_sms_or_noisy_label,twitter_hashtag,gt    gt
8775,Yoga for kids http bit ly vRI,1,suspicious_non_sms_or_noisy_label,conversational_mislabeled_as_spam (Yoga),yoga for kids http bit ly vri
8785,"Tdddseter@mc1.ko.ke (सामान्य खेल) प्रिय हैलॆन, जो कि मुक्त खेलों की अवैधता के साथ - बड़े पुरस्कारों के साथ.",1,suspicious_non_sms_or_noisy_label,twitter_handle,tdddsetermc1koke
8898,"Top Brands, Pure, Hygienic Milk at best prices available in SMART Point Store,Nandini Tnd Milk500ml Rs18.50,Heritage Tnd Milk500ml Rs 21,Click bit.ly/2T3zdWw TC",1,suspicious_non_sms_or_noisy_label,shortened_url_web_link,top brands pure hygienic milk at best prices available in smart point storenandini tnd milk500ml rs1850heritage tnd milk500ml rs 21click bitly2t3zdww tc
8937,"U can WIN å£100 of Music Gift Vouchers every week starting NOW Txt the word DRAW to 87066 TsCs www.ldew.com SkillGame,1Winaweek, age16.150ppermessSubscription",1,suspicious_non_sms_or_noisy_label,shortened_url_web_link,u can win 100 of music gift vouchers every week starting now txt the word draw to 87066 tscs wwwldewcom skillgame1winaweek age16150ppermesssubscription
8948,Uploaded new piano photos from the Bronx to my Play Me I m Yours set on Flickr http bit ly bnnhyx,1,suspicious_non_sms_or_noisy_label,social_media_lingo,uploaded new piano photos from the bronx to my play me i m yours set on flickr http bit ly bnnhyx
8976,informations importantes 4 utilisateur orange. aujourd'hui c'est votre jour de chance!2trouvez pourquoi vous connecter à http://www.urawinner.com IL Y A UNE SURPRISE FANTASTIQUE VOUS RETOURNANT!,1,suspicious_non_sms_or_noisy_label,shortened_url_web_link,informations importantes 4 utilisateur orange aujourdhui cest votre jour de chance2trouvez pourquoi vous connecter  httpwwwurawinnercom il y a une surprise fantastique vous retournant
9332,LAST DAY Rs.250 credited as FREE UNLIMITED Cash Points in your account to shop at UNLIMITED Fashion Store. Hurry! Click bit.ly/3mGelS6 for TnC,1,suspicious_non_sms_or_noisy_label,shortened_url_web_link,last day rs250 credited as free unlimited cash points in your account to shop at unlimited fashion store hurry click bitly3mgels6 for tnc
9347,"नारंगी से नमस्कार. 1 महीने के लिए खेल, समाचार और खेल के लिए मुक्त एक्सेस, और साथ 10 मुक्त पाठ और 20 फोटो संदेश जवाब, जवाब: www.oe.ek/oe.e/eeeee/oe.",1,suspicious_non_sms_or_noisy_label,shortened_url_web_link,1              10    20     wwwoeekoeeeeeeeoe
9539,CDs 4u: Félicitations à ur décerné £500 de bons-cadeaux CD ou £125 cadeau garanti & Freeentry 2 £100 wkly dessiner xt MUSIC à 87066 TnCs www.ldew.com1win150ppmx3age16,1,suspicious_non_sms_or_noisy_label,shortened_url_web_link,cds 4u flicitations  ur dcern 500 de bonscadeaux cd ou 125 cadeau garanti  freeentry 2 100 wkly dessiner xt music  87066 tncs wwwldewcom1win150ppmx3age16
9793,"Congrats , It's confirmed! Get Cash Loan up to Rs.50,000 at Truebalance. No paperwork, quick approval! Click - http://1kx.in/kA9HAQ - Credit Cardon",1,suspicious_non_sms_or_noisy_label,shortened_url_web_link,congrats  its confirmed get cash loan up to rs50000 at truebalance no paperwork quick approval click  http1kxinka9haq  credit cardon
9816,"You are missing it! Claim your Vi Movies & TV Classic membership & get premium movies- Anjaam Pathiraa, Solo,Oru Adaar Love, Manorama news! Click bit.ly/Vi-mv34",1,suspicious_non_sms_or_noisy_label,shortened_url_web_link,you are missing it claim your vi movies  tv classic membership  get premium movies anjaam pathiraa solooru adaar love manorama news click bitlyvimv34
9910,INFORMATION IMPORTANTE 4 UTILISATEUR ORANGE 0796XXXXXX. AUJOURD'HUI C'EST AU JOUR LUCKY!2 POURQUOI CONNEXION?http://www.urawinner.com Y A-T-IL UNE PRIZE FANTASTIQUE?,1,suspicious_non_sms_or_noisy_label,shortened_url_web_link,information importante 4 utilisateur orange 0796xxxxxx aujourdhui cest au jour lucky2 pourquoi connexionhttpwwwurawinnercom y atil une prize fantastique
10165,"Dear Customer, Rs.500 to 10 lucky winners & Rs.50 to 1,000 Early Birds as STAR Clubcard points! To share your feedback, click https://bit.ly/3QfJ07p T&C",1,suspicious_non_sms_or_noisy_label,shortened_url_web_link,dear customer rs500 to 10 lucky winners  rs50 to 1000 early birds as star clubcard points to share your feedback click httpsbitly3qfj07p tc
10172,manikarthik I am on gmail Yahoo Id is only for IM and flickr,1,suspicious_non_sms_or_noisy_label,social_media_lingo,manikarthik i am on gmail yahoo id is only for im and flickr
10174,"U can WIN £100 of Music Gift Bonkers chaque semaine à partir de MAINTENANT Txt le mot DRAW à 87066 TsCs www.ldew.com SkillGame,1Winaweek, age16.150ppermessAbonnement",1,suspicious_non_sms_or_noisy_label,shortened_url_web_link,u can win 100 of music gift bonkers chaque semaine  partir de maintenant txt le mot draw  87066 tscs wwwldewcom skillgame1winaweek age16150ppermessabonnement
10695,Cloudnine administrator has assigned 6 course(s) to you. These courses need to be completed by 18-12-2021 . Please click on the link to start your training. https://cloudnine.medlern.com/dashboard MedLern,1,suspicious_non_sms_or_noisy_label,shortened_url_web_link,cloudnine administrator has assigned 6 courses to you these courses need to be completed by 18122021  please click on the link to start your training httpscloudninemedlerncomdashboard medlern
10711,gripa eu tenho uma de f e uma de sol no pulso http www flickr com photos olhardigital tendncia,0,suspicious_non_sms_or_noisy_label,social_media_lingo,gripa eu tenho uma de f e uma de sol no pulso http www flickr com photos olhardigital tendncia
11093,where d the flickr shopping cart icon come from,0,suspicious_non_sms_or_noisy_label,social_media_lingo,where d the flickr shopping cart icon come from
11158,"Wednesday Bonus deals at JioMart,Bangalore! Tomato Rs 12/Kg,Mango Totapuri Rs 19/Kg,Bottle Gourd Rs 19/Kg,Click bit.ly/3dnWQ5D or visit SMART Superstore/SMART Point Store,valid on 30 June T&C",1,suspicious_non_sms_or_noisy_label,shortened_url_web_link,wednesday bonus deals at jiomartbangalore tomato rs 12kgmango totapuri rs 19kgbottle gourd rs 19kgclick bitly3dnwq5d or visit smart superstoresmart point storevalid on 30 june tc
11166,"Watch MasterChef Hindi S2 for free! Your 30 days of FREE Airtel Xstream Play access is NOW ACTIVE! Get 15+ OTTs - Sony Live, LionsgatePlay, Fancode & more! Limited time offer. Click Below! https://open.airtelxstream.in/WatchForFree-sms",1,suspicious_non_sms_or_noisy_label,shortened_url_web_link,watch masterchef hindi s2 for free your 30 days of free airtel xstream play access is now active get 15 otts  sony live lionsgateplay fancode  more limited time offer click below httpsopenairtelxstreaminwatchforfreesms
11295,"Win trip to Dubai for 2, Bike, Laptop, Smartphone & much more this T20 season! Participate in Vi PLAY ALONG NOW, click https://bit.ly/ViPAG .T&C apply.",1,suspicious_non_sms_or_noisy_label,shortened_url_web_link,win trip to dubai for 2 bike laptop smartphone  much more this t20 season participate in vi play along now click httpsbitlyvipag tc apply
11297,<Forwarded from 88877>L'entrée FREE dans notre comp hebdomadaire £250 vient d'envoyer le mot ENTER à 88877 MAINTENANT. 18 T&C www.textcomp.com,1,suspicious_non_sms_or_noisy_label,shortened_url_web_link,forwarded from 88877lentre free dans notre comp hebdomadaire 250 vient denvoyer le mot enter  88877 maintenant 18 tc wwwtextcompcom
11368,"Recharge today your Jio no 9019695140 with Rs.349 plan (2 GB/day & Unlimited 5G Data, Unlimited Voice, 28 Days) on Paytm. Get Rewards worth Rs.400 each time on 3 recharges, Apply Code : JIO400 T&CA. https://p.paytm.me/xCTH/j11",1,suspicious_non_sms_or_noisy_label,shortened_url_web_link,recharge today your jio no 9019695140 with rs349 plan 2 gbday  unlimited 5g data unlimited voice 28 days on paytm get rewards worth rs400 each time on 3 recharges apply code  jio400 tca httpsppaytmmexcthj11
11380,India Photo Blog Chittur Sokanasini River Flickr http goo gl fb dYWhY kerala,1,suspicious_non_sms_or_noisy_label,social_media_lingo,india photo blog chittur sokanasini river flickr http goo gl fb dywhy kerala
11425,"WIN: We have a winner! Mr. T. Tilo won an iPod! More exciting prizes soon, so keep an eye on ur mobile or visit www.win-82050.co.uk",1,suspicious_non_sms_or_noisy_label,shortened_url_web_link,win we have a winner mr t tilo won an ipod more exciting prizes soon so keep an eye on ur mobile or visit wwwwin82050couk
11465,"Enjoy 3GB data valid till your current pack validity.Also get EXTRA 2GB on your next recharge of Rs58 for your Airtel Mobile, only on Airtel Thanks App. Click https://i.airtel.in/58-Pack-JN",1,suspicious_non_sms_or_noisy_label,shortened_url_web_link,enjoy 3gb data valid till your current pack validityalso get extra 2gb on your next recharge of rs58 for your airtel mobile only on airtel thanks app click httpsiairtelin58packjn
11528,अपने WEREAND के सप्ताहांत की उड़ान और होटल में Parthass & होटल + पाउंड की गारंटी! पाठ: N: 69101. www.tfff.com.com,1,suspicious_non_sms_or_noisy_label,shortened_url_web_link,wereand        parthass        n 69101 wwwtfffcomcom
11634,Akshay Kumar ki latest film Laxmii dekhiye Disney+ Hotstar VIP par. Vi ke naye 401 recharge pe paiye 1yr Disney+ Hotstar VIP & 100GB data (3GB/day +16GB) + Unlimited Calls; 28days. Click bit.ly/ViHotstar1,1,suspicious_non_sms_or_noisy_label,shortened_url_web_link,akshay kumar ki latest film laxmii dekhiye disney hotstar vip par vi ke naye 401 recharge pe paiye 1yr disney hotstar vip  100gb data 3gbday 16gb  unlimited calls 28days click bitlyvihotstar1
11654,"Ihr Konto wurde mit 500 FREE Textnachrichten gutgeschrieben. Um zu aktivieren, nur txt das Wort: CREDIT zu Nr: 804888 T&Cs www.80488.biz",1,suspicious_non_sms_or_noisy_label,shortened_url_web_link,ihr konto wurde mit 500 free textnachrichten gutgeschrieben um zu aktivieren nur txt das wort credit zu nr 804888 tcs www80488biz
11771,Entrée 1ère semaine gratuite 2 TEXTPOD 4 une chance 2 gagner 40 Go iPod ou £250 cash chaque wk. Txt VPOD à 81303 Ts&Cs www.textpod.net custcare 08712405020.,1,suspicious_non_sms_or_noisy_label,shortened_url_web_link,entre 1re semaine gratuite 2 textpod 4 une chance 2 gagner 40 go ipod ou 250 cash chaque wk txt vpod  81303 tscs wwwtextpodnet custcare 08712405020
11888,"अमरीका हर सप्ताह 8766 www.com.com, 1W.com सप्ताह, 1W. 150phrhhhermermermenmmmenmermenmion हर सप्ताह शुरू कर सकते हैं",1,suspicious_non_sms_or_noisy_label,shortened_url_web_link,8766 wwwcomcom 1wcom  1w 150phrhhhermermermenmmmenmermenmion
11915,Rs.250 credited as FREE UNLIMITED Cash Points in your account to shop at UNLIMITED Fashion Store. Valid till 18th Apr 2021. Click bit.ly/3mGelS6 for TnC,1,suspicious_non_sms_or_noisy_label,shortened_url_web_link,rs250 credited as free unlimited cash points in your account to shop at unlimited fashion store valid till 18th apr 2021 click bitly3mgels6 for tnc
11978,megpickard Do you think it ll ever extend to flickr,0,suspicious_non_sms_or_noisy_label,social_media_lingo,megpickard do you think it ll ever extend to flickr
11991,"Wednesday Bonus@JioMart,Bangalore!Onion Rs 28/Kg,Cucumber Rs 14/Kg,Water Melon Kiran Rs 15/Kg,Also at SMART &SMART Point store bit.ly/2Wmh3ng 29Sep,TC",1,suspicious_non_sms_or_noisy_label,twitter_handle; shortened_url_web_link,wednesday bonusjiomartbangaloreonion rs 28kgcucumber rs 14kgwater melon kiran rs 15kgalso at smart smart point store bitly2wmh3ng 29septc
12099,"Winter Super Savings @SMART Point Store,B2G1 Chings Soup 37g Onw(Sel Var),Rs 45 OFF Dove Soap 125g X3,Super Sarvaottam Oil 1l Rs 139,Click bit.ly/2PtHXD7 T&C",1,suspicious_non_sms_or_noisy_label,twitter_handle; shortened_url_web_link,winter super savings smart point storeb2g1 chings soup 37g onwsel varrs 45 off dove soap 125g x3super sarvaottam oil 1l rs 139click bitly2pthxd7 tc
12115,"(Alert) Your Rbc Royal Bank has been suspended. To unlock your account, click here: http://reac.mobi/@mobile",1,suspicious_non_sms_or_noisy_label,twitter_handle; shortened_url_web_link,alert your rbc royal bank has been suspended to unlock your account click here httpreacmobimobile
12144,मेरा बुरा चरित्र बताओ जो uddlk में. मैं करने की कोशिश करेंगे &gt;#gt; मैं अपने नए साल प्रस्ताव को 2 जोड़ता हूँ. जवाब के लिए प्रतीक्षा करें.,0,suspicious_non_sms_or_noisy_label,twitter_hashtag,uddlk       gtgt       2
12443,"As part of Special Campaign 3.0, CERT-In GOI advises you to keep your digital devices bot free. Get bot removal tool at https://www.csk.gov.in",1,suspicious_non_sms_or_noisy_label,shortened_url_web_link,as part of special campaign 30 certin goi advises you to keep your digital devices bot free get bot removal tool at httpswwwcskgovin
12634,"Buy 2 & Get 1 FREE On EVERYTHING. Extra 10% discount, if Vaccinated bit.ly/2Um09nj @ UNLIMITED FASHION STORES. Watch collection : bit.ly/36MqbmD TnC",1,suspicious_non_sms_or_noisy_label,shortened_url_web_link,buy 2  get 1 free on everything extra 10 discount if vaccinated bitly2um09nj  unlimited fashion stores watch collection  bitly36mqbmd tnc
12655,हाय... मेरी सगाई मानक पर ठीक किया गया है;#gt; अगले महीने के वे. मैं जानता हूँ कि यह वास्तव में चौंका देनेवाली blankam.... हम्म Merkakakam...,0,suspicious_non_sms_or_noisy_label,twitter_hashtag,gt              blankam  merkakakam
12846,"Hi! Thank you for being with Vi-India's FASTEST 4G, Ookla-verified. We'd love to improve ourselves! Click http://bit.ly/3uU8D31 to share your feedback.",1,suspicious_non_sms_or_noisy_label,shortened_url_web_link,hi thank you for being with viindias fastest 4g ooklaverified wed love to improve ourselves click httpbitly3uu8d31 to share your feedback
12937,my new Lotuspad yoga mat just arrived it s sooo pretty should I take the day off and just enjoy it,1,suspicious_non_sms_or_noisy_label,conversational_mislabeled_as_spam (yoga),my new lotuspad yoga mat just arrived it s sooo pretty should i take the day off and just enjoy it
13299,Cashbin.co.uk (Get viel Bargeld an diesem Wochenende!) www.cashbin.co.uk Liebe Willkommen am Wochenende Wir haben unsere größte und beste EVER Bargeld verschenken!! Diese..,1,suspicious_non_sms_or_noisy_label,shortened_url_web_link,cashbincouk get viel bargeld an diesem wochenende wwwcashbincouk liebe willkommen am wochenende wir haben unsere grte und beste ever bargeld verschenken diese
13327,My first pics from TARcon The Amazing Race Finale Party http www flickr com photos tporter sets,1,suspicious_non_sms_or_noisy_label,social_media_lingo,my first pics from tarcon the amazing race finale party http www flickr com photos tporter sets
13362,FREE for 1st week! No1 Nokia tone 4 ur mob every week just txt NOKIA to 8007 Get txting and tell ur mates www.getzed.co.uk,1,suspicious_non_sms_or_noisy_label,shortened_url_web_link,free for 1st week no1 nokia tone 4 ur mob every week just txt nokia to 8007 get txting and tell ur mates wwwgetzedcouk
13598,"INFORMATIONS URGENTES ET IMPORTANTES POUR L'UTILISATEUR D'O2. AUJOURD'HUI, C'EST VOTRE JOUR LUTTE! 2 RENDEZ-VOUS POURQUOI CONNEXION À HTTP://WWW.URAWINNER.COM Y A-T-IL UNE SURPRISE FANTASTIQUE?",1,suspicious_non_sms_or_noisy_label,shortened_url_web_link,informations urgentes et importantes pour lutilisateur do2 aujourdhui cest votre jour lutte 2 rendezvous pourquoi connexion  httpwwwurawinnercom y atil une surprise fantastique
13695,EVERYTHING under Rs.599! A style binge on a budget with FREE SHIPPING*. Shop your faves at the AJIOMANIA sale today! HURRY https://bit.ly/3ywrVwt,1,suspicious_non_sms_or_noisy_label,shortened_url_web_link,everything under rs599 a style binge on a budget with free shipping shop your faves at the ajiomania sale today hurry httpsbitly3ywrvwt
13796,Should Isabellafiles be Tinkerbell or Snow White for Halloween I m leaving the power to the Tweeples,1,suspicious_non_sms_or_noisy_label,social_media_lingo,should isabellafiles be tinkerbell or snow white for halloween i m leaving the power to the tweeples
13858,"5 postpaid connections @ just Rs260/line! 300GB data, UL Calls, 3000SMS, Disney+ Hotstar Mobile, Amazon Prime, Zee5 + Voot Select + Hungama + Aaj Tak + Sun NXT on Vi Movies & TV VIP. All this @ just Rs1299/mnth for 5 connections on single bill in Vi Family 1299 postpaid. To buy now, click https://bit.ly/3iQMXke",1,suspicious_non_sms_or_noisy_label,shortened_url_web_link,5 postpaid connections  just rs260line 300gb data ul calls 3000sms disney hotstar mobile amazon prime zee5  voot select  hungama  aaj tak  sun nxt on vi movies  tv vip all this  just rs1299mnth for 5 connections on single bill in vi family 1299 postpaid to buy now click httpsbitly3iqmxke
13897,"goldviking (29/M) lädt Sie ein, sein Freund zu sein. Antworten Sie YES-762 oder NO-762 Sehen Sie ihn: www.SMS.ac/u/goldviking STOP? Senden Sie STOP FRND an 62468",1,suspicious_non_sms_or_noisy_label,shortened_url_web_link,goldviking 29m ldt sie ein sein freund zu sein antworten sie yes762 oder no762 sehen sie ihn wwwsmsacugoldviking stop senden sie stop frnd an 62468
13973,SMS DIENSTLEISTUNGEN Für Ihre inklusiven Text Credits pls gotto www.comuk.net login 3qxj9 abmelden mit STOP keine zusätzliche Hilfe 08702840625 comuk.220cm2 9AE,1,suspicious_non_sms_or_noisy_label,shortened_url_web_link,sms dienstleistungen fr ihre inklusiven text credits pls gotto wwwcomuknet login 3qxj9 abmelden mit stop keine zustzliche hilfe 08702840625 comuk220cm2 9ae
13990,Herzlichen Glückwunsch ur entweder eine Reihe von CDs von Virgin Records oder ein Mystery Gift GARANTEED Call 09061104283 Ts&Cs www.smsco.net £1.50pm ca. 3mins,1,suspicious_non_sms_or_noisy_label,shortened_url_web_link,herzlichen glckwunsch ur entweder eine reihe von cds von virgin records oder ein mystery gift garanteed call 09061104283 tscs wwwsmsconet 150pm ca 3mins
14008,"Urgent Message for CIBC Account Holder, Kindly  Login to our secure server to check your information�http://2cibc.mobileupdate.gram pianostudio.com/cibcfullz/Internet Support",1,suspicious_non_sms_or_noisy_label,shortened_url_web_link,urgent message for cibc account holder kindly  login to our secure server to check your informationhttp2cibcmobileupdategram pianostudiocomcibcfullzinternet support
14086,"We have received a request from you for purchasing Paytm Payments Bank FASTag. Total amount to be paid is Rs 250/- (Tag Cost Rs. 100 Security Deposit Rs. 0, Threshold -Rs. 150). In case of any queries, please contact us at https://m.paytm.me/fastag-help",1,suspicious_non_sms_or_noisy_label,shortened_url_web_link,we have received a request from you for purchasing paytm payments bank fastag total amount to be paid is rs 250 tag cost rs 100 security deposit rs 0 threshold rs 150 in case of any queries please contact us at httpsmpaytmmefastaghelp
14215,STAR BAZAAR WISHES YOU A HAPPY DASARA!!! Coconut@18/Pc Banana@29/Kg Gifting Mahotsava is Live! Gifts starting @ 49! Dry fruits Gift Pack@289 50%OFF-Maiyas Sweet Mysore Pak 200gm SBI OFFER: Credit card: GET 5% CASHBACK on shopping on 2000 Debit card: GET 5% INSTANT DISCOUNT on shopping 3000 T&C,1,suspicious_non_sms_or_noisy_label,twitter_handle,star bazaar wishes you a happy dasara coconut18pc banana29kg gifting mahotsava is live gifts starting  49 dry fruits gift pack289 50offmaiyas sweet mysore pak 200gm sbi offer credit card get 5 cashback on shopping on 2000 debit card get 5 instant discount on shopping 3000 tc
14345,"""Collect 100 points& get 14,500 Pokecoins for Pokemon Gol"""" by clicking this link now�http://goo.gle/xxxx""",1,suspicious_non_sms_or_noisy_label,shortened_url_web_link,collect 100 points get 14500 pokecoins for pokemon gol by clicking this link nowhttpgooglexxxx
14383,Trying another video upload to Flickr the last one didn t look too good once up there Was but looked blocky,0,suspicious_non_sms_or_noisy_label,social_media_lingo,trying another video upload to flickr the last one didn t look too good once up there was but looked blocky
14659,Watching Dave the president movie and catching up with my Tweeple how is everyone Anyone want to run errands for me,1,suspicious_non_sms_or_noisy_label,social_media_lingo,watching dave the president movie and catching up with my tweeple how is everyone anyone want to run errands for me
14763,"Last chance to get 500 BONUS POINTS on shopping of Rs.3500 in a bill. Visit Shoppers Stop, Bannerghatta NOW! For details click bit.ly/SSbnpts .T&C",1,suspicious_non_sms_or_noisy_label,shortened_url_web_link,last chance to get 500 bonus points on shopping of rs3500 in a bill visit shoppers stop bannerghatta now for details click bitlyssbnpts tc
14795,Made Cadie s Birthday Bike public on flickr http bit ly GR IC,1,suspicious_non_sms_or_noisy_label,social_media_lingo,made cadie s birthday bike public on flickr http bit ly gr ic
15179,"Watch exciting T20 matches everyday, LIVE on Disney+ Hotstar. Get 1 year Disney+ Hotstar mobile subscription with Vi''s 501 / 701 / 901 recharges. For details, click bit.ly/ViHotstar12",1,suspicious_non_sms_or_noisy_label,shortened_url_web_link,watch exciting t20 matches everyday live on disney hotstar get 1 year disney hotstar mobile subscription with vis 501  701  901 recharges for details click bitlyvihotstar12
15216,सीडी 4 के एक वर्ष में सीडी 4 पाउंड की एक दुकान के रूप में 500 पाउंड के मूल्य के रूप में दर्ज करें और हमारे 876 www.wdwd.com,1,suspicious_non_sms_or_noisy_label,shortened_url_web_link,4      4        500           876 wwwwdwdcom
15355,for the record i DO NOT have the swine flu but thanks for all the concern tweeple just a regular Asian mystery virus,0,suspicious_non_sms_or_noisy_label,social_media_lingo,for the record i do not have the swine flu but thanks for all the concern tweeple just a regular asian mystery virus
15414,Carrefour Fridays month is on!! Crazy deals everyday up to 90% just a click away on the Carrefour app and FREE delivery all month long! Download bit.ly/3nLg5bJ,1,suspicious_non_sms_or_noisy_label,shortened_url_web_link,carrefour fridays month is on crazy deals everyday up to 90 just a click away on the carrefour app and free delivery all month long download bitly3nlg5bj
15432,OIIColi भाई &l;#gt; धार्मिक रूप से.,0,suspicious_non_sms_or_noisy_label,twitter_hashtag,oiicoli  lgt
15446,मैं चाहता हूं &lgt;#gt; rs :) क्या आप इसे चाहते हैं?,0,suspicious_non_sms_or_noisy_label,twitter_hashtag,lgtgt rs
15544,"50% Daily Data quota used as on 27-Aug-24 16:52 Hrs. Jio Number : 9019695140 Daily Data quota as per plan : 1.5 GB To know more on how to manage your account through MyJio app, click https://youtu.be/nkg_fLUUxD8 Dial 1991, to know your current balance, validity, plan details and for exciting recharge plans.",1,suspicious_non_sms_or_noisy_label,shortened_url_web_link,50 daily data quota used as on 27aug24 1652 hrs jio number  9019695140 daily data quota as per plan  15 gb to know more on how to manage your account through myjio app click httpsyoutubenkgfluuxd8 dial 1991 to know your current balance validity plan details and for exciting recharge plans
15617,"SMS SERVICES. pour vos crédits texte inclus, pls goto www.comuk.net login= 3qxj9 désabonnement avec STOP, sans frais supplémentaires. help 08702840625.COMUK. 220-CM2 9AE",1,suspicious_non_sms_or_noisy_label,shortened_url_web_link,sms services pour vos crdits texte inclus pls goto wwwcomuknet login 3qxj9 dsabonnement avec stop sans frais supplmentaires help 08702840625comuk 220cm2 9ae
15787,Dannyvlogs No probs dude How you doing,1,suspicious_non_sms_or_noisy_label,conversational_mislabeled_as_spam (Dannyvlogs),dannyvlogs no probs dude how you doing
15953,Welcome your callers with the trending song from the movie 'Pushpa' and bring a smile to their faces! Set this song as your caller tune now! Click http://tiny.jio.com/myjio6 to download MyJio and customize your caller tune in the JioTunes section,1,suspicious_non_sms_or_noisy_label,shortened_url_web_link,welcome your callers with the trending song from the movie pushpa and bring a smile to their faces set this song as your caller tune now click httptinyjiocommyjio6 to download myjio and customize your caller tune in the jiotunes section
15971,FREE entry into our å£250 weekly comp just send the word WIN to 80086 NOW. 18 T&C www.txttowin.co.uk,1,suspicious_non_sms_or_noisy_label,shortened_url_web_link,free entry into our 250 weekly comp just send the word win to 80086 now 18 tc wwwtxttowincouk
16110,Natalie (20/F) vous invite à être son amie. Réponse OUI-165 ou NO-165 Voir elle: www.SMS.ac/u/natalie2k9 STOP? Envoyer STOP FRND au 62468,1,suspicious_non_sms_or_noisy_label,shortened_url_web_link,natalie 20f vous invite  tre son amie rponse oui165 ou no165 voir elle wwwsmsacunatalie2k9 stop envoyer stop frnd au 62468
16112,LLI मैं पिछले महीने वाला था. मैं कुछ को छोड़ दिया लेकिन छोड़ दिया (lt;#gt; सिर्फ मामले में. मैं सप्ताह में अधिक जमा कर रहा था वे ब्लॉग पर घोषणा की.,0,suspicious_non_sms_or_noisy_label,twitter_hashtag,lli              ltgt
16207,Thanks everyone for the Birthday wishes it means so much fb,1,suspicious_non_sms_or_noisy_label,conversational_mislabeled_as_spam (Birthday wishes),thanks everyone for the birthday wishes it means so much fb
16234,Fyii मैं तुम्हें Cltt की तरह शुरू करने वाला हूँ;##gt; bc हम इस गंदगी में नहीं कर रहे हैं,0,suspicious_non_sms_or_noisy_label,twitter_hashtag,fyii   cltt      gt bc
16389,NOT CLAIMED your 1-year ZEE5 Premium subscription with your Vi recharge yet? Activate NOW at ZERO COST. Click bit.ly/ViZee5Offer & enter your Vi no. T&C Apply,1,suspicious_non_sms_or_noisy_label,shortened_url_web_link,not claimed your 1year zee5 premium subscription with your vi recharge yet activate now at zero cost click bitlyvizee5offer  enter your vi no tc apply
16487,आपके वितरण के लिए CRES सेवा सेवा प्रबंधक www.come.com_BAR_net 3quk9 इससे समाप्त होता है कि कोई अतिरिक्त आरोप बंद करने के लिए 0. 08404062625 कॉमक,1,suspicious_non_sms_or_noisy_label,shortened_url_web_link,cres    wwwcomecombarnet 3quk9             0 08404062625
16659,Hier ist Ihr Rabattcode RP176781. Um weitere Nachrichten zu stoppen Antwort stoppen. www.regalportfolio.co.uk. Customer Services 08717205546,1,suspicious_non_sms_or_noisy_label,shortened_url_web_link,hier ist ihr rabattcode rp176781 um weitere nachrichten zu stoppen antwort stoppen wwwregalportfoliocouk customer services 08717205546
16980,Hello Your Unlimited pack MRP is expiring on2021-09-03 00:00:00.Now recharge from home with App Click http://bit.ly/GetMVA4,1,suspicious_non_sms_or_noisy_label,shortened_url_web_link,hello your unlimited pack mrp is expiring on20210903 000000now recharge from home with app click httpbitlygetmva4
17259,"Mobile Office,  AIRTEL LIVE & MMS settings have been successfully delivered on your phone! Now you can access Airtel Live by long pressing '0' key on Nokia. On other Phones launch Internet Browser and select Airtel Live (or goto http://live.airtelworld.com),  You pay no activation,  rental or browsing charges for Airtel Live. You only pay if you Download Content,  or Send MMS.",1,suspicious_non_sms_or_noisy_label,shortened_url_web_link,mobile office  airtel live  mms settings have been successfully delivered on your phone now you can access airtel live by long pressing 0 key on nokia on other phones launch internet browser and select airtel live or goto httpliveairtelworldcom  you pay no activation  rental or browsing charges for airtel live you only pay if you download content  or send mms
17337,von www.Applausstore.com Monatliche Subscription@50p/msg max6/Monat T&CsC web age16 2stop txt stop,1,suspicious_non_sms_or_noisy_label,twitter_handle; shortened_url_web_link,von wwwapplausstorecom monatliche subscription50pmsg max6monat tcsc web age16 2stop txt stop
17411,HMRC GOVUK:0ur records show that your tax refund of �398.90 can now be claime. Please continue via:https://ukhmrc-tax-refund.com�to claim your refund.,1,suspicious_non_sms_or_noisy_label,shortened_url_web_link,hmrc govuk0ur records show that your tax refund of 39890 can now be claime please continue viahttpsukhmrctaxrefundcomto claim your refund
17475,India Photo Blog IMG Flickr http goo gl fb HIfJw rain kerala monsoon firstrain,1,suspicious_non_sms_or_noisy_label,social_media_lingo,india photo blog img flickr http goo gl fb hifjw rain kerala monsoon firstrain
17488,When Flickr s down what do you do about your photos http post ly A zP,0,suspicious_non_sms_or_noisy_label,social_media_lingo,when flickr s down what do you do about your photos http post ly a zp
17507,"(Help-Center Canada) You received a Transfer from The Government due to the CoronaVirus pandemic, Click:http://23.254.215.52 to fill out your Application.",1,suspicious_non_sms_or_noisy_label,shortened_url_web_link,helpcenter canada you received a transfer from the government due to the coronavirus pandemic clickhttp2325421552 to fill out your application
17521,"Welcome to Vi Karnataka . Stay connected with Vi network while you roam. Enjoy free incoming calls on your Mobile number. Outgoing Calls & data will be charged as per your tariff. However if you are on an Unlimited pack, you also enjoy free outgoing calls as well as Data (as per quota), anywhere in India. Please enable Data Roaming to enjoy our superior Data experience. For free ROAMING PROFILE caller tunes, click bit.ly/ROAMi",1,suspicious_non_sms_or_noisy_label,shortened_url_web_link,welcome to vi karnataka  stay connected with vi network while you roam enjoy free incoming calls on your mobile number outgoing calls  data will be charged as per your tariff however if you are on an unlimited pack you also enjoy free outgoing calls as well as data as per quota anywhere in india please enable data roaming to enjoy our superior data experience for free roaming profile caller tunes click bitlyroami
17558,India Photo Blog IMG Flickr http goo gl fb BKff,1,suspicious_non_sms_or_noisy_label,social_media_lingo,india photo blog img flickr http goo gl fb bkff
17894,"U can WIN £100 of Music Geschenkgutscheine jede Woche beginnend JETZT Txt das Wort DRAW zu 87066 TsCs www.Idew.com SkillGame, 1Winaweek, Alter16. 150permessSubscription",1,suspicious_non_sms_or_noisy_label,shortened_url_web_link,u can win 100 of music geschenkgutscheine jede woche beginnend jetzt txt das wort draw zu 87066 tscs wwwidewcom skillgame 1winaweek alter16 150permesssubscription
17937,"The summer heat is here ! Get your AC, Air Cooler or Fridge now and pay later at no cost using Federal Bank Debit Card EMI ! Click https://fdrl.in/t/dPmgHO for the latest offers -Federal Bank",1,suspicious_non_sms_or_noisy_label,shortened_url_web_link,the summer heat is here  get your ac air cooler or fridge now and pay later at no cost using federal bank debit card emi  click httpsfdrlintdpmgho for the latest offers federal bank
18112,"Mic Drop Offer- only for 24 hours! Wynk Premium now @Rs 299 for 12 months. Get unlimited downloads, Hello Tunes & ad-free music. Get now https://open.wynk.in/PI2-299",1,suspicious_non_sms_or_noisy_label,twitter_handle; shortened_url_web_link,mic drop offer only for 24 hours wynk premium now rs 299 for 12 months get unlimited downloads hello tunes  adfree music get now httpsopenwynkinpi2299
18187,Freier Eintritt in unsere £250 wöchentlich comp senden Sie einfach das Wort ENTER an 84128 NOW. 18 T&C www.textcomp.com cust care 08712405020.,1,suspicious_non_sms_or_noisy_label,shortened_url_web_link,freier eintritt in unsere 250 wchentlich comp senden sie einfach das wort enter an 84128 now 18 tc wwwtextcompcom cust care 08712405020
18205,"Welcome to the world of Smartphones! To enjoy best quality Voice & high-speed Data on Vi GIGAnet, switch ON Data & VoLTE. Click bit.ly/ViApp21 for Data offers",1,suspicious_non_sms_or_noisy_label,shortened_url_web_link,welcome to the world of smartphones to enjoy best quality voice  highspeed data on vi giganet switch on data  volte click bitlyviapp21 for data offers
18385,"Rush! Your favourite Apparel, Fragrance and Footwear at upto 50% OFF only at shoppersstop.com Click bit.ly/SS_Mn use code OC10K get FLAT 10% OFF on Rs2500. T&C",1,suspicious_non_sms_or_noisy_label,shortened_url_web_link,rush your favourite apparel fragrance and footwear at upto 50 off only at shoppersstopcom click bitlyssmn use code oc10k get flat 10 off on rs2500 tc
18567,LAST TWO DAYSRs.250 credited as unconditional FREE UNLIMITED Cash Points in your account to shop at UNLIMITED Fashion Store. Hurry!Click bit.ly/3wBGIWk for TnC,1,suspicious_non_sms_or_noisy_label,shortened_url_web_link,last two daysrs250 credited as unconditional free unlimited cash points in your account to shop at unlimited fashion store hurryclick bitly3wbgiwk for tnc
18690,एक ग्राम आमतौर पर होता है &gt;#gt; एक आधा आठवाँ स्मार्ट है हालांकि और आप लगभग एक पूरे सेकंड के लिए हो जाता है (l);# wutgt;,0,suspicious_non_sms_or_noisy_label,twitter_hashtag,gtgt                  l wutgt
18797,MandeeYardz tweet the link flickr photos then,1,suspicious_non_sms_or_noisy_label,social_media_lingo,mandeeyardz tweet the link flickr photos then
18846,Dunzo Daily special: Mega Grocery Sale begins! Get up to 20% OFF on fresh groceries delivered home in 35 mins. Click: http://bit.ly/DunzoApp,1,suspicious_non_sms_or_noisy_label,shortened_url_web_link,dunzo daily special mega grocery sale begins get up to 20 off on fresh groceries delivered home in 35 mins click httpbitlydunzoapp
18887,Uw ING bankieren app bevat verouderde plugins. klik hieronder om de beveiligde versie te downloaden http://mijn.ing-mobiel.com/update.apk,1,suspicious_non_sms_or_noisy_label,shortened_url_web_link,uw ing bankieren app bevat verouderde plugins klik hieronder om de beveiligde versie te downloaden httpmijningmobielcomupdateapk
19032,Uploaded some pics from Berlin and the p pu workshop as well as fireworks last week http www flickr com photos kiyanwang,0,suspicious_non_sms_or_noisy_label,social_media_lingo,uploaded some pics from berlin and the p pu workshop as well as fireworks last week http www flickr com photos kiyanwang
19176,Flickr Photos Are Getting a Massive Overhaul http bit ly abQHZ,1,suspicious_non_sms_or_noisy_label,social_media_lingo,flickr photos are getting a massive overhaul http bit ly abqhz
19256,"""\Hello-/@drivby-:0quit edrunk sorry iff pthis makes no senrd-dnot no how ^ dancce 2 drum n basq!ihave fun 2nhite x ros xxxxxxx\""""""""""",0,suspicious_non_sms_or_noisy_label,twitter_handle,hellodrivby0quit edrunk sorry iff pthis makes no senrddnot no how  dancce 2 drum n basqihave fun 2nhite x ros xxxxxxx
19569,"URGENT. Informations importantes pour l'utilisateur 02. Aujourd'hui c'est votre jour de chance! 2 découvrez pourquoi, connectez-vous à http://www.urawinner.com il y a une surprise fantastique qui vous attend!",1,suspicious_non_sms_or_noisy_label,shortened_url_web_link,urgent informations importantes pour lutilisateur 02 aujourdhui cest votre jour de chance 2 dcouvrez pourquoi connectezvous  httpwwwurawinnercom il y a une surprise fantastique qui vous attend
19681,"For ur chance to win a å£250 cash every wk TXT: ACTION to 80608. T's&C's www.movietrivia.tv custcare 08712405022, 1x150p/wk.",1,suspicious_non_sms_or_noisy_label,shortened_url_web_link,for ur chance to win a 250 cash every wk txt action to 80608 tscs wwwmovietriviatv custcare 08712405022 1x150pwk
19699,"Hallo von Orange. Für 1 Monat kostenlosen Zugang zu Spielen, Nachrichten und Sport, plus 10 kostenlose Texte und 20 Foto-Nachrichten, antworten JA. Es gelten die Bedingungen: www.orange.co.uk/ow",1,suspicious_non_sms_or_noisy_label,shortened_url_web_link,hallo von orange fr 1 monat kostenlosen zugang zu spielen nachrichten und sport plus 10 kostenlose texte und 20 fotonachrichten antworten ja es gelten die bedingungen wwworangecoukow
19712,WIN a year supply of CDs 4 a store of ur choice im Wert von £500 & geben Sie unsere £100 Weekly Draw txt MUSIC an 87066 Ts&Cs www.Ldew.com.subs16+1win150ppmx3,1,suspicious_non_sms_or_noisy_label,shortened_url_web_link,win a year supply of cds 4 a store of ur choice im wert von 500  geben sie unsere 100 weekly draw txt music an 87066 tscs wwwldewcomsubs161win150ppmx3
19870,URGENT: IRELAND GOV has issued a payment of 350 � to all residents as part of its promise to battle COVID 19. Tap here to apply: http://url.ie/17j80,1,suspicious_non_sms_or_noisy_label,shortened_url_web_link,urgent ireland gov has issued a payment of 350  to all residents as part of its promise to battle covid 19 tap here to apply httpurlie17j80
20005,"सामान्य मूल्य स्थायी है ##gt; / oz, मुझे पता है कि क्या आप चाहते हैं / मैं",0,suspicious_non_sms_or_noisy_label,twitter_hashtag,gt  oz
20035,"Dear Customer, Thank you for the transaction done today at SBI 70555 branch. Plz click on the given link to share your experience. https://crcf.sbi.co.in/ccf/home/GetFeedback?TxnDate=041023&TxnType=001060&JNo=20254308824. The feedback may be provided before 8 am tomorrow. No Personal Information would be captured. SBI",1,suspicious_non_sms_or_noisy_label,shortened_url_web_link,dear customer thank you for the transaction done today at sbi 70555 branch plz click on the given link to share your experience httpscrcfsbicoinccfhomegetfeedbacktxndate041023txntype001060jno20254308824 the feedback may be provided before 8 am tomorrow no personal information would be captured sbi
20136,"यह शांत है, मुझे यह चारों ओर लात बंद करने से पहले पता है (l);##gt; मैं बाहर हो जाएगा और सभी दिन के बारे में",0,suspicious_non_sms_or_noisy_label,twitter_hashtag,lgt
20521,http www flickr com photos randomsurfer iruppu falls photo waterfalls gods must be crazy,0,suspicious_non_sms_or_noisy_label,social_media_lingo,http www flickr com photos randomsurfer iruppu falls photo waterfalls gods must be crazy
20523,cloudcontrol Gotta have the underwear Hahaha How you doing these days anyways dude Loving the new blog,1,suspicious_non_sms_or_noisy_label,conversational_mislabeled_as_spam (How you doing),cloudcontrol gotta have the underwear hahaha how you doing these days anyways dude loving the new blog
20691,"हैलो, जैसा कि &l;#gt; आर. 5 आपके लिए ट्रांसफर किया गया है",0,suspicious_non_sms_or_noisy_label,twitter_hashtag,lgt  5
20713,ChrisShort I don t remember all the details of which CC variation but there s a link on each Flickr photo that explains the details,1,suspicious_non_sms_or_noisy_label,social_media_lingo,chrisshort i don t remember all the details of which cc variation but there s a link on each flickr photo that explains the details
20728,You have NOT YET CLAIMED your 1-year ZEE5 Premium subscription with your Vi recharge. Activate NOW at ZERO COST. Click bit.ly/ViZee5Offer & enter your Vi no.,1,suspicious_non_sms_or_noisy_label,shortened_url_web_link,you have not yet claimed your 1year zee5 premium subscription with your vi recharge activate now at zero cost click bitlyvizee5offer  enter your vi no
20742,Tltgt;#gt; ma. पर अनुरूप नहीं. (L),0,suspicious_non_sms_or_noisy_label,twitter_hashtag,tltgtgt ma    l
20902,"Bonjour, Mobile no. &lt;#&gt; vous a ajouté dans leur liste de contacts sur www.fullonsms.com C'est un excellent endroit pour envoyer des sms gratuits aux gens Pour plus de visite fullonsms.com",0,suspicious_non_sms_or_noisy_label,shortened_url_web_link,bonjour mobile no ltgt vous a ajout dans leur liste de contacts sur wwwfullonsmscom cest un excellent endroit pour envoyer des sms gratuits aux gens pour plus de visite fullonsmscom
20905,मैं स्नान के लिए जा रहा हूँ अगले &lt;##gt; मि.,0,suspicious_non_sms_or_noisy_label,twitter_hashtag,ltgt
20934,@334.50 Buy 150 shares,0,suspicious_non_sms_or_noisy_label,twitter_handle,33450 buy 150 shares
20988,"Full Paisa Vasool Sale at SMART Point Store,B2G1 Cadbury Dairy Milk Home Pk 126g,Rs 144 OFF Surf Excel Easy wash Det Pwdr 4Kg,Click bit.ly/2we4ywn T&C",1,suspicious_non_sms_or_noisy_label,shortened_url_web_link,full paisa vasool sale at smart point storeb2g1 cadbury dairy milk home pk 126grs 144 off surf excel easy wash det pwdr 4kgclick bitly2we4ywn tc
20993,Link Flickr Opens an App Garden Full of Photo Tools Photos There are a whole lot of mobile desktop http bit ly ekOnZ,0,suspicious_non_sms_or_noisy_label,social_media_lingo,link flickr opens an app garden full of photo tools photos there are a whole lot of mobile desktop http bit ly ekonz
21103,"Order of Online, your product ,AWB:23409913772622 is picked.Download ack.:https://tiny.xbees.in/zvH8q5xU ,For feedback click fb.xbees.in/eaf2e66i Xpressbees",1,suspicious_non_sms_or_noisy_label,shortened_url_web_link,order of online your product awb23409913772622 is pickeddownload ackhttpstinyxbeesinzvh8q5xu for feedback click fbxbeesineaf2e66i xpressbees
21131,http www flickr com photos kw sizes l,0,suspicious_non_sms_or_noisy_label,social_media_lingo,http www flickr com photos kw sizes l
21821,"Weekend Deals @SMART Point Store,Rs 20 OFF Oreo Choco 300g,Rs 36 OFF Lux Soft Touch Soap 3X150g ,Good Life Cashew 500g Rs 415,Click bit.ly/2wcq3h3 T&C",1,suspicious_non_sms_or_noisy_label,twitter_handle; shortened_url_web_link,weekend deals smart point storers 20 off oreo choco 300grs 36 off lux soft touch soap 3x150g good life cashew 500g rs 415click bitly2wcq3h3 tc
21836,"500 neue Handys ab 2004, MUSS gehen! Txt: NOKIA bis Nr: 89545 & sammeln Sie Ihre heute!Von nur £1 www.4-tc.biz 2optout 087187262701.50gbp/mtmsg18",1,suspicious_non_sms_or_noisy_label,shortened_url_web_link,500 neue handys ab 2004 muss gehen txt nokia bis nr 89545  sammeln sie ihre heutevon nur 1 www4tcbiz 2optout 08718726270150gbpmtmsg18
21974,"Hi Jithu, Celebrate your Birthday at shoppersstop.com Click bit.ly/SSLBd Use code HB03 & get Rs.250 off on shopping of Rs.2500. T&C",1,suspicious_non_sms_or_noisy_label,shortened_url_web_link,hi jithu celebrate your birthday at shoppersstopcom click bitlysslbd use code hb03  get rs250 off on shopping of rs2500 tc
22244,shanebang http www flickr com photos youarereality,0,suspicious_non_sms_or_noisy_label,social_media_lingo,shanebang http www flickr com photos youarereality
22249,"WIN: Wir haben einen Gewinner! Herr T. Foley gewann einen iPod! Weitere spannende Preise bald, also halten Sie ein Auge auf ur mobile oder besuchen Sie www.win-82050.co.uk",1,suspicious_non_sms_or_noisy_label,shortened_url_web_link,win wir haben einen gewinner herr t foley gewann einen ipod weitere spannende preise bald also halten sie ein auge auf ur mobile oder besuchen sie wwwwin82050couk
22265,अब पता लगाइए कि कल क्या किया था? @ltgt; यूआरएलgt;,0,suspicious_non_sms_or_noisy_label,twitter_handle,ltgt gt
22276,flickr Paulo Portas candidato A M de Arouca ruigato postou uma foto http ow ly W s,0,suspicious_non_sms_or_noisy_label,social_media_lingo,flickr paulo portas candidato a m de arouca ruigato postou uma foto http ow ly w s
22302,iPhoneFlickrURITwitter Flickr Sendr FlickIt,0,suspicious_non_sms_or_noisy_label,social_media_lingo,iphoneflickruritwitter flickr sendr flickit
22487,Enjoy healthy hair with your next Vedix Haircare box. Click >> https://vedix.in/3l33poYZ2-d50s to confirm,1,suspicious_non_sms_or_noisy_label,shortened_url_web_link,enjoy healthy hair with your next vedix haircare box click  httpsvedixin3l33poyz2d50s to confirm
22783,Had a great day at Taronga Zoo Sunday Flickr set http bit ly e GpB,0,suspicious_non_sms_or_noisy_label,social_media_lingo,had a great day at taronga zoo sunday flickr set http bit ly e gpb
22813,"Cascs. aCAC तिथि 4U!: Raddd1 Aarden, संयुक्त राज्य से 21/m है. उसे जाँच करें http://m. g. g. g. c/W/WUG3k3SUSUSSUrrrrer! कोई अंधे तिथि HE.",1,suspicious_non_sms_or_noisy_label,shortened_url_web_link,cascs acac  4u raddd1 aarden    21m     httpm g g g cwwug3k3susussurrrrer    he
22826,"Bigg Boss is Back! Watch anytime, anywhere on Vi Movies&TV App at NO EXTRA COST on Unlimited 249 or more Daily Data recharges! Click to download bit.ly/ViTVBB",1,suspicious_non_sms_or_noisy_label,shortened_url_web_link,bigg boss is back watch anytime anywhere on vi moviestv app at no extra cost on unlimited 249 or more daily data recharges click to download bitlyvitvbb
22860,"या ठीक है, Alky Kly Colin &l;##gt; मिनट और Lil जवाब ue.",0,suspicious_non_sms_or_noisy_label,twitter_hashtag,alky kly colin lgt   lil  ue
22926,Collectez votre week-end de VALENTINE à PARIS inc Flight & Hotel + £200 Prix garanti! Texte: PARIS to No: 69101. www.rtf.sphosting.com,1,suspicious_non_sms_or_noisy_label,shortened_url_web_link,collectez votre weekend de valentine  paris inc flight  hotel  200 prix garanti texte paris to no 69101 wwwrtfsphostingcom
23085,"महोदय, अच्छा सुबह. आशा है कि आप एक अच्छा सप्ताहांत था. मैं तुम्हें बताने के लिए कहा कि मैं उत्पन्न करने के लिए सक्षम था (tltit;#gt; मेरे पिता की ओर से. उन्होंने कहा कि उन्होंने कहा कि वह आराम कर सकता है के मध्य में. यह राशि अभी भी बहुत छोटा है और मैं उम्मीद करता हूँ कि आप मदद होगा. एक अच्छा दिन अब भी कुछ अच्छा है.",0,suspicious_non_sms_or_noisy_label,twitter_hashtag,tltitgt
23126,नमस्कार/@derri- dig: 0 माफ नहीं करता यदि एफ पी पी.,0,suspicious_non_sms_or_noisy_label,twitter_handle,derri dig 0
23136,Rejoignez le service Dogging le plus excité du Royaume-Uni et u peut avoir sexe 2nite!. Il suffit de s'inscrire et de suivre les instructions. Txt ENTRÉE à 69888 maintenant! Nyt.EC2A.3LP.msg@150p,1,suspicious_non_sms_or_noisy_label,twitter_handle,rejoignez le service dogging le plus excit du royaumeuni et u peut avoir sexe 2nite il suffit de sinscrire et de suivre les instructions txt entre  69888 maintenant nytec2a3lpmsg150p
23218,कोई संभावना नहीं;#gt; %s.,0,suspicious_non_sms_or_noisy_label,twitter_hashtag,gt s
23260,"Wednesday Bonus@JioMart,Bangalore!Onion Rs 27/Kg,Sweet Corn Rs 10/Pc,Apple Simla Rs 115/Kg,Also at SMART &SMART Point store bit.ly/3hOTf2S 22Sep,TC",1,suspicious_non_sms_or_noisy_label,twitter_handle; shortened_url_web_link,wednesday bonusjiomartbangaloreonion rs 27kgsweet corn rs 10pcapple simla rs 115kgalso at smart smart point store bitly3hotf2s 22septc
23267,Frei Msg: Klingelton!Von: http://tms. widelive.com/index. wml?id=1b6a5ecef91ff9*37819&first=true18:0430-JUL-05,1,suspicious_non_sms_or_noisy_label,shortened_url_web_link,frei msg klingeltonvon httptms widelivecomindex wmlid1b6a5ecef91ff937819firsttrue180430jul05
23390,"Bid goodbye to recharge hassles & daily data limits! Switch to Airtel postpaid to enjoy 75 GB data/month, 22+ OTTs & more @ Rs. 499. Click https://i.airtel.in/Pre2Post",1,suspicious_non_sms_or_noisy_label,shortened_url_web_link,bid goodbye to recharge hassles  daily data limits switch to airtel postpaid to enjoy 75 gb datamonth 22 otts  more  rs 499 click httpsiairtelinpre2post
23407,@349.50 purchase 150 shares,0,suspicious_non_sms_or_noisy_label,twitter_handle,34950 purchase 150 shares
23486,चलो हमारे पैसे एक साथ पूल और टिकट का एक गुच्छा खरीद. अगर हम जीतें तो मैं &gt;#gt; %ul &gt; --gt; %d &gt; %dgt; %s?,0,suspicious_non_sms_or_noisy_label,twitter_hashtag,gtgt ul gt gt d gt dgt s
23751,Productivity Fans It s Dan Safkow s birthday today Let s see how many written birthday wishes we can accumulate http bit ly Z z,1,suspicious_non_sms_or_noisy_label,conversational_mislabeled_as_spam (birthday wishes),productivity fans it s dan safkow s birthday today let s see how many written birthday wishes we can accumulate http bit ly z z
23801,"Natalie (20/F) lädt Sie ein, ihr Freund zu sein. Antwort JA-165 oder NO-165 Sehen Sie sie: www.SMS.ac/u/natalie2k9 STOP? Senden STOP FRND an 62468",1,suspicious_non_sms_or_noisy_label,shortened_url_web_link,natalie 20f ldt sie ein ihr freund zu sein antwort ja165 oder no165 sehen sie sie wwwsmsacunatalie2k9 stop senden stop frnd an 62468
23916,This Valentine Celebrate #TwoTimeLove as you show some love to your Bae & yourself with amazing Offers @ Shoppersstop BG ROAD. Call :080-43400467 shsp.in/T&C*,1,suspicious_non_sms_or_noisy_label,twitter_hashtag,this valentine celebrate twotimelove as you show some love to your bae  yourself with amazing offers  shoppersstop bg road call 08043400467 shspintc
23960,Uploaded new photos to my Flickr set On the Street Where I Live http bit ly bHEsH,1,suspicious_non_sms_or_noisy_label,social_media_lingo,uploaded new photos to my flickr set on the street where i live http bit ly bhesh
24080,"lyriccalladie(21/F) lädt Sie ein, ihr Freund zu sein. Antworten Sie YES-910 oder NO-910. Siehe sie: www.SMS.ac/u/hmmross STOP? Senden STOP FRND an 62468",1,suspicious_non_sms_or_noisy_label,shortened_url_web_link,lyriccalladie21f ldt sie ein ihr freund zu sein antworten sie yes910 oder no910 siehe sie wwwsmsacuhmmross stop senden stop frnd an 62468
24332,<Vergeben von 88877>FREE Eintrag in unserem £250 wöchentlich comp senden Sie einfach das Wort ENTER an 88877 NOW. 18 T&C www.textcomp.com,1,suspicious_non_sms_or_noisy_label,shortened_url_web_link,vergeben von 88877free eintrag in unserem 250 wchentlich comp senden sie einfach das wort enter an 88877 now 18 tc wwwtextcompcom
24450,ADFTAT लेन - देन संदर्भ संख्या &## wgt; RtYEALKgt; TYEANKgt; खाता को दूरस्थ खाते में@gt;# wgt; &gt; &gt; &gt; &gt; &gt;: &gt; &gt; मut: &gt; &gt;# wgt; &gt; &gt; &gt; &gt; &gt; &gt; &gt; &gt; &gt; &gt; &gt; &gt; &gt; &gt; &gt; &gt; &gt; &gt; &gt; &gt; &gt; &gt; &gt; &gt; &gt; के लिए; &gt; &gt; &gt; &gt; &gt; &gt; w>; &gt; &gt; &gt; &gt; &gt; &gt; &gt; &gt; &gt; &gt; &gt; &gt; &gt; &gt; &gt; &gt; &gt; &gt; &gt; &gt; &gt; w>,0,suspicious_non_sms_or_noisy_label,twitter_handle,adftat       wgt rtyealkgt tyeankgt     gt wgt gt gt gt gt gt gt gt ut gt gt wgt gt gt gt gt gt gt gt gt gt gt gt gt gt gt gt gt gt gt gt gt gt gt gt gt gt   gt gt gt gt gt gt w gt gt gt gt gt gt gt gt gt gt gt gt gt gt gt gt gt gt gt gt gt w
24540,Gandanderm में नीचे जाओ और रास्ते को काट करने के लिए चलते हैं. दाएँ तरफ &gt;##gt; सड़क सड़क और पहली बार में बारी.,0,suspicious_non_sms_or_noisy_label,twitter_hashtag,gandanderm               gtgt
24581,saltcod We just put flickr images in our posts and there s some views and jquery special sauce in there too Does that help you win,0,suspicious_non_sms_or_noisy_label,social_media_lingo,saltcod we just put flickr images in our posts and there s some views and jquery special sauce in there too does that help you win
24684,"GUARANTEED VALENTINE'S DAY DELIVERY! Surprise Your Special Someone. HURRY, Order Today @ Rs.500 OFF* - Use Code VAL500 - Limited Period Offer! bit.ly/3jIywNP",1,suspicious_non_sms_or_noisy_label,shortened_url_web_link,guaranteed valentines day delivery surprise your special someone hurry order today  rs500 off  use code val500  limited period offer bitly3jiywnp
24742,Kostenlos 1. Woche Eintrag 2 TEXTPOD 4 eine Chance 2 gewinnen 40 GB iPod oder £250 Bargeld pro wk. Txt POD zu 84128 Ts&Cs www.textpod.net custcare 08712405020.,1,suspicious_non_sms_or_noisy_label,shortened_url_web_link,kostenlos 1 woche eintrag 2 textpod 4 eine chance 2 gewinnen 40 gb ipod oder 250 bargeld pro wk txt pod zu 84128 tscs wwwtextpodnet custcare 08712405020
24764,India Photo Blog Canal Flickr http goo gl fb XC JJ kerala tattamangalam,1,suspicious_non_sms_or_noisy_label,social_media_lingo,india photo blog canal flickr http goo gl fb xc jj kerala tattamangalam
25163,Congratulations U can claim 2 VIP row A Tickets 2 C Blu in concert in November or Blu gift guaranteed Call 09061104276 to claim TS&Cs www.smsco.net costå£3.75max,1,suspicious_non_sms_or_noisy_label,shortened_url_web_link,congratulations u can claim 2 vip row a tickets 2 c blu in concert in november or blu gift guaranteed call 09061104276 to claim tscs wwwsmsconet cost375max
25196,My photo of an unhappy woman was published in Is Your Income Standard Too Low http bit ly bGqaCu Flickr http flic kr p qWjoM,1,suspicious_non_sms_or_noisy_label,social_media_lingo,my photo of an unhappy woman was published in is your income standard too low http bit ly bgqacu flickr http flic kr p qwjom
25224,मैं उन्हें तेरे ईमेल में भेज दूंगा. क्या तू मन लगाकर &gt;##gt; प्रति रात?,0,suspicious_non_sms_or_noisy_label,twitter_hashtag,gtgt
25312,Sportfans - erhalten Sie die neuesten Sportnachrichten str* 2 ur mobile 1 wk FREE PLUS a FREE TONE Txt SPORT ON to 8007 www.getzed.co.uk 0870141701216+ norm 4txt/120p,1,suspicious_non_sms_or_noisy_label,shortened_url_web_link,sportfans  erhalten sie die neuesten sportnachrichten str 2 ur mobile 1 wk free plus a free tone txt sport on to 8007 wwwgetzedcouk 0870141701216 norm 4txt120p
25345,LET SAVING WIN THIS DASARA@STAR BAZAAR!!! Onion@21/Kg Banana@30/Kg Star Sunflower oil 1L@154 Star Chakki Atta 10Kg @365 SBI Bank offers: Credit Card: 5% CASHBACK on shopping Rs 2000 Debit Card: 5% INSTANT DISCOUNT on Rs 3000 T&C,1,suspicious_non_sms_or_noisy_label,twitter_handle,let saving win this dasarastar bazaar onion21kg banana30kg star sunflower oil 1l154 star chakki atta 10kg 365 sbi bank offers credit card 5 cashback on shopping rs 2000 debit card 5 instant discount on rs 3000 tc
25363,"500 neue Handys von 2004, MUSS gehen! Txt: NOKIA bis Nr: 89545 & sammeln Sie Ihre heute!Von nur £1 www.4-tc.biz 2optout 087187262701.50gbp/mtmsg18 TXTAUKTION",1,suspicious_non_sms_or_noisy_label,shortened_url_web_link,500 neue handys von 2004 muss gehen txt nokia bis nr 89545  sammeln sie ihre heutevon nur 1 www4tcbiz 2optout 08718726270150gbpmtmsg18 txtauktion
25419,"Congratulations!!! You are Due for a COVID-19 Grant, To Redeem,Contact us Via Email: covid19grant@cokegrant.com",1,suspicious_non_sms_or_noisy_label,twitter_handle,congratulations you are due for a covid19 grant to redeemcontact us via email covid19grantcokegrantcom
25842,"कल हमारे मोबाइल सर्वे में हिस्सा लेने के लिए! अब आपके पास 500 खंड हैं, लेकिन आप चाहते हैं कि 2 को TXT TXT TXT T4 T6 T6C www.x43.x50.com",1,suspicious_non_sms_or_noisy_label,shortened_url_web_link,500        2  txt txt txt t4 t6 t6c wwwx43x50com
25894,#ERROR!,1,suspicious_non_sms_or_noisy_label,twitter_hashtag,error
26009,"Unbelievable Offers!! Dial *444# Option 1:Data Deals to buy and check out the latest trends in music, comedy and sermons on https://charts.youtube.com/",1,suspicious_non_sms_or_noisy_label,shortened_url_web_link,unbelievable offers dial 444 option 1data deals to buy and check out the latest trends in music comedy and sermons on httpschartsyoutubecom
26139,"Your Bank of America online account has been suspended, log in to restore http://itdo/bankofamerica-session-user",1,suspicious_non_sms_or_noisy_label,shortened_url_web_link,your bank of america online account has been suspended log in to restore httpitdobankofamericasessionuser
26208,new camera takes crispy pictures http www flickr com photos dailypiglet sets,0,suspicious_non_sms_or_noisy_label,social_media_lingo,new camera takes crispy pictures http www flickr com photos dailypiglet sets
26257,"500 New Mobiles from 2004, MUST GO! Txt: NOKIA to No: 89545 & collect yours today!From ONLY å£1 www.4-tc.biz 2optout 087187262701.50gbp/mtmsg18 TXTAUCTION",1,suspicious_non_sms_or_noisy_label,shortened_url_web_link,500 new mobiles from 2004 must go txt nokia to no 89545  collect yours todayfrom only 1 www4tcbiz 2optout 08718726270150gbpmtmsg18 txtauction
26440,"Your request for How to Videos - 7 Days activation could not be processed due to insufficient balance and currently in pending state. Kindly recharge your account to activate the service,Set your favorite Song as Callertune,click bit.ly/Ct-tune .For more songs,dial 1234 or 55655 (Tollfree).PLAY cricket contests & WIN Rs100 COUPON- bit.ly/3l7an2Z",1,suspicious_non_sms_or_noisy_label,shortened_url_web_link,your request for how to videos  7 days activation could not be processed due to insufficient balance and currently in pending state kindly recharge your account to activate the serviceset your favorite song as callertuneclick bitlycttune for more songsdial 1234 or 55655 tollfreeplay cricket contests  win rs100 coupon bitly3l7an2z
26847,"Ross & Rachel are back! Catch the FRIENDS Reunion with 1 year ZEE5 Premium on Vi Rs405 recharge. Also get 90GB, Unlimited calls for 28 Days! Click bit.ly/Vi-zfr",1,suspicious_non_sms_or_noisy_label,shortened_url_web_link,ross  rachel are back catch the friends reunion with 1 year zee5 premium on vi rs405 recharge also get 90gb unlimited calls for 28 days click bitlyvizfr
26891,"Tltgt;#gt; मिठों, लेकिन मैं कहीं पहले कहीं रोकने के लिए था. (L)",0,suspicious_non_sms_or_noisy_label,twitter_hashtag,tltgtgt           l
26932,<Forwarded from 88877>FREE entry into our å£250 weekly comp just send the word ENTER to 88877 NOW. 18 T&C www.textcomp.com,1,suspicious_non_sms_or_noisy_label,shortened_url_web_link,forwarded from 88877free entry into our 250 weekly comp just send the word enter to 88877 now 18 tc wwwtextcompcom
27057,Vos crédits ont été complétés pour http://www.bubbletext.com Votre renouvellement Pin est tgxxrz,1,suspicious_non_sms_or_noisy_label,shortened_url_web_link,vos crdits ont t complts pour httpwwwbubbletextcom votre renouvellement pin est tgxxrz
27088,Tltgt;#gt; एक आदमी और पैसे के साथ साल. मैं नीचे हूँ अपने अंतिम &gt;##gt; अभी भी उस जाँच के लिए इंतजार कर रहे हैं.,0,suspicious_non_sms_or_noisy_label,twitter_hashtag,tltgtgt             gtgt
27288,"Hi, Mobile no. 7645092312 has added you in their contact list on www.fullonsms.com It s a great place to send free sms to people For more visit fullonsms.com",0,suspicious_non_sms_or_noisy_label,shortened_url_web_link,hi mobile no 7645092312 has added you in their contact list on wwwfullonsmscom it s a great place to send free sms to people for more visit fullonsmscom
27482,T20! Cricket's Biggest Tournament starts from 19th Sep. Watch LIVE T20 matches daily only on Disney+ Hotstar. Get 1 year Disney+ Hotstar mobile pack with new Vi 501 recharge + 100GB Data (3GB/Day+16GB) + Unlimited Calls; 28Days. Recharge now. Click bit.ly/ViHotstar1,1,suspicious_non_sms_or_noisy_label,shortened_url_web_link,t20 crickets biggest tournament starts from 19th sep watch live t20 matches daily only on disney hotstar get 1 year disney hotstar mobile pack with new vi 501 recharge  100gb data 3gbday16gb  unlimited calls 28days recharge now click bitlyvihotstar1
27616,Congratulations ur awarded either å£500 of CD gift vouchers & Free entry 2 our å£100 weekly draw txt MUSIC to 87066 TnCs www.Ldew.com 1 win150ppmx3age16,1,suspicious_non_sms_or_noisy_label,shortened_url_web_link,congratulations ur awarded either 500 of cd gift vouchers  free entry 2 our 100 weekly draw txt music to 87066 tncs wwwldewcom 1 win150ppmx3age16
27819,JeanetteHauser Dinner with Karon is and Reception is,1,suspicious_non_sms_or_noisy_label,conversational_mislabeled_as_spam (Dinner with),jeanettehauser dinner with karon is and reception is
27890,"Alert! Your Unlimited pack is expiring on 25/11/21. Recharge with 1)299:4GB/D+UL,28D 2)449:4GB/D+UL,56D 3)699:4GB/D+UL,84D Click bit.ly/ViRC20",1,suspicious_non_sms_or_noisy_label,shortened_url_web_link,alert your unlimited pack is expiring on 251121 recharge with 12994gbdul28d 24494gbdul56d 36994gbdul84d click bitlyvirc20
28099,Lekkere ochtendwandeling gemaakt met la chien Nu even wat yoga doen voor ik ga werken,1,suspicious_non_sms_or_noisy_label,conversational_mislabeled_as_spam (yoga),lekkere ochtendwandeling gemaakt met la chien nu even wat yoga doen voor ik ga werken
28155,Hello-/@drivby-:0quit edrunk sorry iff pthis makes no senrd-dnot no how ^ dancce 2 drum n basq!ihave fun 2nhite x ros xxxxxxx,0,suspicious_non_sms_or_noisy_label,twitter_handle,hellodrivby0quit edrunk sorry iff pthis makes no senrddnot no how  dancce 2 drum n basqihave fun 2nhite x ros xxxxxxx
28169,"Weekend Deals @SMART Point store,Rs 100 OFF Tide Detergent Powder 4Kg,Rs 35 OFF Dabur Chyawanprash 1Kg,Go Cheese Slice 476g Rs 247,Click bit.ly/398cIoM T&C",1,suspicious_non_sms_or_noisy_label,twitter_handle; shortened_url_web_link,weekend deals smart point storers 100 off tide detergent powder 4kgrs 35 off dabur chyawanprash 1kggo cheese slice 476g rs 247click bitly398ciom tc
28192,"Oh My God! Watch FRIENDS Reunion with 1 year ZEE5 Premium! Get it with Vi Rs405 recharge. Also get 90GB, Unlimited calls for 28 Days! Click bit.ly/Vi-zfr",1,suspicious_non_sms_or_noisy_label,shortened_url_web_link,oh my god watch friends reunion with 1 year zee5 premium get it with vi rs405 recharge also get 90gb unlimited calls for 28 days click bitlyvizfr
28236,Congratulations ur awarded either å£500 of CD gift vouchers & Free entry 2 our å£100 weekly draw txt MUSIC to 87066 TnCs www.Ldew.com1win150ppmx3age16,1,suspicious_non_sms_or_noisy_label,shortened_url_web_link,congratulations ur awarded either 500 of cd gift vouchers  free entry 2 our 100 weekly draw txt music to 87066 tncs wwwldewcom1win150ppmx3age16
28337,Votre bon B4U w/c 27/03 est MARSMS. Connectez-vous sur www.B4Utele.com pour bénéficier d'un crédit de réduction.,1,suspicious_non_sms_or_noisy_label,shortened_url_web_link,votre bon b4u wc 2703 est marsms connectezvous sur wwwb4utelecom pour bnficier dun crdit de rduction
28383,"प्रिय Verver, इस सप्ताह प्रस्ताव का दावा करने के लिए, आप पीसी कृपया http://www.ec.ka.k/ secscscsc लागू करते हैं. पाठ बंद करने के लिए, क्षमा 80062 तक बंद हो जाता है",1,suspicious_non_sms_or_noisy_label,shortened_url_web_link,verver            httpwwweckak secscscsc          80062
28508,"Get Personal Loan in just 5 mins, no paperwork needed. It is secure, quick and hassle-free. Loan limit: upto Rs. 50,000/-. Apply now http://qz6.in/eFBQnY nc",1,suspicious_non_sms_or_noisy_label,shortened_url_web_link,get personal loan in just 5 mins no paperwork needed it is secure quick and hasslefree loan limit upto rs 50000 apply now httpqz6inefbqny nc
28546,"Nachricht Wichtige Informationen für O2 Benutzer. Heute ist Ihr Glückstag! 2 finden Sie heraus, warum sich auf http://www.urawinner.com es eine fantastische Überraschung erwartet Sie",1,suspicious_non_sms_or_noisy_label,shortened_url_web_link,nachricht wichtige informationen fr o2 benutzer heute ist ihr glckstag 2 finden sie heraus warum sich auf httpwwwurawinnercom es eine fantastische berraschung erwartet sie
28673,"मैं bsin में वर्ग से बाहर मिलता है &lt;##gt; मिनट, तुम्हें पता है कि कहाँ है?",0,suspicious_non_sms_or_noisy_label,twitter_hashtag,bsin       ltgt
28700,"Für die funkelndsten Einkaufspausen ab 45 pro Person, rufen Sie 0121 2025050 an oder besuchen Sie www.shortbreaks.org.uk",1,suspicious_non_sms_or_noisy_label,shortened_url_web_link,fr die funkelndsten einkaufspausen ab 45 pro person rufen sie 0121 2025050 an oder besuchen sie wwwshortbreaksorguk
28761,"Rental  Helpline  9999991155 1000-100, 000 sq.ft. In Noida & Gr.Noida  OFFICE & INDUSTRIAL Use Goldenberg estates pvt.ltd. sandeep@goldenberg.in 999 999 1155",1,suspicious_non_sms_or_noisy_label,twitter_handle,rental  helpline  9999991155 1000100 000 sqft in noida  grnoida  office  industrial use goldenberg estates pvtltd sandeepgoldenbergin 999 999 1155
28780,"Pour votre chance de gagner 250 £ d'argent par wk TXT: ACTION à 80608. T's&C's www.movietrivia.tv custcare 08712405022, 1x150p/wk.",1,suspicious_non_sms_or_noisy_label,shortened_url_web_link,pour votre chance de gagner 250  dargent par wk txt action  80608 tscs wwwmovietriviatv custcare 08712405022 1x150pwk
29066,Rs.250 credited as unconditional FREE UNLIMITED Cash Points in your account to shop at UNLIMITED Fashion Store. Valid till 11th Apr 2021. Click bit.ly/3wBGIWk for TnC,1,suspicious_non_sms_or_noisy_label,shortened_url_web_link,rs250 credited as unconditional free unlimited cash points in your account to shop at unlimited fashion store valid till 11th apr 2021 click bitly3wbgiwk for tnc
29082,http www cooliris com is amazing for browsing and viewing large collections of photos esp flickr streams,0,suspicious_non_sms_or_noisy_label,social_media_lingo,http www cooliris com is amazing for browsing and viewing large collections of photos esp flickr streams
29091,FREEDOM from monthly recharge! Vi2595 offers 1 FULL year Disney+ Hotstar VIP+1.5GB/Day+Unlimited Calls! Enjoy Weekend rollover & Night Data. bit.ly/ViHotstar1,1,suspicious_non_sms_or_noisy_label,shortened_url_web_link,freedom from monthly recharge vi2595 offers 1 full year disney hotstar vip15gbdayunlimited calls enjoy weekend rollover  night data bitlyvihotstar1
29093,Beantworten Sie mit Ihrem Namen und Adresse und Sie werden von POST eine Woche völlig kostenlos Unterkunft an verschiedenen globalen Standorten www.phb1.com ph:08700435505150p,1,suspicious_non_sms_or_noisy_label,shortened_url_web_link,beantworten sie mit ihrem namen und adresse und sie werden von post eine woche vllig kostenlos unterkunft an verschiedenen globalen standorten wwwphb1com ph08700435505150p
29105,"Liebe Dave, das ist Ihre letzte Nachricht, um Ihre 4 * Teneriffa Urlaub oder #5000 CASH Award zu sammeln! Rufen Sie 09061743806 aus dem Festnetz. TCs SAE Box326 CW25WX 150ppm",1,suspicious_non_sms_or_noisy_label,twitter_hashtag,liebe dave das ist ihre letzte nachricht um ihre 4  teneriffa urlaub oder 5000 cash award zu sammeln rufen sie 09061743806 aus dem festnetz tcs sae box326 cw25wx 150ppm
29118,बधाई या तो सीडी उपहार के $५०० पाउंड दिए गए हैं...... या मुक्त प्रविष्टि 2 876 संगीत www.ldz.com,1,suspicious_non_sms_or_noisy_label,shortened_url_web_link,2 876  wwwldzcom
29119,"Dads are superheroes who don't wear capes. This Father's Day gift your superhero a super gift from Shoppers Stop. Click bit.ly/SS_FD21 to shop now & get #WhatDadWants Choose from the latest in Mens Wear, Watches, Wallets, Fragrances and more + Get exciting offers online or on our app. T&C",1,suspicious_non_sms_or_noisy_label,twitter_hashtag; shortened_url_web_link,dads are superheroes who dont wear capes this fathers day gift your superhero a super gift from shoppers stop click bitlyssfd21 to shop now  get whatdadwants choose from the latest in mens wear watches wallets fragrances and more  get exciting offers online or on our app tc
29146,http twitpic com bt vi number three of eight jpgs from this clever web iteration of passion and holy weeks,1,suspicious_non_sms_or_noisy_label,social_media_lingo,http twitpic com bt vi number three of eight jpgs from this clever web iteration of passion and holy weeks
29170,photosbytafari Oh me too I love getting JPG in the mail I can see great photos on Flickr for free,0,suspicious_non_sms_or_noisy_label,social_media_lingo,photosbytafari oh me too i love getting jpg in the mail i can see great photos on flickr for free
29178,For 4 a chance 2 win 40GB iPod or £250 cash every wk. Txt POD to 84128 Ts&Cs www.textpod.net custcare 08712405020.,1,suspicious_non_sms_or_noisy_label,shortened_url_web_link,for 4 a chance 2 win 40gb ipod or 250 cash every wk txt pod to 84128 tscs wwwtextpodnet custcare 08712405020
29188,"Weekend deals @SMART POINT store! B1G1 Britannia Cheese Slice Plain 480g,Save Rs 100 on Surf Excel Easy Wash Detergent Powder 4Kg,Click bit.ly/2TfjBxZ T&C",1,suspicious_non_sms_or_noisy_label,twitter_handle; shortened_url_web_link,weekend deals smart point store b1g1 britannia cheese slice plain 480gsave rs 100 on surf excel easy wash detergent powder 4kgclick bitly2tfjbxz tc
29239,"tddnewsletter@emc1.co.uk (D'autres jeux de TheDailyDraw) Chère Helen, Des dizaines de jeux gratuits - avec de grands prixAvec..",1,suspicious_non_sms_or_noisy_label,twitter_handle,tddnewsletteremc1couk dautres jeux de thedailydraw chre helen des dizaines de jeux gratuits  avec de grands prixavec
29256,"Cardyddivt कहते हैं &#gt; Ewags Stegs Steg, विभाजन, कोर्ट &lgt;#gt; &gt; &dgt; मैं डबल जाँच और पाठ आप कल फिर से देख सकते हैं",0,suspicious_non_sms_or_noisy_label,twitter_hashtag,cardyddivt   gt ewags stegs steg   lgtgt gt dgt
29306,First set of pics of OpenAustralia Hackfest Mashup edition at Google Sydney oahack Flickr http bit ly ZIm C,0,suspicious_non_sms_or_noisy_label,social_media_lingo,first set of pics of openaustralia hackfest mashup edition at google sydney oahack flickr http bit ly zim c
29332,"Weekend Deals @SMART Point Store,Rs 20 OFF Biscuits Large Pk 350g onw,Rs 80 OFF Tide Det Pwdr 4Kg+1Kg,Sarvottam Rice Bran Oil 1l Rs 139,Click bit.ly/2TndiZj T&C",1,suspicious_non_sms_or_noisy_label,twitter_handle; shortened_url_web_link,weekend deals smart point storers 20 off biscuits large pk 350g onwrs 80 off tide det pwdr 4kg1kgsarvottam rice bran oil 1l rs 139click bitly2tndizj tc
29446,इसके poddddddddddd &l;#gt; सदी के सोंक में अलग रहते हैं,0,suspicious_non_sms_or_noisy_label,twitter_hashtag,poddddddddddd lgt
29729,प्रिय डेव यह आपकी अंतिम सूचना है अपने 4* 10/10000 स्वेशन या #5000 CH पुरस्कार प्राप्त करने के लिए!,1,suspicious_non_sms_or_noisy_label,twitter_hashtag,4 1010000   5000 ch
29777,"XXXMobileMovieClub: Pour utiliser votre crédit, cliquez sur le lien WAP dans le prochain message txt ou cliquez ici> http://wap. xxxmobilemovieclub.com?n=QJKGIGHJJGCBL",1,suspicious_non_sms_or_noisy_label,shortened_url_web_link,xxxmobilemovieclub pour utiliser votre crdit cliquez sur le lien wap dans le prochain message txt ou cliquez ici httpwap xxxmobilemovieclubcomnqjkgighjjgcbl
29881,flickr has gone all fail whale for me,0,suspicious_non_sms_or_noisy_label,social_media_lingo,flickr has gone all fail whale for me
30070,brookejordan No problemos How you doing,1,suspicious_non_sms_or_noisy_label,conversational_mislabeled_as_spam (How you doing),brookejordan no problemos how you doing
30117,"XXXMobileMovieClub: Um Ihr Guthaben zu nutzen, klicken Sie auf den WAP-Link in der nächsten txt-Nachricht oder klicken Sie hier>> http://wap. xxxmobilemovieclub.com?n=QJKGIGHJGCBL",1,suspicious_non_sms_or_noisy_label,shortened_url_web_link,xxxmobilemovieclub um ihr guthaben zu nutzen klicken sie auf den waplink in der nchsten txtnachricht oder klicken sie hier httpwap xxxmobilemovieclubcomnqjkgighjgcbl
30392,India Photo Blog IMG Flickr http goo gl fb vbBic,1,suspicious_non_sms_or_noisy_label,social_media_lingo,india photo blog img flickr http goo gl fb vbbic
30403,"Update! Dear User, your application is pending. Click now http://m.BajFin.in/OZQQ9_uA to complete & get Insta EMI Card. Bajaj Finance Ltd",1,suspicious_non_sms_or_noisy_label,shortened_url_web_link,update dear user your application is pending click now httpmbajfininozqq9ua to complete  get insta emi card bajaj finance ltd
30492,"Ganesh Chaturthi @VISHAL BUY 1 GET 1 FREE- Mens Jeans,Tshirt Ladies Kurta,Tshirt Kids Jeans,Frock + 2kg Sugar FREE on 1500 + 5% BACK on SBI",1,suspicious_non_sms_or_noisy_label,twitter_handle,ganesh chaturthi vishal buy 1 get 1 free mens jeanstshirt ladies kurtatshirt kids jeansfrock  2kg sugar free on 1500  5 back on sbi
30552,"2004 से 500 नए मोबाइल विमानों, MUSTHAG: कोई नहीं: कोई 89545 और आपके लिए इकट्ठा कर लो! OA4 पाउंड www.4-c. basz 287570.50-50-20-20-20/844-18",1,suspicious_non_sms_or_noisy_label,shortened_url_web_link,2004  500    musthag    89545       oa4  www4c basz 287570505020202084418
30703,Ce message est gratuit. Bienvenue dans le nouveau et amélioré Sex & Dogging club! Pour vous désabonner de ce service répondez STOP. msgs@150p 18+seulement,1,suspicious_non_sms_or_noisy_label,twitter_handle,ce message est gratuit bienvenue dans le nouveau et amlior sex  dogging club pour vous dsabonner de ce service rpondez stop msgs150p 18seulement
30720,Just uploaded new photos to my Flickr Finnegan photoset http bit ly AODT via Lightroom Plugin,0,suspicious_non_sms_or_noisy_label,social_media_lingo,just uploaded new photos to my flickr finnegan photoset http bit ly aodt via lightroom plugin
30734,You have an outstanding tax refund of 578.44G8P for the tax year 15/16. Please fill out the following form to process your refund http:///hmrc.taxrebate.co.uk,1,suspicious_non_sms_or_noisy_label,shortened_url_web_link,you have an outstanding tax refund of 57844g8p for the tax year 1516 please fill out the following form to process your refund httphmrctaxrebatecouk
30893,Cher porte-bons Prenez votre prochain repas sur nous. Utilisez le lien suivant sur votre pc 2 profitez d'une expérience culinaire 2 4 1http://www.vouch4me.com/etlp/dining.asp,1,suspicious_non_sms_or_noisy_label,shortened_url_web_link,cher portebons prenez votre prochain repas sur nous utilisez le lien suivant sur votre pc 2 profitez dune exprience culinaire 2 4 1httpwwwvouch4mecometlpdiningasp
31063,Seeing several donation based yoga classes with proceeds going to Haiti Earthquake Relief We can all help,1,suspicious_non_sms_or_noisy_label,conversational_mislabeled_as_spam (yoga),seeing several donation based yoga classes with proceeds going to haiti earthquake relief we can all help
31109,"Get 3 Lions England tone, reply lionm 4 mono or lionp 4 poly. 4 more go 2 www.ringtones.co.uk, the original n best.",1,suspicious_non_sms_or_noisy_label,shortened_url_web_link,get 3 lions england tone reply lionm 4 mono or lionp 4 poly 4 more go 2 wwwringtonescouk the original n best
31174,"Offer from Dunzo: get 10% OFF on your 4 orders! Get groceries, fruits, veggies, & meat delivered home in <45 mins. Click: http://bit.ly/DunzoApp",1,suspicious_non_sms_or_noisy_label,shortened_url_web_link,offer from dunzo get 10 off on your 4 orders get groceries fruits veggies  meat delivered home in 45 mins click httpbitlydunzoapp
31196,"Entrée gratuite au gr8prizes wkly comp 4 une chance de gagner le dernier Nokia 8800, PSP ou £250 cash chaque wk.TXT GREAT à 80878 http//www.gr8prizes.com 087157002",1,suspicious_non_sms_or_noisy_label,shortened_url_web_link,entre gratuite au gr8prizes wkly comp 4 une chance de gagner le dernier nokia 8800 psp ou 250 cash chaque wktxt great  80878 httpwwwgr8prizescom 087157002
31243,"Data Alert! 7.23MB left on Data pack, post which std. charges apply or lower speeds as per plan. Click bit.ly/ViDataRC or dial *121# to buy a Data pack.",1,suspicious_non_sms_or_noisy_label,shortened_url_web_link,data alert 723mb left on data pack post which std charges apply or lower speeds as per plan click bitlyvidatarc or dial 121 to buy a data pack
31272,Thank you everyone for the th Birthday wishes damm Im old,1,suspicious_non_sms_or_noisy_label,conversational_mislabeled_as_spam (Birthday wishes),thank you everyone for the th birthday wishes damm im old
31327,Message Informations importantes pour l'utilisateur O2. Aujourd'hui est votre jour de chance! 2 découvrez pourquoi vous connecter à http://www.urawinner.com il ya une surprise fantastique vous attend,1,suspicious_non_sms_or_noisy_label,shortened_url_web_link,message informations importantes pour lutilisateur o2 aujourdhui est votre jour de chance 2 dcouvrez pourquoi vous connecter  httpwwwurawinnercom il ya une surprise fantastique vous attend
31348,FlickrTwitterGoogle Flickr blog this twitter,0,suspicious_non_sms_or_noisy_label,social_media_lingo,flickrtwittergoogle flickr blog this twitter
31918,"मेरे दोस्त पूरे शो के लिए रह रहे हैं और वापस नहीं होगा Till &gt;#gt; इसलिए, आगे जाने के लिए स्वतंत्र महसूस करें और $llgt;#gt; मूल्य",0,suspicious_non_sms_or_noisy_label,twitter_hashtag,till gtgt          llgtgt
32079,Personal care is calling your name Shop with Extra Rs.600 Off + Free Shipping @ Myntra Diwali Sale Use code BEAUTYFIRST15 http://smsd.in/brzn6s7RV,1,suspicious_non_sms_or_noisy_label,shortened_url_web_link,personal care is calling your name shop with extra rs600 off  free shipping  myntra diwali sale use code beautyfirst15 httpsmsdinbrzn6s7rv
32096,"Play FREE Rummy & Win Rs.2,00,000 today on Junglee Rummy! Also, Get Rs.5500 Welcome Bonus on first deposit! Download the app now: https://bit.ly/wow5500",1,suspicious_non_sms_or_noisy_label,shortened_url_web_link,play free rummy  win rs200000 today on junglee rummy also get rs5500 welcome bonus on first deposit download the app now httpsbitlywow5500
32155,MAX Fashion celebrates 16th year with never before offer! Buy2 & Get1 FREE ON ALL PRODUCTS across entire store. NO CONDITIONS. ONLY 19-20th Nov bit.ly/3ULCCGy,1,suspicious_non_sms_or_noisy_label,shortened_url_web_link,max fashion celebrates 16th year with never before offer buy2  get1 free on all products across entire store no conditions only 1920th nov bitly3ulccgy
32331,"Dear Player, Prize Pool: 2,50,00,000 (2.5cr). Rs.8850 welcome bonus. Millionaire Tournament on Junglee Rummy! Entry Fees - Win Now: http://1kx.in/9JXK6Y",1,suspicious_non_sms_or_noisy_label,shortened_url_web_link,dear player prize pool 25000000 25cr rs8850 welcome bonus millionaire tournament on junglee rummy entry fees  win now http1kxin9jxk6y
32382,"Urgent Message for CIBC Account Holder, Kindly login to confirm your login information Login to our secure server to check your information http://cibc.mobileupdate.granpianostudio.com/cibcfullz/Internet Support",1,suspicious_non_sms_or_noisy_label,shortened_url_web_link,urgent message for cibc account holder kindly login to confirm your login information login to our secure server to check your information httpcibcmobileupdategranpianostudiocomcibcfullzinternet support
32409,XCLUSIVE@CLUBSAISAI 2MOROW 28/5 SOIREE SPECIALE ZOUK MIT NICHOLEN AUS PARIS.FREE ROSES 2 ALLE LADIES!!! info: 07946746291/07880867867,1,suspicious_non_sms_or_noisy_label,twitter_handle,xclusiveclubsaisai 2morow 285 soiree speciale zouk mit nicholen aus parisfree roses 2 alle ladies info 0794674629107880867867
32611,Entrée GRATUITE dans notre concours hebdomadaire £250 juste envoyer le mot WIN à 80086 MAINTENANT. 18 T&C www.txttowin.co.uk,1,suspicious_non_sms_or_noisy_label,shortened_url_web_link,entre gratuite dans notre concours hebdomadaire 250 juste envoyer le mot win  80086 maintenant 18 tc wwwtxttowincouk
32835,wish tumblr had a sign in as another user option when you sign out ala flickr saveastep,0,suspicious_non_sms_or_noisy_label,social_media_lingo,wish tumblr had a sign in as another user option when you sign out ala flickr saveastep
32841,"Freedom to Shop Now & Pay Later! + Get Credit Up to Rs.10,000 & Rs.100 Off* On orders above Rs.500 Activate Flipkart Pay Later now: http://fkrt.it/h_qOiWuuuN",1,suspicious_non_sms_or_noisy_label,shortened_url_web_link,freedom to shop now  pay later  get credit up to rs10000  rs100 off on orders above rs500 activate flipkart pay later now httpfkrtithqoiwuuun
32905,Catch this year's biggest T20 event LIVE! 1yr Disney+ Hotstar VIP subscription@Rs401.Also get 3GB/D+16GB & Unlimited Calls for 28D.Click bit.ly/Vi-HSVIP,1,suspicious_non_sms_or_noisy_label,twitter_handle; shortened_url_web_link,catch this years biggest t20 event live 1yr disney hotstar vip subscriptionrs401also get 3gbd16gb  unlimited calls for 28dclick bitlyvihsvip
33004,India Photo Blog farm activities Flickr http goo gl fb dRAP paddy agriculture,1,suspicious_non_sms_or_noisy_label,social_media_lingo,india photo blog farm activities flickr http goo gl fb drap paddy agriculture
33048,30 अगस्त से बाहर निकलो _BAR_ आप www.ka.ke.ka.kk.,1,suspicious_non_sms_or_noisy_label,shortened_url_web_link,30     bar  wwwkakekakk
33162,अच्छा. मैं (tlt;#gt; वर्षों में हवा सेना में साल. इराक और एक फफैन. मैं स्थिर और ईमानदार हूँ. क्या आप यात्रा करना पसंद करते हैं?,0,suspicious_non_sms_or_noisy_label,twitter_hashtag,tltgt
33263,flickr Paulo Portas candidato A M de Arouca ruigato postou um vdeo http ow ly W mQ,0,suspicious_non_sms_or_noisy_label,social_media_lingo,flickr paulo portas candidato a m de arouca ruigato postou um vdeo http ow ly w mq
33353,"इसे पाया, AdcC &l;#gt; तुम कहाँ पर?",0,suspicious_non_sms_or_noisy_label,twitter_hashtag,adcc lgt
33360,"Welcome to Vi Tamil Nadu . Stay connected with Vi network while you roam. Enjoy free incoming calls on your Mobile number. Outgoing Calls & data will be charged as per your tariff. However if you are on an Unlimited pack, you also enjoy free outgoing calls as well as Data (as per quota), anywhere in India. Please enable Data Roaming to enjoy our superior Data experience. For free ROAMING PROFILE caller tunes, click bit.ly/ROAMi",1,suspicious_non_sms_or_noisy_label,shortened_url_web_link,welcome to vi tamil nadu  stay connected with vi network while you roam enjoy free incoming calls on your mobile number outgoing calls  data will be charged as per your tariff however if you are on an unlimited pack you also enjoy free outgoing calls as well as data as per quota anywhere in india please enable data roaming to enjoy our superior data experience for free roaming profile caller tunes click bitlyroami
33376,Gratuit pour la 1ère semaine! No1 Nokia tone 4 ur mobile chaque semaine juste txt NOKIA à 8077 Obtenez txting et dites à vos partenaires. www.getzed.co.uk POBox 36504 W45WQ 16+ norm150p/tone,1,suspicious_non_sms_or_noisy_label,shortened_url_web_link,gratuit pour la 1re semaine no1 nokia tone 4 ur mobile chaque semaine juste txt nokia  8077 obtenez txting et dites  vos partenaires wwwgetzedcouk pobox 36504 w45wq 16 norm150ptone
33412,Hello Your Unlimited pack MRP is expiring on2021-06-11 00:00:00.Now recharge from home with App Click http://bit.ly/GetMVA4,1,suspicious_non_sms_or_noisy_label,shortened_url_web_link,hello your unlimited pack mrp is expiring on20210611 000000now recharge from home with app click httpbitlygetmva4
33464,Bring your Favorite Characters home! Click here to SHOP NOW: bit.ly/3hPpfCw Flat 200 Off on shopping of 1999 from UNLIMITED Fashion Stores. TnC,1,suspicious_non_sms_or_noisy_label,shortened_url_web_link,bring your favorite characters home click here to shop now bitly3hppfcw flat 200 off on shopping of 1999 from unlimited fashion stores tnc
33506,XCLUSIVE@CLUBSAISAI 2MOROW 28/5 SOIRE SPECIALE ZOUK AVEC NICHOLS DE PARIS.FREE ROSES 2 TOUTES LES LANDIES!!! info: 07946746291/07880867867,1,suspicious_non_sms_or_noisy_label,twitter_handle,xclusiveclubsaisai 2morow 285 soire speciale zouk avec nichols de parisfree roses 2 toutes les landies info 0794674629107880867867
33899,Wealth Secrets And Law Of Attraction Yoga and Meditation http bit ly Oc RN,1,suspicious_non_sms_or_noisy_label,conversational_mislabeled_as_spam (Yoga),wealth secrets and law of attraction yoga and meditation http bit ly oc rn
33984,softqual On Sunday I m hoping to create a Flickr set of the best of all piano photos I will have uploaded if I can find time,1,suspicious_non_sms_or_noisy_label,social_media_lingo,softqual on sunday i m hoping to create a flickr set of the best of all piano photos i will have uploaded if i can find time
34085,मुझे नहीं लगता कि यह बहुत बर्फ वाला है. लेकिन यह हम आम तौर पर उन हवा से अधिक होगा जो वे जमीन मारा से पहले मिल जाता है. Ek! हम कभी बर्फ नहीं था जब से (llt;#gt;) मैं भी पैदा हुआ था! मुझे लगता है कि मैं भी पैदा हुआ था!,0,suspicious_non_sms_or_noisy_label,twitter_hashtag,ek        lltgt
34212,Your Rs.8850 welcome bonus is ready to be credited. Download Junglee Rummy now. Claim bonus: http://1kx.in/hO9g4Y,1,suspicious_non_sms_or_noisy_label,shortened_url_web_link,your rs8850 welcome bonus is ready to be credited download junglee rummy now claim bonus http1kxinho9g4y
34258,Hello Your Unlimited pack MRP has expired . Now recharge from home with App Click http://bit.ly/GetMVA4,1,suspicious_non_sms_or_noisy_label,shortened_url_web_link,hello your unlimited pack mrp has expired  now recharge from home with app click httpbitlygetmva4
34327,"U can WIN £100 of Music Geschenkgutscheine jede Woche beginnend JETZT Txt das Wort DRAW zu 87066 TsCs www.ldew.com SkillGame,1Winaweek, Alter16.150permessSubscription",1,suspicious_non_sms_or_noisy_label,shortened_url_web_link,u can win 100 of music geschenkgutscheine jede woche beginnend jetzt txt das wort draw zu 87066 tscs wwwldewcom skillgame1winaweek alter16150permesssubscription
34365,"You can Watch John Wick 4 for FREE!! #GrabTheLoOTT and unlock your EXCLUSIVE DEAL. Get a chance to get 18+ OTTs free with Xstream Entertainment festival. To know more, visit Airtel Thanks App, Tnc apply https://open.airtelxstream.in/e/XEF-SMS",1,suspicious_non_sms_or_noisy_label,twitter_hashtag; shortened_url_web_link,you can watch john wick 4 for free grabtheloott and unlock your exclusive deal get a chance to get 18 otts free with xstream entertainment festival to know more visit airtel thanks app tnc apply httpsopenairtelxstreaminexefsms
34417,LanaKS no going home for me either probably just a cozy dinner with friends,1,suspicious_non_sms_or_noisy_label,conversational_mislabeled_as_spam (dinner with),lanaks no going home for me either probably just a cozy dinner with friends
34494,"Text82228>> Obtenez d'autres sonneries, logos et jeux à partir de www.txt82228.com. Questions: info@txt82228.co.uk",1,suspicious_non_sms_or_noisy_label,twitter_handle; shortened_url_web_link,text82228 obtenez dautres sonneries logos et jeux  partir de wwwtxt82228com questions infotxt82228couk
34720,हर व्यक्‍ति से सबसे आकर्षक खरीदारी के लिए; $२५० में २०५० या www.jectu.org.org.,1,suspicious_non_sms_or_noisy_label,shortened_url_web_link,wwwjectuorgorg
34893,Congratulation! Your Mobile No was selected as a winner of E2000.000.00 on EURO-MEGA DRAW with Draw number EU-0906767 Email robertdep34@gmail.com�for claims,1,suspicious_non_sms_or_noisy_label,twitter_handle,congratulation your mobile no was selected as a winner of e200000000 on euromega draw with draw number eu0906767 email robertdep34gmailcomfor claims
34920,NIBEDITAA PAAL is all set to rule latest fashion trends at Biggest Styling Festival-SStyled by Shoppers Stop. Click bit.ly/SSPSNb to follow us on Insta and ask,1,suspicious_non_sms_or_noisy_label,shortened_url_web_link,nibeditaa paal is all set to rule latest fashion trends at biggest styling festivalsstyled by shoppers stop click bitlysspsnb to follow us on insta and ask
34929,"1) शब्दकोश मोड पर मौज़ूदा शब्द लिखें 3) हाथ के साथ स्क्रीन को कवर कीजिए, ४: ४ prol &gt;#gt;. 5) संक्षिप्त रूप से ऊर का हाथ हटा. इसके दिलचस्प.",0,suspicious_non_sms_or_noisy_label,twitter_hashtag,1       3          prol gtgt 5
35092,Urgent! S'il vous plaît appelez 09061743810 de la ligne fixe. Votre ABTA gratuit 4* Tenerife Holiday ou #5000 argent en attente de la collection SAE T&Cs Box 326 CW25WX 150 ppm,1,suspicious_non_sms_or_noisy_label,twitter_hashtag,urgent sil vous plat appelez 09061743810 de la ligne fixe votre abta gratuit 4 tenerife holiday ou 5000 argent en attente de la collection sae tcs box 326 cw25wx 150 ppm
35117,Study from Home with Vi!! Watch Kite Victers Channel FREE on your Mobile with Vi . Download Vi Movies and TV app now . Click bit.ly/Vi-kite2,1,suspicious_non_sms_or_noisy_label,shortened_url_web_link,study from home with vi watch kite victers channel free on your mobile with vi  download vi movies and tv app now  click bitlyvikite2
35290,vi http plurk com p vy c,0,suspicious_non_sms_or_noisy_label,social_media_lingo,vi http plurk com p vy c
35396,"Wednesday Bonus@JioMart,Bangalore!Onion Rs 37/Kg,Cucumber Rs 21/Kg,Banana Yellaki 12Pc Pk Rs 42/Kg,Also at SMART &SMART Point store bit.ly/3p9qmRT 1Dec,TC",1,suspicious_non_sms_or_noisy_label,twitter_handle; shortened_url_web_link,wednesday bonusjiomartbangaloreonion rs 37kgcucumber rs 21kgbanana yellaki 12pc pk rs 42kgalso at smart smart point store bitly3p9qmrt 1dectc
35453,Ur TONEXS subscription has been renewed and you have been charged å£4.50. You can choose 10 more polys this month. www.clubzed.co.uk *BILLING MSG*,1,suspicious_non_sms_or_noisy_label,shortened_url_web_link,ur tonexs subscription has been renewed and you have been charged 450 you can choose 10 more polys this month wwwclubzedcouk billing msg
35620,"ONLY for U! Double DATA+ZEE5. Recharge with 299, get 1yr ZEE5 subscription, 4GB/Day + Unlimited calls, Val-28days! Offer ends soon.T&C Apply. Click bit.ly/Vi-zr",1,suspicious_non_sms_or_noisy_label,shortened_url_web_link,only for u double datazee5 recharge with 299 get 1yr zee5 subscription 4gbday  unlimited calls val28days offer ends soontc apply click bitlyvizr
35624,Get Lifetime FREE Card + 5% Unlimited Cashback with Flipkart Axis Bank Credit Card. Hurry! Limited Period Offer. Apply Now: http://fkrt.it/PgRUr8uuuN,1,suspicious_non_sms_or_noisy_label,shortened_url_web_link,get lifetime free card  5 unlimited cashback with flipkart axis bank credit card hurry limited period offer apply now httpfkrtitpgrur8uuun
35671,If you use the words tweep tweeps tweeple twitt twitts twitting or tweeter in reference to twitter anything STOP IT,1,suspicious_non_sms_or_noisy_label,social_media_lingo,if you use the words tweep tweeps tweeple twitt twitts twitting or tweeter in reference to twitter anything stop it
35690,Rappel: Vous n'avez pas téléchargé le contenu que vous avez déjà payé. Goto http://doit. mymoby. tv/ pour collecter votre contenu.,1,suspicious_non_sms_or_noisy_label,shortened_url_web_link,rappel vous navez pas tlcharg le contenu que vous avez dj pay goto httpdoit mymoby tv pour collecter votre contenu
35939,वहाँ बहुत से मॉडल. styy eyfonn भी sc. &l;##gt; seks अच्छी तरह से भूल जाता है मैं कोई भूल नहीं है.,0,suspicious_non_sms_or_noisy_label,twitter_hashtag,styy eyfonn  sc lgt seks
35981,Continue being an Insider Check out the new criteria to retain your Insider membership Click here to read more http://smsd.in/bj7wO83oX,1,suspicious_non_sms_or_noisy_label,shortened_url_web_link,continue being an insider check out the new criteria to retain your insider membership click here to read more httpsmsdinbj7wo83ox
36033,मैं कुछ भेजना चाहता हूँ जो तेज बेच सकते हैं. &lgt;#gt; के.,0,suspicious_non_sms_or_noisy_label,twitter_hashtag,lgtgt
36180,LIVE: Vedix Weekend Sale! Shop hair and skin care items @ FLAT Rs. 299 LIMITED PERIOD OFFER! Shop Now - https://vedix.in/3l33poYZ2-L8GwAhv,1,suspicious_non_sms_or_noisy_label,shortened_url_web_link,live vedix weekend sale shop hair and skin care items  flat rs 299 limited period offer shop now  httpsvedixin3l33poyz2l8gwahv
36222,Nice dinner with Chelsea El Rus http sq com cPaWN,1,suspicious_non_sms_or_noisy_label,conversational_mislabeled_as_spam (dinner with),nice dinner with chelsea el rus http sq com cpawn
36247,Englishvocabulary ululate: to mourn loudly and shrilly AD: Unlimited FREE calls to any mobile try out today http://bit.ly/unlmtdfreecall share wid frnd,1,suspicious_non_sms_or_noisy_label,shortened_url_web_link,englishvocabulary ululate to mourn loudly and shrilly ad unlimited free calls to any mobile try out today httpbitlyunlmtdfreecall share wid frnd
36301,GRAND ALERTE BROTHER! L'ordinateur a sélectionné u pour 10k cash ou #150 bon. Appelez le 09064018838. NTT PO Box CRO1327 18+ BT Terrain Coût 150ppm mobiles varient,1,suspicious_non_sms_or_noisy_label,twitter_hashtag,grand alerte brother lordinateur a slectionn u pour 10k cash ou 150 bon appelez le 09064018838 ntt po box cro1327 18 bt terrain cot 150ppm mobiles varient
36362,4-3-2-1 DASH to shoppersstop.com Get your hands on Best Brands & Best Deals this weekend. Shop Safe click bit.ly/SS_DASH Claim coupon ATV31M & get surprise. TnC,1,suspicious_non_sms_or_noisy_label,shortened_url_web_link,4321 dash to shoppersstopcom get your hands on best brands  best deals this weekend shop safe click bitlyssdash claim coupon atv31m  get surprise tnc
36370,Sparen Sie Geld auf Hochzeitsunterwäsche bei www.bridal.petticoatdreams.co.uk Wählen Sie aus einer hervorragenden Auswahl mit nationaler Lieferung.,1,suspicious_non_sms_or_noisy_label,shortened_url_web_link,sparen sie geld auf hochzeitsunterwsche bei wwwbridalpetticoatdreamscouk whlen sie aus einer hervorragenden auswahl mit nationaler lieferung
36479,NEW! Airtel Xstream Fiber's Superfast Wi-Fi is now available near you. Get FREE router & installation. Plans starting Rs499. Get now https://i.airtel.in/Freeinstallation,1,suspicious_non_sms_or_noisy_label,shortened_url_web_link,new airtel xstream fibers superfast wifi is now available near you get free router  installation plans starting rs499 get now httpsiairtelinfreeinstallation
36602,No more data run out worries! More Data for you with Airtel's Data top up packs starting @Rs.19. Click to avail now i.airtel.in/dtpck2,1,suspicious_non_sms_or_noisy_label,twitter_handle,no more data run out worries more data for you with airtels data top up packs starting rs19 click to avail now iairtelindtpck2
36659,Special offer just for you! Get 1GB @15 bob valid for 1 hour ! Dial *544# and select Amazing data to get this offer!,1,suspicious_non_sms_or_noisy_label,twitter_handle,special offer just for you get 1gb 15 bob valid for 1 hour  dial 544 and select amazing data to get this offer
36766,"हाउस-Mid है खूनी, coz आदमी की हत्या कर दी गई थी &l;#gt; वे जनवरी. सार्वजनिक छुट्टी के रूप में सभी ज्ञात छुट्टी बंद कर दिया गया है, डाक कार्यालय.",0,suspicious_non_sms_or_noisy_label,twitter_hashtag,mid   coz        lgt
36783,CDs 4u: Congratulations ur awarded å£500 of CD gift vouchers or å£125 gift guaranteed & Freeentry 2 å£100 wkly draw xt MUSIC to 87066 TnCs www.ldew.com1win150ppmx3age16,1,suspicious_non_sms_or_noisy_label,shortened_url_web_link,cds 4u congratulations ur awarded 500 of cd gift vouchers or 125 gift guaranteed  freeentry 2 100 wkly draw xt music to 87066 tncs wwwldewcom1win150ppmx3age16
36817,"Services SMS. pour vos crédits texte inclus, pls goto www.comuk.net login= ***** désabonnement avec STOP. sans frais supplémentaires. help:08700469649. PO BOX420. IP4 5WE",1,suspicious_non_sms_or_noisy_label,shortened_url_web_link,services sms pour vos crdits texte inclus pls goto wwwcomuknet login  dsabonnement avec stop sans frais supplmentaires help08700469649 po box420 ip4 5we
36886,christinalayer Thank you for the birthday wishes,1,suspicious_non_sms_or_noisy_label,conversational_mislabeled_as_spam (birthday wishes),christinalayer thank you for the birthday wishes
36943,BIKES Ride in Cambodia a set on Flickr http ow ly X y,1,suspicious_non_sms_or_noisy_label,social_media_lingo,bikes ride in cambodia a set on flickr http ow ly x y
37066,Thank you for shopping at STYLE UNION store. Your experience matters to us. Please take a moment to leave your feedback. Click http://viewl.ink/Uxlpoxbaa Thank you.,1,suspicious_non_sms_or_noisy_label,shortened_url_web_link,thank you for shopping at style union store your experience matters to us please take a moment to leave your feedback click httpviewlinkuxlpoxbaa thank you
37225,Getting ready for my final evening in NH Tonight it s dinner with my Mom and Stepdad Looking forward to some wine and good food,1,suspicious_non_sms_or_noisy_label,conversational_mislabeled_as_spam (dinner with),getting ready for my final evening in nh tonight it s dinner with my mom and stepdad looking forward to some wine and good food
37421,"प्रिय दोस्तों, देर से जानकारी के लिए खेद है. आज हमारे प्रेममय आर. सर्कश का जन्मदिन है पुस्तक पर और देखने के लिए अधिक विवरण के लिए। इसकी संख्या + &gt;#gt; एक स्वादिष्ट उपचार याद रखना.",0,suspicious_non_sms_or_noisy_label,twitter_hashtag,gtgt
37467,"In the Open Lucky Draw Contest And You Are The Winner 0f Tata Saafari (12,60000). Contact-997330199 -2294871295. More Information https://bit.ly/32ZwcQ5",1,suspicious_non_sms_or_noisy_label,shortened_url_web_link,in the open lucky draw contest and you are the winner 0f tata saafari 1260000 contact997330199 2294871295 more information httpsbitly32zwcq5
37597,"The Shoppers Stop FIRST CITIZEN UPTO 50% OFF SALE PREVIEW is here, 19-21 Jul in stores, shsp.in & app +Offers on HDFC Bank Cards For Details bit.ly/SSPrwTC T&C",1,suspicious_non_sms_or_noisy_label,shortened_url_web_link,the shoppers stop first citizen upto 50 off sale preview is here 1921 jul in stores shspin  app offers on hdfc bank cards for details bitlyssprwtc tc
37609,Home from therapy yoga feeling great,1,suspicious_non_sms_or_noisy_label,conversational_mislabeled_as_spam (yoga),home from therapy yoga feeling great
37841,LaLiga is here! Watch LIVE football matches on Vi Movies & TV app! Kickstart your weekend with pure football magic! Click bit.ly/Vi-moviess1,1,suspicious_non_sms_or_noisy_label,shortened_url_web_link,laliga is here watch live football matches on vi movies  tv app kickstart your weekend with pure football magic click bitlyvimoviess1
37990,हाँ. कृपया &lt पर छोड़ दें;#gt; तो यह है कि &gt;#gt; हम छोड़ सकते हैं,0,suspicious_non_sms_or_noisy_label,twitter_hashtag,lt   gt     gtgt
38082,Covid cases & lockdown updates - Stay safe & get LIVE news with Manorama news on Vi Movies & TV app! Click bit.ly/Vi-moviess,1,suspicious_non_sms_or_noisy_label,shortened_url_web_link,covid cases  lockdown updates  stay safe  get live news with manorama news on vi movies  tv app click bitlyvimoviess
38312,मैं वास्तव में बिस्तर में हूँ और के रूप में के लिए किया गया है (t);##gt; घंटे,0,suspicious_non_sms_or_noisy_label,twitter_hashtag,tgt
38339,WIN une année fourniture de CD 4 un magasin de choix d'une valeur de £500 et entrez notre £100 tirage hebdomadaire txt MUSIC à 87066 Ts&Cs www.Ldew.com.subs16+1win150ppmx3,1,suspicious_non_sms_or_noisy_label,shortened_url_web_link,win une anne fourniture de cd 4 un magasin de choix dune valeur de 500 et entrez notre 100 tirage hebdomadaire txt music  87066 tscs wwwldewcomsubs161win150ppmx3
38357,प्रिय Varger अपना अगला भोजन हम पर है. अपने pc 2 पर निम्नलिखित लिंक का उपयोग करें 2 खाने का अनुभवhttp://www.v4m.com/ doppping.,1,suspicious_non_sms_or_noisy_label,shortened_url_web_link,varger        pc 2       2   httpwwwv4mcom doppping
38376,"Buy 1, Get 1 FREE at UNLIMITED Fashion Stores. Get extra 10% Cashback with HDFC cards Watch collection bit.ly/3in3oVe TnC",1,suspicious_non_sms_or_noisy_label,shortened_url_web_link,buy 1 get 1 free at unlimited fashion stores get extra 10 cashback with hdfc cards watch collection bitly3in3ove tnc
38444,"Weekend Deals @SMART Point Store,B2G1 Sunfeast Dark Fantasy 300g,Rs 56 OFF Colgate Tooth Paste 500g,Super Sarvaottam Oil 1l Rs 139,Click bit.ly/2w4Ridz T&C",1,suspicious_non_sms_or_noisy_label,twitter_handle; shortened_url_web_link,weekend deals smart point storeb2g1 sunfeast dark fantasy 300grs 56 off colgate tooth paste 500gsuper sarvaottam oil 1l rs 139click bitly2w4ridz tc
38493,यहाँ किसी को है कि एक वर्ष वले है;#gt; मयोला के खुद Mrololodolowod की तरह. Ploliol है &gt; Vgt; केक साफ है लेकिन मुझे यह जानने की ज़रूरत है कि यह कितना होगा के लिए. यदि मैं इसे चालू कर सकते हैं यह कैसे हो सकता है के लिए वापस हो सकता है.,0,suspicious_non_sms_or_noisy_label,twitter_hashtag,gt    mrololodolowod   ploliol  gt vgt
38529,@512.90 purchase 100 shares,0,suspicious_non_sms_or_noisy_label,twitter_handle,51290 purchase 100 shares
38607,वहाँ गाढ़ा 2 &l;#gt; यही तुम्हारा है.,0,suspicious_non_sms_or_noisy_label,twitter_hashtag,2 lgt
39197,"THIS MOBILE NUMBER HAS GAINED THE SUM US$450,000.00 FROM MML/REF#1001, FOR DETAIL SEND YOUR NAME, ADDRESS AND NUMBER TO EMAIL MEGARESULT@USA.COM",1,suspicious_non_sms_or_noisy_label,twitter_handle; twitter_hashtag,this mobile number has gained the sum us45000000 from mmlref1001 for detail send your name address and number to email megaresultusacom
39238,Only Last 3 hours to get the Best Deals at The 4-3-2-1 DASH at shoppersstop.com Click bit.ly/SS_DASH Use code ATV31M before it expires tonight. TnC,1,suspicious_non_sms_or_noisy_label,shortened_url_web_link,only last 3 hours to get the best deals at the 4321 dash at shoppersstopcom click bitlyssdash use code atv31m before it expires tonight tnc
39262,"Hurry! Recharge Jio no 9019695140 with Rs.349 plan today on Google Pay. Enjoy 2GB/day & Unlimited 5G Data, Unlimited Voice with 28 Days validity. T&CA. https://gpay.app.goo.gl/iKubSd",1,suspicious_non_sms_or_noisy_label,shortened_url_web_link,hurry recharge jio no 9019695140 with rs349 plan today on google pay enjoy 2gbday  unlimited 5g data unlimited voice with 28 days validity tca httpsgpayappgooglikubsd
39317,"Don't risk losing 8089XXX424 ! Get FREE 14GB on recharge of Rs299, enjoy 1.5GB+500MB/day, unlimited calls for 28 days. T&C https://p.paytm.me/xCTH/airpld",1,suspicious_non_sms_or_noisy_label,shortened_url_web_link,dont risk losing 8089xxx424  get free 14gb on recharge of rs299 enjoy 15gb500mbday unlimited calls for 28 days tc httpsppaytmmexcthairpld
39370,Nice TB RT zazacky cent layer burrito from taco bell Made the whole day even better http twitpic com x vi,1,suspicious_non_sms_or_noisy_label,social_media_lingo,nice tb rt zazacky cent layer burrito from taco bell made the whole day even better http twitpic com x vi
39490,"WIN: Nous avons un gagnant! M. T. Foley a remporté un iPod! Plus de prix passionnants bientôt, alors gardez un œil sur ur mobile ou visitez www.win-82050.co.uk",1,suspicious_non_sms_or_noisy_label,shortened_url_web_link,win nous avons un gagnant m t foley a remport un ipod plus de prix passionnants bientt alors gardez un il sur ur mobile ou visitez wwwwin82050couk
39567,"पाठ82228Vgt; &gt; पृष्ठों, लोगो और खेलों को www.example.com से प्राप्त करें. प्रश्‍न: जानकारी",1,suspicious_non_sms_or_noisy_label,shortened_url_web_link,82228vgt gt      wwwexamplecom
39736,"Dear Jithu, do not miss out on New Season Launches & Latest Fashion Trends at shoppersstop.com Your Shoppers Stop special offer expires tomorrow! Click bit.ly/MissFeb Use code F10N5 & get 10% off on your purchase of min bill of Rs.2000 T&C",1,suspicious_non_sms_or_noisy_label,shortened_url_web_link,dear jithu do not miss out on new season launches  latest fashion trends at shoppersstopcom your shoppers stop special offer expires tomorrow click bitlymissfeb use code f10n5  get 10 off on your purchase of min bill of rs2000 tc
39741,HMV BONUS SPECIAL 500 pounds of genuine HMV vouchers to be won. Just answer 4 easy questions. Send HMV to 86688 More info:www.100percent-real.com,1,suspicious_non_sms_or_noisy_label,shortened_url_web_link,hmv bonus special 500 pounds of genuine hmv vouchers to be won just answer 4 easy questions send hmv to 86688 more infowww100percentrealcom
39746,Ce message est gratuit. Bienvenue dans le nouveau et amélioré Sex & Dogging club! Pour se désabonner de ce service répondez STOP. msgs@150p 18 seulement,1,suspicious_non_sms_or_noisy_label,twitter_handle,ce message est gratuit bienvenue dans le nouveau et amlior sex  dogging club pour se dsabonner de ce service rpondez stop msgs150p 18 seulement
39748,No1 Nokia tone 4 ur mob every week just txt NOKIA to 8007 Get txting and tell ur mates www.getzed.co.uk POBox 36504 W45WQ norm150p/tone 16+,1,suspicious_non_sms_or_noisy_label,shortened_url_web_link,no1 nokia tone 4 ur mob every week just txt nokia to 8007 get txting and tell ur mates wwwgetzedcouk pobox 36504 w45wq norm150ptone 16
40021,beatboxbadhabit I m easy to find on Flickr www flickr com yourdon,1,suspicious_non_sms_or_noisy_label,social_media_lingo,beatboxbadhabit i m easy to find on flickr www flickr com yourdon
40126,"नमस्कार, मोबाइल नहीं;#gt;#gt; ने आपको अपने संपर्क सूची में शामिल किया है www.ms.com पर.com यह लोगों को अधिक पूर्ण यात्रा के लिए स्वतंत्र जगह भेजने के लिए.",0,suspicious_non_sms_or_noisy_label,twitter_hashtag; shortened_url_web_link,gtgt          wwwmscom com
40194,"Yayy! We've activated FREE CLASSIC membership of Vi Movies & TV with your Vi recharge. SunNxt, ZEE5, Voot series, movies & more unlocked! Click bit.ly/Vi-mv34",1,suspicious_non_sms_or_noisy_label,shortened_url_web_link,yayy weve activated free classic membership of vi movies  tv with your vi recharge sunnxt zee5 voot series movies  more unlocked click bitlyvimv34
40431,"Women's Day Special at SMART POINT store,B1G1 Mirabelle Facial Mask,B1G1 Spinz Deo 150ml,Save Rs 30 Lakme/Maybelline Kajal 0.35g,Click bit.ly/390OBbn T&C",1,suspicious_non_sms_or_noisy_label,shortened_url_web_link,womens day special at smart point storeb1g1 mirabelle facial maskb1g1 spinz deo 150mlsave rs 30 lakmemaybelline kajal 035gclick bitly390obbn tc
40472,ronsman any chance you could snap a few pictures of scroll and put them on flickr or somewhere,0,suspicious_non_sms_or_noisy_label,social_media_lingo,ronsman any chance you could snap a few pictures of scroll and put them on flickr or somewhere
40602,eeta  (25/F) is inviting you to be her friend. Reply YES-440 or NO-440 See her: www.SMS.ac/u/nat2708198,1,suspicious_non_sms_or_noisy_label,shortened_url_web_link,eeta  25f is inviting you to be her friend reply yes440 or no440 see her wwwsmsacunat2708198
40705,Hello Your Unlimited pack MRP is expiring on2021-07-09 00:00:00.Now recharge from home with App Click http://bit.ly/GetMVA4,1,suspicious_non_sms_or_noisy_label,shortened_url_web_link,hello your unlimited pack mrp is expiring on20210709 000000now recharge from home with app click httpbitlygetmva4
40758,LAST TWO DAYS Rs.250 credited as FREE UNLIMITED Cash Points in your account to shop at UNLIMITED Fashion Store. Hurry! Click bit.ly/3mGelS6 for TnC,1,suspicious_non_sms_or_noisy_label,shortened_url_web_link,last two days rs250 credited as free unlimited cash points in your account to shop at unlimited fashion store hurry click bitly3mgels6 for tnc
40820,"Alert! Your Unlimited pack is expiring on 28/10/21. Recharge with 1)299:4GB/D+UL,28D 2)399:1.5GB/D+UL,56D 3)599:1.5GB/D+UL,84D Click bit.ly/ViRC20",1,suspicious_non_sms_or_noisy_label,shortened_url_web_link,alert your unlimited pack is expiring on 281021 recharge with 12994gbdul28d 239915gbdul56d 359915gbdul84d click bitlyvirc20
40833,Win Rs.49 Recharge Which of these organs help us to Smell? A) Nose B) Hand reply A or B now click http://bit.ly/playnwin11,1,suspicious_non_sms_or_noisy_label,shortened_url_web_link,win rs49 recharge which of these organs help us to smell a nose b hand reply a or b now click httpbitlyplaynwin11
40862,Associated Press Announces Plans for iPad Application The Associated Press today announced plans to create http bit ly cHJ AK,1,suspicious_non_sms_or_noisy_label,news_or_blog_wire,associated press announces plans for ipad application the associated press today announced plans to create http bit ly chj ak
41174,Beware of fake calls claiming that your registered mobile number will be blocked. To check/report mobile numbers in your name visit https://sancharsaathi.gov.in - Dept of Telecom,1,suspicious_non_sms_or_noisy_label,shortened_url_web_link,beware of fake calls claiming that your registered mobile number will be blocked to checkreport mobile numbers in your name visit httpssancharsaathigovin  dept of telecom
41390,आपको उखाड़ दिया जा रहा है! www.cblibe.com से अपना मोबाइल सामग्री प्राप्त करें 0871790 पॉली/Pixy/Powiks/Gows/Goles केवल 3 के लिए छह डाउनलोड किया जा रहा है,1,suspicious_non_sms_or_noisy_label,shortened_url_web_link,wwwcblibecom       0871790 pixypowiksgowsgoles  3
41408,"Thank you for being a valued STYLE UNION customer. Hope you are happy with your purchase. To view your E-Receipt, Click http://bl1.in/DRcphrbvaa STYLUN",1,suspicious_non_sms_or_noisy_label,shortened_url_web_link,thank you for being a valued style union customer hope you are happy with your purchase to view your ereceipt click httpbl1indrcphrbvaa stylun
41635,My body always feels so good after Yoga I have to make a better effort to do it more often,1,suspicious_non_sms_or_noisy_label,conversational_mislabeled_as_spam (feels so good after),my body always feels so good after yoga i have to make a better effort to do it more often
41697,BIGGEST OFFERS@VISHAL 25-26Sep TataTea Rs140OFF Biscuits Buy2Get1 Tide5kg Rs115OFF Electric Kettle Rs499 SpinMop 549 + FREE GIFT on Rs1000,1,suspicious_non_sms_or_noisy_label,twitter_handle,biggest offersvishal 2526sep tatatea rs140off biscuits buy2get1 tide5kg rs115off electric kettle rs499 spinmop 549  free gift on rs1000
41824,"Nationwide has noticed your debit card was recently used on 23-05-2012 11:04:43, at APPLE ONLINE STORE for 1920.00 GBP If not you please urgently call fraud prevention on 03303800233 or Intl +443303800231. Do not reply by SMS http://www.nationwide.co.uk/",1,suspicious_non_sms_or_noisy_label,shortened_url_web_link,nationwide has noticed your debit card was recently used on 23052012 110443 at apple online store for 192000 gbp if not you please urgently call fraud prevention on 03303800233 or intl 443303800231 do not reply by sms httpwwwnationwidecouk
41978,Look what your Insider points can do! Convert your 449 points into a Rs.150 Myntra voucher Claim this & shop now @ Clearance Sale http://smsd.in/ZLxQwnmx,1,suspicious_non_sms_or_noisy_label,shortened_url_web_link,look what your insider points can do convert your 449 points into a rs150 myntra voucher claim this  shop now  clearance sale httpsmsdinzlxqwnmx
42122,"एक पाउंड के लिए मौका के लिए हर WkXT: 80608 तक वितरण. T'TC www.moviviva. Tuviviva 0404050, 1x1/wk/wk/wk/wk.",1,suspicious_non_sms_or_noisy_label,shortened_url_web_link,wkxt 80608   ttc wwwmoviviva tuviviva 0404050 1x1wkwkwkwk
42318,"Dear Customer, Sell your car at a great price   Get instant payment & free RC transfer   Call: 9999844169 Or Click: bit.ly/3JNjN2i -CARS24",1,suspicious_non_sms_or_noisy_label,shortened_url_web_link,dear customer sell your car at a great price   get instant payment  free rc transfer   call 9999844169 or click bitly3jnjn2i cars24
42603,Rs.250 credited as unconditional FREE UNLIMITED Cash Points in your account to shop at UNLIMITED Fashion Store.Valid till 21st Mar 2021. TnC: bit.ly/3eNrGpI,1,suspicious_non_sms_or_noisy_label,shortened_url_web_link,rs250 credited as unconditional free unlimited cash points in your account to shop at unlimited fashion storevalid till 21st mar 2021 tnc bitly3enrgpi
42650,"Obtenez 3 Lions England ton, répondre lionm 4 mono ou lionp 4 poly. 4 plus go 2 www.ringtones.co.uk, le meilleur n original. Tones 3GBP tarifs d'opérateur de réseau s'appliquent.",1,suspicious_non_sms_or_noisy_label,shortened_url_web_link,obtenez 3 lions england ton rpondre lionm 4 mono ou lionp 4 poly 4 plus go 2 wwwringtonescouk le meilleur n original tones 3gbp tarifs doprateur de rseau sappliquent
42782,a penkala me favoritou no flickr que chik,0,suspicious_non_sms_or_noisy_label,social_media_lingo,a penkala me favoritou no flickr que chik
42803,CDs 4u: Herzlichen Glückwunsch ur vergeben £500 von CD-Geschenkgutscheinen oder £125 Geschenkgarantie & Freier Eintritt 2 £100 wkly ziehen xt MUSIC auf 87066 TnCs www.ldew.com1win150ppmx3age16,1,suspicious_non_sms_or_noisy_label,shortened_url_web_link,cds 4u herzlichen glckwunsch ur vergeben 500 von cdgeschenkgutscheinen oder 125 geschenkgarantie  freier eintritt 2 100 wkly ziehen xt music auf 87066 tncs wwwldewcom1win150ppmx3age16
42966,Getting ready to eat dinner with the family after reading a bit of the Jack Rabbit Factor Great book http click here info i,1,suspicious_non_sms_or_noisy_label,conversational_mislabeled_as_spam (dinner with),getting ready to eat dinner with the family after reading a bit of the jack rabbit factor great book http click here info i
42992,New photos uploaded to flickr http www flickr com groups gaenserndorf,1,suspicious_non_sms_or_noisy_label,social_media_lingo,new photos uploaded to flickr http www flickr com groups gaenserndorf
43186,i can t believe I m following the tech unc game on espn gamecast,0,suspicious_non_sms_or_noisy_label,social_media_lingo,i can t believe i m following the tech unc game on espn gamecast
43234,"Big Dunzo offer for you: get 10% OFF on your 4 orders! Get groceries, fruits, veggies, & meat delivered home in <45 mins. Click: http://bit.ly/DunzoApp",1,suspicious_non_sms_or_noisy_label,shortened_url_web_link,big dunzo offer for you get 10 off on your 4 orders get groceries fruits veggies  meat delivered home in 45 mins click httpbitlydunzoapp
43429,cu de hoje na capela do Belm Velho Ainda em POA RS acredite se quiser http www flickr com photos laurastorch,0,suspicious_non_sms_or_noisy_label,social_media_lingo,cu de hoje na capela do belm velho ainda em poa rs acredite se quiser http www flickr com photos laurastorch
43497,"Dear User, Vistor Id - 7538XXX. Loan Application is ready to be Processed for Rs.2,50,000. Direct Transfer to Bank A/C. Click - http://gmg.im/bgzjS5 Fast Loans",1,suspicious_non_sms_or_noisy_label,shortened_url_web_link,dear user vistor id  7538xxx loan application is ready to be processed for rs250000 direct transfer to bank ac click  httpgmgimbgzjs5 fast loans
43509,MonteCarloSS k thanks birthday wishes are always nice to get early on time or late,1,suspicious_non_sms_or_noisy_label,conversational_mislabeled_as_spam (birthday wishes),montecarloss k thanks birthday wishes are always nice to get early on time or late
43946,"Update Message to User,Log on to Verity your login and choose your Existing Questions and Answers correctly Click http://tdbankmobile.cleanbeautytalk.c om/tdmobile Internet support team.",1,suspicious_non_sms_or_noisy_label,shortened_url_web_link,update message to userlog on to verity your login and choose your existing questions and answers correctly click httptdbankmobilecleanbeautytalkc omtdmobile internet support team
43989,के रूप में;#gt; एक ही सवाल,0,suspicious_non_sms_or_noisy_label,twitter_hashtag,gt
44004,Some favorites FF HillaryRubin FreySearch soultravelers staciekrueger mvellandi Hammarstrand svartling consciousone Virtual Yoga,1,suspicious_non_sms_or_noisy_label,conversational_mislabeled_as_spam (Yoga),some favorites ff hillaryrubin freysearch soultravelers staciekrueger mvellandi hammarstrand svartling consciousone virtual yoga
44063,"Wednesday Bonus@JioMart,Bangalore!Onion Rs 27/Kg,Apple Simla Rs 139/Kg,Cucumber Rs 19/Kg,Also at SMART &SMART Point store bit.ly/385FTKd 25Aug,TC",1,suspicious_non_sms_or_noisy_label,twitter_handle; shortened_url_web_link,wednesday bonusjiomartbangaloreonion rs 27kgapple simla rs 139kgcucumber rs 19kgalso at smart smart point store bitly385ftkd 25augtc
44215,"Your Number has won 365,000 pounds and two mobile phones in the ongoing COCACOLA/UK PROMO. Contact MR. Billy: cocacolaclaimsoffice@yahoo.com +447014233755",1,suspicious_non_sms_or_noisy_label,twitter_handle,your number has won 365000 pounds and two mobile phones in the ongoing cocacolauk promo contact mr billy cocacolaclaimsofficeyahoocom 447014233755
44219,"Alert! Your Unlimited pack is expiring on 25/11/21 Recharge with 1)299:4GB/D+UL,28D 2)449:4GB/D+UL,56D 3)699:4GB/D+UL,84D Click bit.ly/ViRC20",1,suspicious_non_sms_or_noisy_label,shortened_url_web_link,alert your unlimited pack is expiring on 251121 recharge with 12994gbdul28d 24494gbdul56d 36994gbdul84d click bitlyvirc20
44238,आपका खाता RRAL &lgt; DECILYELANgt; आपका खाता शेष राशि Rslt &tgt; EDIMgt;. आपका लेन- देन आईडी KRlllt है &gt;# wgt;#gt;,0,suspicious_non_sms_or_noisy_label,twitter_hashtag,rral lgt decilyelangt     rslt tgt edimgt     krlllt  gt wgtgt
44352,Smiff Thanks for that Been looking for a second place to back my Flickr pictures,0,suspicious_non_sms_or_noisy_label,social_media_lingo,smiff thanks for that been looking for a second place to back my flickr pictures
44563,"Text82228>> Erhalten Sie mehr Klingeltöne, Logos und Spiele von www.txt82228.com. Fragen: info@txt82228.co.uk",1,suspicious_non_sms_or_noisy_label,twitter_handle; shortened_url_web_link,text82228 erhalten sie mehr klingeltne logos und spiele von wwwtxt82228com fragen infotxt82228couk
44612,"Dear Voucher Holder, 2 claim this weeks offer, at your PC go to http://www.e-tlp.co.uk/expressoffer Ts&Cs app",1,suspicious_non_sms_or_noisy_label,shortened_url_web_link,dear voucher holder 2 claim this weeks offer at your pc go to httpwwwetlpcoukexpressoffer tscs app
44652,"Binge all night on Vi, without limits. Surf, Stream, Share non-stop from 12am to 6am, within same pack at NO extra cost! For details,click bit.ly/GetViApp",1,suspicious_non_sms_or_noisy_label,shortened_url_web_link,binge all night on vi without limits surf stream share nonstop from 12am to 6am within same pack at no extra cost for detailsclick bitlygetviapp
44834,"SMS DIENSTLEISTUNGEN. für Ihre inklusiven Textgutschriften, pls goto www.comuk.net login= ***** abmelden mit STOP. keine zusätzliche Gebühr. Hilfe:08700469649. PO BOX420. IP4 5WE",1,suspicious_non_sms_or_noisy_label,shortened_url_web_link,sms dienstleistungen fr ihre inklusiven textgutschriften pls goto wwwcomuknet login  abmelden mit stop keine zustzliche gebhr hilfe08700469649 po box420 ip4 5we
44872,"LAST CHANCE to get 18+OTTs free! #GrabTheLoOTT now. Participate and Unlock your EXCLUSIVE DEAL with Xstream Entertainment festival. To know more, visit Airtel Thanks App, Tnc apply https://open.airtelxstream.in/e/XEF-SMS",1,suspicious_non_sms_or_noisy_label,twitter_hashtag; shortened_url_web_link,last chance to get 18otts free grabtheloott now participate and unlock your exclusive deal with xstream entertainment festival to know more visit airtel thanks app tnc apply httpsopenairtelxstreaminexefsms
44891,मैं $dlt;#gt; मैं कुछ और बाद में मिल सकता है हालांकि. आप जो कुछ भी महसूस करते हैं जाओ,0,suspicious_non_sms_or_noisy_label,twitter_hashtag,dltgt
44961,"Your iPhone ID is due to expire today, Please tap https://is.gd/AppVerify to update and prevent loss of services and Apps.",1,suspicious_non_sms_or_noisy_label,shortened_url_web_link,your iphone id is due to expire today please tap httpsisgdappverify to update and prevent loss of services and apps
45152,"Athmave Poo is now on Wynk Music App. Don't miss out on Ad-free HD music with over 15 Mn songs, unlimited hellotunes & downloads with your Wynk Premium Subscription. Download today https://open.wynk.in/Inactive",1,suspicious_non_sms_or_noisy_label,shortened_url_web_link,athmave poo is now on wynk music app dont miss out on adfree hd music with over 15 mn songs unlimited hellotunes  downloads with your wynk premium subscription download today httpsopenwynkininactive
45153,"As part of National Cyber Security Awareness Month ( October 2021), CERT-In Gol advises you to keep your digital devices bot free. Get free bot removal tool at https://www.csk.gov.in/",1,suspicious_non_sms_or_noisy_label,shortened_url_web_link,as part of national cyber security awareness month  october 2021 certin gol advises you to keep your digital devices bot free get free bot removal tool at httpswwwcskgovin
45219,इसकी एक बड़ी भिन्नता. &gt;# &gt; अन्यथा &gt;##gt; हर 19वें;# wgt;# wgt; yer,0,suspicious_non_sms_or_noisy_label,twitter_hashtag,gt gt  gtgt  19 wgt wgt yer
45261,NON-STOP INTERNET and DOWNLOADING with Pocket Internet. Dial *234*2900# and get Games at a special price of Rs.3 everyday. Click and play: http://goo.gl/iRrIJ,1,suspicious_non_sms_or_noisy_label,shortened_url_web_link,nonstop internet and downloading with pocket internet dial 2342900 and get games at a special price of rs3 everyday click and play httpgooglirrij
45266,Get Lifetime FREE Card + 5% Unlimited Cashback with Flipkart Axis Bank Credit Card. Hurry! Limited Period Offer. Apply Now: http://fkrt.it/UZaKXzuuuN,1,suspicious_non_sms_or_noisy_label,shortened_url_web_link,get lifetime free card  5 unlimited cashback with flipkart axis bank credit card hurry limited period offer apply now httpfkrtituzakxzuuun
45275,Steal the deal OFFER ! Apply for Pre-Qualified Flipkart Axis Bank Credit Card & Get 5% unlimited Cashback + Rs.1000* Gift Card. http://fkrt.it/!zwFQJNNNN,1,suspicious_non_sms_or_noisy_label,shortened_url_web_link,steal the deal offer  apply for prequalified flipkart axis bank credit card  get 5 unlimited cashback  rs1000 gift card httpfkrtitzwfqjnnnn
45376,India Photo Blog Red Ant Flickr http goo gl fb u CL kerala ants tattamangalam,1,suspicious_non_sms_or_noisy_label,social_media_lingo,india photo blog red ant flickr http goo gl fb u cl kerala ants tattamangalam
45491,"FLAT 50% OFF on International Brands @ Lifestyle's Biggest Sale! Exciting offers on top brands Menswear - Levi's, Benetton, Pepe Jeans, Van Heusen, Jack & Jones Footwear - Skechers, Puma, US POLO, Adidas Watches & Perfumes - Titan, Fossil, Boss, Tommy Hilfiger & more. T&C. Shop Now - bit.ly/4eyeOjQ",1,suspicious_non_sms_or_noisy_label,shortened_url_web_link,flat 50 off on international brands  lifestyles biggest sale exciting offers on top brands menswear  levis benetton pepe jeans van heusen jack  jones footwear  skechers puma us polo adidas watches  perfumes  titan fossil boss tommy hilfiger  more tc shop now  bitly4eyeojq
45677,सन्‌ 1808666 तक दी गयी इस बात को पुख्ता करने के लिए www.watchtower. kgma. kgm,1,suspicious_non_sms_or_noisy_label,shortened_url_web_link,1808666           wwwwatchtower kgma kgm
45815,रुको। &lgt;#gt; मि.:),0,suspicious_non_sms_or_noisy_label,twitter_hashtag,lgtgt
45897,"Recharge with UL Daily Data pack and get upto Rs60 Cashback. Click bit.ly/ViRC20 1)299:5GB+4GB/D+UL,28D 2)699:4GB/D+UL,84D",1,suspicious_non_sms_or_noisy_label,shortened_url_web_link,recharge with ul daily data pack and get upto rs60 cashback click bitlyvirc20 12995gb4gbdul28d 26994gbdul84d
45934,copperhead island and trash dumped illegally http www flickr com photos dailypiglet sets,0,suspicious_non_sms_or_noisy_label,social_media_lingo,copperhead island and trash dumped illegally http www flickr com photos dailypiglet sets
46123,WICHTIGE INFORMATIONEN 4 ORANGE ANGE NUTZER 0796XXXXXX. HEUTE IST UR LUCKY TAG!2 FINDEN WARUM LOG ONTO http://www.urawinner.com THERE is A FANTASTIC PRIZEAWATING YOU!,1,suspicious_non_sms_or_noisy_label,shortened_url_web_link,wichtige informationen 4 orange ange nutzer 0796xxxxxx heute ist ur lucky tag2 finden warum log onto httpwwwurawinnercom there is a fantastic prizeawating you
46215,"Wednesday Bonus at SMART Point Store,Bangalore! Potato Rs 23/Kg,Sweet Corn Rs 12/Pc,Papaya Rs 23/Kg,valid on 6 Oct,Click bit.ly/35YAofl T&C",1,suspicious_non_sms_or_noisy_label,shortened_url_web_link,wednesday bonus at smart point storebangalore potato rs 23kgsweet corn rs 12pcpapaya rs 23kgvalid on 6 octclick bitly35yaofl tc
46239,We know you'll love this offer! Up To 80% + Extra 20% Off on beauty & personal care Only @ Beauty Blowout Sale | Code: BEAUTYFIRST15 http://smsd.in/bsWOBLkRn,1,suspicious_non_sms_or_noisy_label,shortened_url_web_link,we know youll love this offer up to 80  extra 20 off on beauty  personal care only  beauty blowout sale  code beautyfirst15 httpsmsdinbswoblkrn
46330,HerdianaZoNe Hi right back at you How you doing,1,suspicious_non_sms_or_noisy_label,conversational_mislabeled_as_spam (How you doing),herdianazone hi right back at you how you doing
46517,"Votre compte a été crédité de 500 messages texte GRATUIT. Pour activer, juste txt le mot: CREDIT au n°: 80488 T&Cs www.80488.biz",1,suspicious_non_sms_or_noisy_label,shortened_url_web_link,votre compte a t crdit de 500 messages texte gratuit pour activer juste txt le mot credit au n 80488 tcs www80488biz
46564,Get up to 5 Lakhs credit at 0% interest. Apply for Dhani One Freedom card now http://1kx.in/rLlTJJ,1,suspicious_non_sms_or_noisy_label,shortened_url_web_link,get up to 5 lakhs credit at 0 interest apply for dhani one freedom card now http1kxinrlltjj
46574,आपका B4UPRU प्रमाणक W/c 27/03 है स्टीव एस. www.B4Ue.com क्रेडिट के लिए लॉग के लिए www.B4Ue.com. com को रोकने के लिए,1,suspicious_non_sms_or_noisy_label,shortened_url_web_link,b4upru  wc 2703    wwwb4uecom       wwwb4uecom com
46602,"Congratulations! Airtel has launched its new store near you. Please walk in to explore our products postpaid and prepaid services, Mobile Internet Services, devices, Airtel money, DTH and more. To get exact location, click https://www.airtel.in/store/",1,suspicious_non_sms_or_noisy_label,shortened_url_web_link,congratulations airtel has launched its new store near you please walk in to explore our products postpaid and prepaid services mobile internet services devices airtel money dth and more to get exact location click httpswwwairtelinstore
46723,सोने का Gaving (9/M) आपको उसका दोस्त बनने के लिए आमंत्रित किया जा रहा है. YEEEEES2 या NEN-62 देखें: www.S.S/gudving बंद? FRND को 624 तक भेजें.,1,suspicious_non_sms_or_noisy_label,shortened_url_web_link,gaving 9m            yeeeees2  nen62  wwwssgudving  frnd  624
46728,Congratulations ur awarded either £500 of CD gift vouchers & Free entry 2 our £100 weekly draw txt MUSIC to 87066 TnCs www.Ldew.com,1,suspicious_non_sms_or_noisy_label,shortened_url_web_link,congratulations ur awarded either 500 of cd gift vouchers  free entry 2 our 100 weekly draw txt music to 87066 tncs wwwldewcom
46815,Sind Sie einzigartig genug? Erfahren Sie vom 30. August. www.areyounique.co.uk,1,suspicious_non_sms_or_noisy_label,shortened_url_web_link,sind sie einzigartig genug erfahren sie vom 30 august wwwareyouniquecouk
46835,Heading to Picture people to get some family pics to give away as Christmas presents and then off to dinner with fam have a great weekend,1,suspicious_non_sms_or_noisy_label,conversational_mislabeled_as_spam (dinner with),heading to picture people to get some family pics to give away as christmas presents and then off to dinner with fam have a great weekend
46937,Eckavolts http www flickr com photos youarereality,0,suspicious_non_sms_or_noisy_label,social_media_lingo,eckavolts http www flickr com photos youarereality
47283,Late Night Bell Run Beefy Layer Burrito Seasoned beef melty cheese hidden layer of nacho cheese sauce http twitpic com x vi,1,suspicious_non_sms_or_noisy_label,social_media_lingo,late night bell run beefy layer burrito seasoned beef melty cheese hidden layer of nacho cheese sauce http twitpic com x vi
47295,India Photo Blog Red Ants Flickr http goo gl fb V cpB kerala tattamangalam,1,suspicious_non_sms_or_noisy_label,social_media_lingo,india photo blog red ants flickr http goo gl fb v cpb kerala tattamangalam
47364,"बधाई या तो सीडी उपहार के $५०० पाउंड दिए गए हैं...... मुक्त प्रविष्टि २,००,००,००० प्रति घंटा संगीत 8706 www.ldz.com1 ldv1 16",1,suspicious_non_sms_or_noisy_label,shortened_url_web_link,8706 wwwldzcom1 ldv1 16
47606,"Cher titulaire du bon, deux demandes d'offre de cette semaine, à votre PC aller à http://www.e-tlp.co.uk/expressoffer Ts&Cs s'appliquent.2 arrêter les textes txt STOP à 80062.",1,suspicious_non_sms_or_noisy_label,shortened_url_web_link,cher titulaire du bon deux demandes doffre de cette semaine  votre pc aller  httpwwwetlpcoukexpressoffer tscs sappliquent2 arrter les textes txt stop  80062
47771,flickr Feira das Colheitas ruigato postou uma foto Foto pelo Prof Jos Cerca http ow ly Y Yi,0,suspicious_non_sms_or_noisy_label,social_media_lingo,flickr feira das colheitas ruigato postou uma foto foto pelo prof jos cerca http ow ly y yi
47840,#GameOn with Airtel Xstream Fiber! Enjoy up to 1 Gbps WiFi speed for all your needs. Plans starting at just Rs 499! i.airtel.in/Exclusiveoffer,1,suspicious_non_sms_or_noisy_label,twitter_hashtag,gameon with airtel xstream fiber enjoy up to 1 gbps wifi speed for all your needs plans starting at just rs 499 iairtelinexclusiveoffer
47874,"Bestival Sales@SMART Point Store,BA1GA1 Snactac/Bikaji Gulab Jamun/ Rasgulla 1Kg,B2G1 Cadbury Dairy Milk Home Pk 126g,30%OFF Tide PWDR,Click bit.ly/2VxhKY9 TC",1,suspicious_non_sms_or_noisy_label,twitter_handle; shortened_url_web_link,bestival salessmart point storeba1ga1 snactacbikaji gulab jamun rasgulla 1kgb2g1 cadbury dairy milk home pk 126g30off tide pwdrclick bitly2vxhky9 tc
48081,flickr Numofreita Homenagem a lvaro Figueiredo ruigato postou uma foto Associao de Motoristas da Serra http ow ly YMYX,0,suspicious_non_sms_or_noisy_label,social_media_lingo,flickr numofreita homenagem a lvaro figueiredo ruigato postou uma foto associao de motoristas da serra http ow ly ymyx
48164,Just uploaded a picture to Flickr called Whiskey Divine Googled it see if it meant something and it s already indexed second position,0,suspicious_non_sms_or_noisy_label,social_media_lingo,just uploaded a picture to flickr called whiskey divine googled it see if it meant something and it s already indexed second position
48360,Free Data time on Vi. All surfing & browsing between 12midnight & 6am on your pack is FREE. Enjoy Data non-stop!Dial *199# or click bit.ly/GetViApp for details,1,suspicious_non_sms_or_noisy_label,shortened_url_web_link,free data time on vi all surfing  browsing between 12midnight  6am on your pack is free enjoy data nonstopdial 199 or click bitlygetviapp for details
48517,Warner Village 83118 C Colin Farrell in SWAT this wkend @Warner Village & get 1 free med. Popcorn!Il suffit de montrer msg+ticket@kiosk.Valid 4-7/12. C t&c @kiosk. Répondre SONY 4 mre film offers,1,suspicious_non_sms_or_noisy_label,twitter_handle,warner village 83118 c colin farrell in swat this wkend warner village  get 1 free med popcornil suffit de montrer msgticketkioskvalid 4712 c tc kiosk rpondre sony 4 mre film offers
48571,"Hello Vi customer Unlock your coupon now! Exclusive deals and offers available only for Vi customers, to explore more simply click https://viapp.onelink.me/bSC3/efc3d0ba",1,suspicious_non_sms_or_noisy_label,shortened_url_web_link,hello vi customer unlock your coupon now exclusive deals and offers available only for vi customers to explore more simply click httpsviapponelinkmebsc3efc3d0ba
48623,We regret to inform you that your NAB card is now locked. To unlock please update security details at http://www.nabmobile,1,suspicious_non_sms_or_noisy_label,shortened_url_web_link,we regret to inform you that your nab card is now locked to unlock please update security details at httpwwwnabmobile
48643,"""Welcome to Airtel! To complete your activation journey & start voice and data services, download & register on Airtel Thanks app NOW. Also avail exciting offers and rewards. If you already have Airtel Thanks app on your phone, add your new number in the App in """"Manage Account/Add New Account"""" section. Download NOW: https://airtel.in/5/""",1,suspicious_non_sms_or_noisy_label,shortened_url_web_link,welcome to airtel to complete your activation journey  start voice and data services download  register on airtel thanks app now also avail exciting offers and rewards if you already have airtel thanks app on your phone add your new number in the app in manage accountadd new account section download now httpsairtelin5
48712,"""TVERGENT! आप एक 1 सप्ताह की सदस्यता जीत लिया है हमारे पाउंड Bapapagagaagaagagh! : """"नहीं: 81010 टी www.net LC.net LELLOLOLOLOLOLOBOBOOOOOOOLOLOLOLOLOLOLOLOOOOOOLOLORARARARARARORIORIORARARARORIORIORIOIOILOILO""",1,suspicious_non_sms_or_noisy_label,shortened_url_web_link,tvergent   1         bapapagagaagaagagh   81010  wwwnet lcnet lellolololololobobooooooololololololololoooooololorarararararorioriorarararorioriorioioiloilo
48786,हम Tlt;#gt; बस में शामिल होंगे,0,suspicious_non_sms_or_noisy_label,twitter_hashtag,tltgt
49026,"राजकुमारी, मैं प्यार &l;#gt; कभी रात को. आशा है कि एक समस्या नहीं है!",0,suspicious_non_sms_or_noisy_label,twitter_hashtag,lgt
49129,"Update! Dear User, your application is pending. Click now http://m.BajFin.in/LvZEqKIg to complete & get Insta EMI Card. Bajaj Finance Ltd",1,suspicious_non_sms_or_noisy_label,shortened_url_web_link,update dear user your application is pending click now httpmbajfininlvzeqkig to complete  get insta emi card bajaj finance ltd
49141,For ur chance to win a £250 cash every wk TXT: ACTION to 80608. www.movietrivia.tv custcare 08712405022,1,suspicious_non_sms_or_noisy_label,shortened_url_web_link,for ur chance to win a 250 cash every wk txt action to 80608 wwwmovietriviatv custcare 08712405022
49170,अपने नाम और पता के साथ जवाब दें और आप निश्चित रूप से कई विश्‍व स्थान www.sp1.p1 पर एक सप्ताह के साथ पूरी तरह से स्वतंत्र रहने वाले होंगे ।,1,suspicious_non_sms_or_noisy_label,shortened_url_web_link,wwwsp1p1
49404,Delivered: Your Flipkart Supermart order OD126188418307534000 was delivered today. Click to give feedback: http://fkrt.it/!wmzRENNNN Ekart,1,suspicious_non_sms_or_noisy_label,shortened_url_web_link,delivered your flipkart supermart order od126188418307534000 was delivered today click to give feedback httpfkrtitwmzrennnn ekart
49543,"Congratulations! Your, Rs.719.0 recharge offers you FREE 83 DAYS of access to live sports, blockbusters hits like Naalaam Mura, Aanandam Paramanandam, Shefeekkinte Santhosham.Stream now. https://open.airtelxstream.in/WCF719ii",1,suspicious_non_sms_or_noisy_label,shortened_url_web_link,congratulations your rs7190 recharge offers you free 83 days of access to live sports blockbusters hits like naalaam mura aanandam paramanandam shefeekkinte santhoshamstream now httpsopenairtelxstreaminwcf719ii
49548,Hey tweeples anyone know anything about TEFL programs in China,0,suspicious_non_sms_or_noisy_label,social_media_lingo,hey tweeples anyone know anything about tefl programs in china
49551,Félicitations pour avoir reçu une offre de CD de Virgin Records ou un Mystery Gift GARANTIED Appeler 09061104283 Ts&Cs www.smsco.net £1.50pm environ 3mins,1,suspicious_non_sms_or_noisy_label,shortened_url_web_link,flicitations pour avoir reu une offre de cd de virgin records ou un mystery gift garantied appeler 09061104283 tscs wwwsmsconet 150pm environ 3mins
49595,"Dads are superheroes who don't wear capes. This Father's Day gift your superhero a super gift from Shoppers Stop. Click shsp.in to choose from the latest collection of Mens Wear, Watches, Wallets, Fragrances and more. Click bit.ly/DnSSApp to download our app. T&C",1,suspicious_non_sms_or_noisy_label,shortened_url_web_link,dads are superheroes who dont wear capes this fathers day gift your superhero a super gift from shoppers stop click shspin to choose from the latest collection of mens wear watches wallets fragrances and more click bitlydnssapp to download our app tc
49631,"क्लब के साथ Nki-Gobe खेल डेक रखने के लिए, 2 www.cue.com/Newtates.com/ नए जवाब से स्वीकार करें शब्द बाहर जाने के लिए स्वीकार करें.",1,suspicious_non_sms_or_noisy_label,shortened_url_web_link,nkigobe      2 wwwcuecomnewtatescom
49647,"Shoppers Stop Block Friday SALE is LIVE from 24-29 Nov! Get UPTO 40% OFF on BEAUTY must haves. Visit your nearest store or click bit.ly/SSbtyBF Also get upto 10% discount on RUPAY cards at store, for details- bit.ly/SStcRpy T&C",1,suspicious_non_sms_or_noisy_label,shortened_url_web_link,shoppers stop block friday sale is live from 2429 nov get upto 40 off on beauty must haves visit your nearest store or click bitlyssbtybf also get upto 10 discount on rupay cards at store for details bitlysstcrpy tc
49656,"Nationwide has noticed your debit card was recently used on 25-10-2015 13.04.43, at APPLE ONLINE STORE for 1976.00 GBP. If not you please urgently call fraud preventaion on 03303800232 or intl +443303800231. Do not reply by SMS http://www.Nationwide.co.uk/",1,suspicious_non_sms_or_noisy_label,shortened_url_web_link,nationwide has noticed your debit card was recently used on 25102015 130443 at apple online store for 197600 gbp if not you please urgently call fraud preventaion on 03303800232 or intl 443303800231 do not reply by sms httpwwwnationwidecouk
49722,"Willst du 2 heute Nacht flachgelegt werden? Willst du echte Dogging-Standorte direkt 2 ur Mob? Schließe dich dem größten Dogging-Netzwerk Großbritanniens an, indem du MOAN auf 69888Nyt txting. ec2a. 31p.msg@150p",1,suspicious_non_sms_or_noisy_label,twitter_handle,willst du 2 heute nacht flachgelegt werden willst du echte doggingstandorte direkt 2 ur mob schliee dich dem grten doggingnetzwerk grobritanniens an indem du moan auf 69888nyt txting ec2a 31pmsg150p
49744,लारा ने कहा कि वह मुझे उधार दे सकता है (vetd;#gt; ).,0,suspicious_non_sms_or_noisy_label,twitter_hashtag,vetdgt
49755,Google buys over Flickr photo editing website Picnik com http techcrunch com google buys up online photo editing site picnik,1,suspicious_non_sms_or_noisy_label,social_media_lingo,google buys over flickr photo editing website picnik com http techcrunch com google buys up online photo editing site picnik
49919,"okmail: Cher Dave, voici votre dernier avis pour récupérer votre prix 4* Tenerife Holiday ou #5000 CASH! Appelez le 09061743806 de la ligne fixe. TCs SAE Box326 CW25WX 150ppm",1,suspicious_non_sms_or_noisy_label,twitter_hashtag,okmail cher dave voici votre dernier avis pour rcuprer votre prix 4 tenerife holiday ou 5000 cash appelez le 09061743806 de la ligne fixe tcs sae box326 cw25wx 150ppm
50010,"500 New Mobiles from 2004, MUST GO! Txt: NOKIA to No: 89545 & collect yours today!From ONLY å£1 www.4-tc.biz 2optout 087187262701.50gbp/mtmsg18",1,suspicious_non_sms_or_noisy_label,shortened_url_web_link,500 new mobiles from 2004 must go txt nokia to no 89545  collect yours todayfrom only 1 www4tcbiz 2optout 08718726270150gbpmtmsg18
50181,"Celebrate the stories you love on Disney+ Day. Watch Jungle Cruise, Shang-Chi, Special Ops 1.5 and many more, streaming NOW on Disney+ Hotstar. Get 1 year Disney+ Hotstar mobile subscription with Vi''s 501 / 701 / 901 recharges. For details click bit.ly/ViHotstar12",1,suspicious_non_sms_or_noisy_label,shortened_url_web_link,celebrate the stories you love on disney day watch jungle cruise shangchi special ops 15 and many more streaming now on disney hotstar get 1 year disney hotstar mobile subscription with vis 501  701  901 recharges for details click bitlyvihotstar12
50272,"क्षमा प्रकाश हरा बदल गया, मैं एक और दोस्त चाहता था &l;#gt; मूल्य के रूप में लेकिन वह चारों ओर नहीं हो सकता है",0,suspicious_non_sms_or_noisy_label,twitter_hashtag,lgt
50443,"FREE Rewards waiting! Get SunNxt movies,ZEE5, Voot Select shows, LaLiga football matches on MTV, 450+ TV channels & more on Vi Movies & TV!Click bit.ly/Vi-mv34",1,suspicious_non_sms_or_noisy_label,shortened_url_web_link,free rewards waiting get sunnxt movieszee5 voot select shows laliga football matches on mtv 450 tv channels  more on vi movies  tvclick bitlyvimv34
50527,मुझे लाइन पर जागो;#gt; मैं सुबह:),0,suspicious_non_sms_or_noisy_label,twitter_hashtag,gt
50581,ho creato un gruppo su flickr per condividere le foto del circolo PD Balduina www flickr com groups pdbalduina,0,suspicious_non_sms_or_noisy_label,social_media_lingo,ho creato un gruppo su flickr per condividere le foto del circolo pd balduina www flickr com groups pdbalduina
50648,"Data Alert! 83.59MB left on Data pack, post which std. charges apply or lower speeds as per plan. Click bit.ly/ViDataRC or dial *121# to buy a Data pack.",1,suspicious_non_sms_or_noisy_label,shortened_url_web_link,data alert 8359mb left on data pack post which std charges apply or lower speeds as per plan click bitlyvidatarc or dial 121 to buy a data pack
50749,गंदगी सूट में इस बीच: xवियर ने हमें &l;##gt; चेतावनी की सेकण्डों कि Cartha आ रहा था और उसे या कुछ गंदगी को प्रभावित करने के लिए जा रहा है खेल रहा है। और मुझे एहसास नहीं है कि मैं यहाँ नहीं रहता हूँ अब मैं यहाँ रहते हैं।,0,suspicious_non_sms_or_noisy_label,twitter_hashtag,x   lgt     cartha
50758,"Dear we can offer you to work online & earn 8000-20000/day according to your performance, no time limit, contact: https://wa.me/919678462191 BBKUMR",1,suspicious_non_sms_or_noisy_label,shortened_url_web_link,dear we can offer you to work online  earn 800020000day according to your performance no time limit contact httpswame919678462191 bbkumr
50760,Come back to your favorite Vedix Haircare and enjoy healthy hair! Click here https://vedix.in/3l33poYZ2-d35s to order,1,suspicious_non_sms_or_noisy_label,shortened_url_web_link,come back to your favorite vedix haircare and enjoy healthy hair click here httpsvedixin3l33poyz2d35s to order
50889,marybabysteps I ve been using My Fitness Coach for the Wii I love it especially the yoga,1,suspicious_non_sms_or_noisy_label,conversational_mislabeled_as_spam (yoga),marybabysteps i ve been using my fitness coach for the wii i love it especially the yoga
50982,Last Day to move First Forward this weekend on shoppersstop.com Click bit.ly/FF_Mwtc Shop Watches & Earn 10x Reward points+Bonus points bit.ly/BRP421 T&C,1,suspicious_non_sms_or_noisy_label,shortened_url_web_link,last day to move first forward this weekend on shoppersstopcom click bitlyffmwtc shop watches  earn 10x reward pointsbonus points bitlybrp421 tc
50994,fans de sport - obtenez les dernières nouvelles sportives str* 2 ur mobile 1 wk GRATUIT PLUS un TONE Txt SPORT ON à 8007 www.getzed.co.uk 0870141701216+ norme 4txt/120p,1,suspicious_non_sms_or_noisy_label,shortened_url_web_link,fans de sport  obtenez les dernires nouvelles sportives str 2 ur mobile 1 wk gratuit plus un tone txt sport on  8007 wwwgetzedcouk 0870141701216 norme 4txt120p
51108,OMG! The Biggest offer just got Bigger ONLY for YOU @Max Fashion FLAT 50% OFF on ENTIRE SALE merchandise + EXTRA 10% OFF Use Code: XHQ4GD5 ONLY till Sunday TnC,1,suspicious_non_sms_or_noisy_label,twitter_handle,omg the biggest offer just got bigger only for you max fashion flat 50 off on entire sale merchandise  extra 10 off use code xhq4gd5 only till sunday tnc
51142,"Its MY SALE MY WAY at shoppersstop.com Enjoy upto 50% OFF + Use Code AC2K & get Rs.250 off on Rs.2500 & Rs.500 off on Rs.4000 Click bit.ly/SS_ESS to shop for your favourite brands in Watches, Bags & Accessories + Get offers on First Citizen Citi credit card & HDFC Bank cards bit.ly/SSEssTC T&C apply",1,suspicious_non_sms_or_noisy_label,shortened_url_web_link,its my sale my way at shoppersstopcom enjoy upto 50 off  use code ac2k  get rs250 off on rs2500  rs500 off on rs4000 click bitlyssess to shop for your favourite brands in watches bags  accessories  get offers on first citizen citi credit card  hdfc bank cards bitlyssesstc tc apply
51172,"Dear Customer, Rs. 10,000* Welcome Cash is credited to your acc. XXX233 Download & Claim Now: http://p6x.in/srBaqC Click-Games",1,suspicious_non_sms_or_noisy_label,shortened_url_web_link,dear customer rs 10000 welcome cash is credited to your acc xxx233 download  claim now httpp6xinsrbaqc clickgames
51189,Uploaded the first of my Brooklyn piano photos to my Play Me I m Yours set on Flickr http bit ly bnnhyx,1,suspicious_non_sms_or_noisy_label,social_media_lingo,uploaded the first of my brooklyn piano photos to my play me i m yours set on flickr http bit ly bnnhyx
51601,Having a rest day after yesterday think I need it body ia aching lol writing notes on p pu workshop for a blog post adding pics to flickr,0,suspicious_non_sms_or_noisy_label,social_media_lingo,having a rest day after yesterday think i need it body ia aching lol writing notes on p pu workshop for a blog post adding pics to flickr
51632,"Dear customer, Thank you for shopping with RnBIndia, Please click the link to view your e-bill https://rnb.karnival.in/az/rn6DsHhWp6QTcx?ch=1",1,suspicious_non_sms_or_noisy_label,shortened_url_web_link,dear customer thank you for shopping with rnbindia please click the link to view your ebill httpsrnbkarnivalinazrn6dshhwp6qtcxch1
51675,Celebrate Festive Season with Flipkart Axis Bank Credit Card! Get Lifetime FREE Card.+ 5% Unlimited Cashback*. Apply Now http://fkrt.it/WApfWeNNNN,1,suspicious_non_sms_or_noisy_label,shortened_url_web_link,celebrate festive season with flipkart axis bank credit card get lifetime free card 5 unlimited cashback apply now httpfkrtitwapfwennnn
51912,"Start Ganesh Chaturthi with SMART Point Store,B1G1 MangalDeep Agarbatti 120 Zip Lck 4IN1,Good Life Mixed Dry Fruits 500g Rs 279,Click bit.ly/39a9268 TC",1,suspicious_non_sms_or_noisy_label,shortened_url_web_link,start ganesh chaturthi with smart point storeb1g1 mangaldeep agarbatti 120 zip lck 4in1good life mixed dry fruits 500g rs 279click bitly39a9268 tc
51918,Rs.250 credited as unconditional FREE UNLIMITED Cash Points in your account to shop at UNLIMITED Fashion Store. Valid till 14th March. TnC : bit.ly/3vdC7ss,1,suspicious_non_sms_or_noisy_label,shortened_url_web_link,rs250 credited as unconditional free unlimited cash points in your account to shop at unlimited fashion store valid till 14th march tnc  bitly3vdc7ss
51983,"Hi bigbasketeer, Sugar, Maggi and Scrub at Re.1 for you. Enjoy this offer till this month end. Shop now https://l.bigbasket.com/YQy0EyTRYib",1,suspicious_non_sms_or_noisy_label,shortened_url_web_link,hi bigbasketeer sugar maggi and scrub at re1 for you enjoy this offer till this month end shop now httpslbigbasketcomyqy0eytryib
52047,RT-KIng Pro Video Club>> Benötigen Sie Hilfe? info@ringtoneking.co.uk oder rufen Sie 08701237397 Sie müssen 16+ Club Credits einlösen unter www.ringtoneking.co.uk! Viel Spaß!,1,suspicious_non_sms_or_noisy_label,twitter_handle; shortened_url_web_link,rtking pro video club bentigen sie hilfe inforingtonekingcouk oder rufen sie 08701237397 sie mssen 16 club credits einlsen unter wwwringtonekingcouk viel spa
52191,BIGGEST OFFERS@VISHAL 18-19Sep Rs100 FREE SHOPPING-Use Code REBU1UUYSC + Atta 5kg Rs142 Ghee1L 409 TataTea 140OFF + FREE GIFT on Rs1000 TnC,1,suspicious_non_sms_or_noisy_label,twitter_handle,biggest offersvishal 1819sep rs100 free shoppinguse code rebu1uuysc  atta 5kg rs142 ghee1l 409 tatatea 140off  free gift on rs1000 tnc
52399,Wichtige Informationen 4 orange Benutzer 0789xxxxx. today is your lucky day!2find out why log on http://www.urawinner.com There's A FANTASTIC SurPRISE AWAITING YOU!,1,suspicious_non_sms_or_noisy_label,shortened_url_web_link,wichtige informationen 4 orange benutzer 0789xxxxx today is your lucky day2find out why log on httpwwwurawinnercom theres a fantastic surprise awaiting you
52440,"Wednesday Bonus@JioMart,Bangalore!Onion Rs 44/Kg,Sweet Corn Rs 12/Pc,Apple Simla Rs 134/Kg,Also at SMART &SMART Point store bit.ly/3xeY8ZE 24Nov,TC",1,suspicious_non_sms_or_noisy_label,twitter_handle; shortened_url_web_link,wednesday bonusjiomartbangaloreonion rs 44kgsweet corn rs 12pcapple simla rs 134kgalso at smart smart point store bitly3xey8ze 24novtc
52469,"Complete your Vedix Follow Up Quiz right away and get feedback directly from Ayurvedic experts. Based on your feedback, any product changes will be sent to you for free. Click here https://vedix.in/3l33poYZ2-p/KbqdD8D to take the quiz right away.",1,suspicious_non_sms_or_noisy_label,shortened_url_web_link,complete your vedix follow up quiz right away and get feedback directly from ayurvedic experts based on your feedback any product changes will be sent to you for free click here httpsvedixin3l33poyz2pkbqdd8d to take the quiz right away
52512,यदि आप यहाँ अगले &lt;#gt; घंटे मेरे गंदगी को पलटने के लिए कर रहे हैं,0,suspicious_non_sms_or_noisy_label,twitter_hashtag,ltgt
52538,Hello Your Unlimited pack MRP is expiring on2021-02-19 00:00:00.Now recharge from home with App Click http://bit.ly/GetMVA4,1,suspicious_non_sms_or_noisy_label,shortened_url_web_link,hello your unlimited pack mrp is expiring on20210219 000000now recharge from home with app click httpbitlygetmva4
52781,I m always more tired after a vacation than before I think I m doing it wrong,1,suspicious_non_sms_or_noisy_label,conversational_mislabeled_as_spam (tired after a vacation),i m always more tired after a vacation than before i think i m doing it wrong
52843,"Mobile Office & MMS settings have been successfully delivered on your phone! Now you can access Airtel Live by long pressing '0' key on Nokia. On other Phones launch Internet Browser and select Airtel Live (or goto http://live.airtelworld.com),  You pay no activation,  rental or browsing charges for Airtel Live. You only pay if you Download Content,  or Send MMS.",1,suspicious_non_sms_or_noisy_label,shortened_url_web_link,mobile office  mms settings have been successfully delivered on your phone now you can access airtel live by long pressing 0 key on nokia on other phones launch internet browser and select airtel live or goto httpliveairtelworldcom  you pay no activation  rental or browsing charges for airtel live you only pay if you download content  or send mms
53066,India Photo Blog today s evening sky Flickr http goo gl fb zHR a clouds kerala palakkad,1,suspicious_non_sms_or_noisy_label,social_media_lingo,india photo blog today s evening sky flickr http goo gl fb zhr a clouds kerala palakkad
53129,Watch India vs Sri Lanka series LIVE on SonyLIV with Airtel Xstream Play. Click to watch - https://open.airtelxstream.in/India_Srilanka_Match,1,suspicious_non_sms_or_noisy_label,shortened_url_web_link,watch india vs sri lanka series live on sonyliv with airtel xstream play click to watch  httpsopenairtelxstreaminindiasrilankamatch
53276,"Dont miss the India Vs Pakistan T20 match this Sunday. Watch it LIVE on Disney+ Hotstar, with your Vi prepaid! Recharge with 501 & get 1year Disney+ Hotstar mobile subscription + 3GB/day + Extra 16GB + Unlimited calls, 28 days. Click bit.ly/ViHotstar1",1,suspicious_non_sms_or_noisy_label,shortened_url_web_link,dont miss the india vs pakistan t20 match this sunday watch it live on disney hotstar with your vi prepaid recharge with 501  get 1year disney hotstar mobile subscription  3gbday  extra 16gb  unlimited calls 28 days click bitlyvihotstar1
53605,Cloudnine administrator has assigned 1 course to you. These courses need to be completed by 31-07-2021. Please click on the link to start your training. https://cloudnine.medlern.com/dashboard,1,suspicious_non_sms_or_noisy_label,shortened_url_web_link,cloudnine administrator has assigned 1 course to you these courses need to be completed by 31072021 please click on the link to start your training httpscloudninemedlerncomdashboard
53711,Herzlichen Glückwunsch entweder £500 von CD-Geschenkgutscheinen & Freier Eintritt 2 unsere £100 wöchentliche Ziehung txt MUSIC an 87066 TnCs www.Ldew.com1win150ppmx3age16,1,suspicious_non_sms_or_noisy_label,shortened_url_web_link,herzlichen glckwunsch entweder 500 von cdgeschenkgutscheinen  freier eintritt 2 unsere 100 wchentliche ziehung txt music an 87066 tncs wwwldewcom1win150ppmx3age16
53945,"Celebrate the stories you love on Disney+ Day. Watch Jungle Cruise, Shang-Chi, Special Ops 1.5 and many more streaming November 12 on Disney+ Hotstar. Get 1 year Disney+ Hotstar mobile subscription with Vi''s 501 / 701 / 901 recharges. For details click bit.ly/ViHotstar12",1,suspicious_non_sms_or_noisy_label,shortened_url_web_link,celebrate the stories you love on disney day watch jungle cruise shangchi special ops 15 and many more streaming november 12 on disney hotstar get 1 year disney hotstar mobile subscription with vis 501  701  901 recharges for details click bitlyvihotstar12
54037,Gratuit pour la 1ère semaine! No1 Nokia tone 4 ur maf chaque semaine juste txt NOKIA à 8007 Get txting and tell ur mates www.getzed.co.uk POBox 36504 W45WQ norm150p/tone 16+,1,suspicious_non_sms_or_noisy_label,shortened_url_web_link,gratuit pour la 1re semaine no1 nokia tone 4 ur maf chaque semaine juste txt nokia  8007 get txting and tell ur mates wwwgetzedcouk pobox 36504 w45wq norm150ptone 16
54054,"U can WIN å£100 of Music Gift Vouchers every week starting NOW Txt the word DRAW to 87066 TsCs www.Idew.com SkillGame, 1Winaweek, age16. 150ppermessSubscription",1,suspicious_non_sms_or_noisy_label,shortened_url_web_link,u can win 100 of music gift vouchers every week starting now txt the word draw to 87066 tscs wwwidewcom skillgame 1winaweek age16 150ppermesssubscription
54151,और पॉपिंग &l;##gt; इप्रन कोई मदद नहीं था.,0,suspicious_non_sms_or_noisy_label,twitter_hashtag,lgt
54261,Have you tried Dunzo Daily yet? Enjoy up to 50% OFF on a wide range of groceries with FREE delivery in 19 min. T&C apply. https://dunzo.onelink.me/jWqC/home,1,suspicious_non_sms_or_noisy_label,shortened_url_web_link,have you tried dunzo daily yet enjoy up to 50 off on a wide range of groceries with free delivery in 19 min tc apply httpsdunzoonelinkmejwqchome
54355,Uploaded another photos of Brooklyn pianos in my Play Me I m Yours set Here on Flickr http bit ly bnnhyx,1,suspicious_non_sms_or_noisy_label,social_media_lingo,uploaded another photos of brooklyn pianos in my play me i m yours set here on flickr http bit ly bnnhyx
54388,Diese msg ist für Ihre mobile Content-Bestellung Es wurde als vorheriger Versuch fehlgeschlagen aufgrund von Netzwerkfehlern Abfragen an customersqueries@netvision.uk.com,1,suspicious_non_sms_or_noisy_label,twitter_handle,diese msg ist fr ihre mobile contentbestellung es wurde als vorheriger versuch fehlgeschlagen aufgrund von netzwerkfehlern abfragen an customersqueriesnetvisionukcom
54480,Just had a great dinner with thelouferrigno an awesome way to finish up a fabulous birthday,1,suspicious_non_sms_or_noisy_label,conversational_mislabeled_as_spam (dinner with),just had a great dinner with thelouferrigno an awesome way to finish up a fabulous birthday
54547,Exclusive invite only for FIRST CITIZEN members. Click bit.ly/SStprFg & Join us in this EXCLUSIVE LIVE in-store shopping experience today at 9 PM! Find out the Best Fragrances to own or gift this festive season only at Shoppers Stop's SHOWSTOPPERS streaming directly from the store to your screens!,1,suspicious_non_sms_or_noisy_label,shortened_url_web_link,exclusive invite only for first citizen members click bitlysstprfg  join us in this exclusive live instore shopping experience today at 9 pm find out the best fragrances to own or gift this festive season only at shoppers stops showstoppers streaming directly from the store to your screens
54590,Fav from flickr eS Liku kehidupan RANDOMNESS http bit ly fott,0,suspicious_non_sms_or_noisy_label,social_media_lingo,fav from flickr es liku kehidupan randomness http bit ly fott
54787,ONLY FOR GIRLS BBA/MBA/EXECUTIVE MBA/B.SC.IT/BIO TECH/B.TECH FLEXIBLE TIMINGS GOVT.RECOGNIZED(www.bsaitm.in) JOIN BSAITM VIKASPURI 9873000679/9650354070,1,suspicious_non_sms_or_noisy_label,shortened_url_web_link,only for girls bbambaexecutive mbabscitbio techbtech flexible timings govtrecognizedwwwbsaitmin join bsaitm vikaspuri 98730006799650354070
54961,"Order biryanis, pizzas, rice bowls & khichdis at 50% off on Ola app. Use code: OLAFOODS50. Click: https://bit.ly/3o4auRF",1,suspicious_non_sms_or_noisy_label,shortened_url_web_link,order biryanis pizzas rice bowls  khichdis at 50 off on ola app use code olafoods50 click httpsbitly3o4aurf
55145,"Price revising soon!! Agni Property Recommends Spaze Privy The Address in Sec-93, Gurgaon@28 Lac onwards. 2/3/4 BHK Apts available.To Book Call 9212255555 Now!",1,suspicious_non_sms_or_noisy_label,twitter_handle,price revising soon agni property recommends spaze privy the address in sec93 gurgaon28 lac onwards 234 bhk apts availableto book call 9212255555 now
55149,OK maybe I don t miss the snow that much after all http www flickr com photos prmaria in photostream,1,suspicious_non_sms_or_noisy_label,social_media_lingo,ok maybe i don t miss the snow that much after all http www flickr com photos prmaria in photostream
55221,India vs NZ Test Series Finals. Watch LIVE with 1yr Disney+ Hotstar VIP on 401 recharge. Also get 100GB Data+Unlimited Calls for 28days. Click bit.ly/ViHotstar1,1,suspicious_non_sms_or_noisy_label,shortened_url_web_link,india vs nz test series finals watch live with 1yr disney hotstar vip on 401 recharge also get 100gb dataunlimited calls for 28days click bitlyvihotstar1
55543,Knock Knock Txt dont il ya 80082 pour entrer r tirage hebdomadaire 4 un chèque-cadeau £250 4 un magasin de choix d'année. T&Cs www.tkls.com âge16 à stoptxtstop £1.50/semaine,1,suspicious_non_sms_or_noisy_label,shortened_url_web_link,knock knock txt dont il ya 80082 pour entrer r tirage hebdomadaire 4 un chquecadeau 250 4 un magasin de choix danne tcs wwwtklscom ge16  stoptxtstop 150semaine
55764,Running out of Data this cricket season? Vi ensures you watch non-stop T20 action with Rs 98 recharge - get 12 GB Data for 28 Days! Click bit.ly/ViDataRC2,1,suspicious_non_sms_or_noisy_label,shortened_url_web_link,running out of data this cricket season vi ensures you watch nonstop t20 action with rs 98 recharge  get 12 gb data for 28 days click bitlyvidatarc2
55794,Your Filmy Recharge with 1GB data is active now and valid till 22.04.2021 21:34:51. Start watching latest movies by clicking here bit.ly/KeralaMovies,1,suspicious_non_sms_or_noisy_label,shortened_url_web_link,your filmy recharge with 1gb data is active now and valid till 22042021 213451 start watching latest movies by clicking here bitlykeralamovies
55802,"MAHA CashBack Weekend Sale@SMART Point Store,B2G1 Parle Milano 250g,B2G1 CloseUp Red Paste 300g + Assured Extra 10% CashBack,Click bit.ly/384zM6D TC",1,suspicious_non_sms_or_noisy_label,twitter_handle; shortened_url_web_link,maha cashback weekend salesmart point storeb2g1 parle milano 250gb2g1 closeup red paste 300g  assured extra 10 cashbackclick bitly384zm6d tc
55812,cb bbe b Flickr chickswithguns posted a photo http bit ly eqVoN,1,suspicious_non_sms_or_noisy_label,social_media_lingo,cb bbe b flickr chickswithguns posted a photo http bit ly eqvon
55868,IMPORTANT INFORMATION 4 ORANGE USER 0796XXXXXX. TODAY IS UR LUCKY DAY!2 FIND OUT WHY LOG ONTO http://www.urawinner.com,1,suspicious_non_sms_or_noisy_label,shortened_url_web_link,important information 4 orange user 0796xxxxxx today is ur lucky day2 find out why log onto httpwwwurawinnercom
55927,"Your Mobile Won 500,000.00euro in Blackberry Netherlands Promo. For claims E-mail code: NL101 to claims@bbnetherlands.co.cc",1,suspicious_non_sms_or_noisy_label,twitter_handle,your mobile won 50000000euro in blackberry netherlands promo for claims email code nl101 to claimsbbnetherlandscocc
55954,Wir haben neue lokale Termine in Ihrer Nähe - Viele neue Leute in Ihrer Region registriert. Antworten DATE jetzt beginnen! 18 nur www.flirtparty.us REPLYS150,1,suspicious_non_sms_or_noisy_label,shortened_url_web_link,wir haben neue lokale termine in ihrer nhe  viele neue leute in ihrer region registriert antworten date jetzt beginnen 18 nur wwwflirtpartyus replys150
55984,HD Kram is toll und ich mach jetzt mit http twitpic com i rs,1,suspicious_non_sms_or_noisy_label,social_media_lingo,hd kram is toll und ich mach jetzt mit http twitpic com i rs
56111,Congratulations ur awarded either a yrs supply of CDs from Virgin Records or a Mystery Gift GUARANTEED Call 09061104283 Ts&Cs www.smsco.net å£1.50pm approx 3mins,1,suspicious_non_sms_or_noisy_label,shortened_url_web_link,congratulations ur awarded either a yrs supply of cds from virgin records or a mystery gift guaranteed call 09061104283 tscs wwwsmsconet 150pm approx 3mins
56194,इंतजार करें &l;#gt; मि.,0,suspicious_non_sms_or_noisy_label,twitter_hashtag,lgt
56284,Tlt;#gt; यह सब है? अनुमान लगाओ कि पर्याप्त आसान है,0,suspicious_non_sms_or_noisy_label,twitter_hashtag,tltgt
56385,"Over 3,0,000 songs on the www, music. nokia.com. Download 5 free tracks from the Nokia Music Store. Download now at http://music.nokia.co.in/myn5free",1,suspicious_non_sms_or_noisy_label,shortened_url_web_link,over 30000 songs on the www music nokiacom download 5 free tracks from the nokia music store download now at httpmusicnokiacoinmyn5free
56444,Last weekend to move First Forward on shoppersstop.com Click bit.ly/FF_Mwtc Shop Watches & Earn 10x Reward points + Bonus points bit.ly/BRP421 T&C,1,suspicious_non_sms_or_noisy_label,shortened_url_web_link,last weekend to move first forward on shoppersstopcom click bitlyffmwtc shop watches  earn 10x reward points  bonus points bitlybrp421 tc
56475,Willst du 2 heute Nacht flachgelegt? Willst du echte Dogging-Standorte direkt 2 ur mob gesendet? Schließe dich dem größten Dogging Network Großbritanniens an Txting GRAVEL an 69888! nt. ec2a. 31p.msg@150p,1,suspicious_non_sms_or_noisy_label,twitter_handle,willst du 2 heute nacht flachgelegt willst du echte doggingstandorte direkt 2 ur mob gesendet schliee dich dem grten dogging network grobritanniens an txting gravel an 69888 nt ec2a 31pmsg150p
56596,Men's Fashion rules are out at shoppersstop.com Click bit.ly/SS_Mn use code OC10K & get FLAT 10% OFF on Rs.2500 + Earn reward points on Men's Apparel & Acc. T&C,1,suspicious_non_sms_or_noisy_label,shortened_url_web_link,mens fashion rules are out at shoppersstopcom click bitlyssmn use code oc10k  get flat 10 off on rs2500  earn reward points on mens apparel  acc tc
56658,"URGENT! You have won a 1 week FREE membership in our å£100,000 Prize Jackpot! Txt the word: CLAIM to No: 81010 T&C www.dbuk.net LCCLTD POBOX 4403LDNW1A7RW18",1,suspicious_non_sms_or_noisy_label,shortened_url_web_link,urgent you have won a 1 week free membership in our 100000 prize jackpot txt the word claim to no 81010 tc wwwdbuknet lccltd pobox 4403ldnw1a7rw18
56688,India Photo Blog Chittur Sokanasini River Flickr http goo gl fb jYl j kerala palakkad,1,suspicious_non_sms_or_noisy_label,social_media_lingo,india photo blog chittur sokanasini river flickr http goo gl fb jyl j kerala palakkad
56827,"Weekend Deals @SMART Point Store,B1G1 Snactac Mixed Fruit Jam 200g,Rs 32 OFF Lux Soap 150gX 3,Fortune Rozana Basmati Rice 1kg Rs 59,Click bit.ly/2HYazjx T&C",1,suspicious_non_sms_or_noisy_label,twitter_handle; shortened_url_web_link,weekend deals smart point storeb1g1 snactac mixed fruit jam 200grs 32 off lux soap 150gx 3fortune rozana basmati rice 1kg rs 59click bitly2hyazjx tc
56886,"Dear User, Receive Rs.10,000 to Wallet Now - http://gmg.im/cvztd4 Finance Guru",1,suspicious_non_sms_or_noisy_label,shortened_url_web_link,dear user receive rs10000 to wallet now  httpgmgimcvztd4 finance guru
56891,HMVTCATCACACTY सही HMV के 500 पाउंड. सिर्फ 4 सरल सवाल. खेल के लिए अब! HMV को 8668 और अधिक जानकारी के लिए भेजें :www.100CORCACATCACATC - कॉम.,1,suspicious_non_sms_or_noisy_label,shortened_url_web_link,hmvtcatcacacty  hmv  500   4       hmv  8668       www100corcacatcacatc
56947,Cashbin.co.uk (Obtenez beaucoup d'argent ce week-end!) www.cashbin.co.uk Cher Bienvenue au week-end Nous avons obtenu notre plus grand et le meilleur JAMAIS donner en argent!! Ceux-ci..,1,suspicious_non_sms_or_noisy_label,shortened_url_web_link,cashbincouk obtenez beaucoup dargent ce weekend wwwcashbincouk cher bienvenue au weekend nous avons obtenu notre plus grand et le meilleur jamais donner en argent ceuxci
57078,"शानदार, योजना यहाँ पाने की योजना है &lt;#gt; मैं आपको विवरण दूँगा थोड़ा में",0,suspicious_non_sms_or_noisy_label,twitter_hashtag,ltgt
57134,You have been randomly selected for a BestBuy gift. Get your $1000 gift card at www.bestbuy.com.your-a-winner.net/?id-ichrfcycylck,1,suspicious_non_sms_or_noisy_label,shortened_url_web_link,you have been randomly selected for a bestbuy gift get your 1000 gift card at wwwbestbuycomyourawinnernetidichrfcycylck
57135,"Hi Jithu, Your Birthday celebration has begun at shoppersstop.com Click bit.ly/SSMarBD Use code HB03 & get Rs. 250 off on shopping of Rs. 1500 TnC",1,suspicious_non_sms_or_noisy_label,shortened_url_web_link,hi jithu your birthday celebration has begun at shoppersstopcom click bitlyssmarbd use code hb03  get rs 250 off on shopping of rs 1500 tnc
57324,evilhippiechick thanks for the birthday wishes,1,suspicious_non_sms_or_noisy_label,conversational_mislabeled_as_spam (birthday wishes),evilhippiechick thanks for the birthday wishes
57524,"Your Birthday celebrations begin at Shoppers Stop with Flat 15% Off on our in-house brands. Start shopping now on shsp.in/promo or download app - bit.ly/DnSSApp We wish you a fab & stylish Birthday! T&C, offer valid on select brands",1,suspicious_non_sms_or_noisy_label,shortened_url_web_link,your birthday celebrations begin at shoppers stop with flat 15 off on our inhouse brands start shopping now on shspinpromo or download app  bitlydnssapp we wish you a fab  stylish birthday tc offer valid on select brands
57532,Devinez qui suis-je?C'est la première fois que j'ai créé une page web WWW.ASJESUS.COM a lu tout ce que j'ai écrit. J'attends vos avis. Je veux être votre ami 1/1,1,suspicious_non_sms_or_noisy_label,shortened_url_web_link,devinez qui suisjecest la premire fois que jai cr une page web wwwasjesuscom a lu tout ce que jai crit jattends vos avis je veux tre votre ami 11
57548,"Dady. क्या ऊपर है. आशा है कि आप ठीक हो गया है. आशा है. जब मैं इन लोगों से सुना था, मैं उन्हें बुलाया था और वे पैकेज मिला था था के बाद से Wart &gt;#gt; बस आप जानना पसंद है. बस एक शानदार साल है और अपने पढ़ने के साथ सब सबसे अच्छा है. अगर आप वास्तव में वास्तव में Bamamamamamam, हमारे काम करने के लिए किया गया है, तो हमारे काम करने के लिए किया गया है.",0,suspicious_non_sms_or_noisy_label,twitter_hashtag,dady                                  wart gtgt                          bamamamamamam
57623,Launching Vi Best offers !!! 299= Unlimited calls +1.5GB/Day 28 days 479= Unlimited calls +1.5GB/Day 56 days To recharge Click bit.ly/ViRC20,1,suspicious_non_sms_or_noisy_label,shortened_url_web_link,launching vi best offers  299 unlimited calls 15gbday 28 days 479 unlimited calls 15gbday 56 days to recharge click bitlyvirc20
57989,"प्रिय Verver, इस सप्ताह प्रस्ताव का दावा करने के लिए, अपने पीसी में अपने पीसी कृपया http://www.wlp.ka.k/ se. secss लागू करते हैं।",1,suspicious_non_sms_or_noisy_label,shortened_url_web_link,verver               httpwwwwlpkak se secss
58035,Oh nice got an invite to shoot a local carols by candlelight in Sydney via Flickr Damn shame I now live in Melbourne fb,0,suspicious_non_sms_or_noisy_label,social_media_lingo,oh nice got an invite to shoot a local carols by candlelight in sydney via flickr damn shame i now live in melbourne fb
58432,मैं कोमल बच्चे हो जाएगा! जल्द ही आप सब (llt;#gt; अपने कच्चे चूने के अंदर गहरी पतली हो जाएगी...,0,suspicious_non_sms_or_noisy_label,twitter_hashtag,lltgt
58440,"Your plan for Jio no 9019695140 expires on 30-08-2024 .Avoid STOPPAGE of services,  RECHARGE Now Click www.jio.com/r/PVzNJWecV .For other plans, call 1991.",1,suspicious_non_sms_or_noisy_label,shortened_url_web_link,your plan for jio no 9019695140 expires on 30082024 avoid stoppage of services recharge now click wwwjiocomrpvznjwecv for other plans call 1991
58454,"Navratra Special Launching 9th oct. CHD presnts Phase-3 of Avenue71,  Shona Road,  Gurgaon *@Rs.4150/- Lease Rs.400/- as Inaugural discount Sms ICD to 54999",1,suspicious_non_sms_or_noisy_label,twitter_handle,navratra special launching 9th oct chd presnts phase3 of avenue71  shona road  gurgaon rs4150 lease rs400 as inaugural discount sms icd to 54999
58631,Collect your VALENTINE'S weekend to PARIS inc Flight & Hotel + å£200 Prize guaranteed! Text: PARIS to No: 69101. www.rtf.sphosting.com,1,suspicious_non_sms_or_noisy_label,shortened_url_web_link,collect your valentines weekend to paris inc flight  hotel  200 prize guaranteed text paris to no 69101 wwwrtfsphostingcom
58636,"Eerie Nokia tones 4u, rply TONE TITRE à 8007 par exemple TONE DRACULA à 8007 Titres: GHOST, ADDAMSFA, MUNSTERS, EXORCIST, TWILIGHT www.getzed.co.uk POBox36504W45WQ 150p",1,suspicious_non_sms_or_noisy_label,shortened_url_web_link,eerie nokia tones 4u rply tone titre  8007 par exemple tone dracula  8007 titres ghost addamsfa munsters exorcist twilight wwwgetzedcouk pobox36504w45wq 150p
58711,Txt: Call to No: 86888 & fordern Sie Ihre Belohnung von 3 Stunden Gesprächszeit von Ihrem Telefon jetzt zu verwenden! Subscribe6GBP/mnth inc 3hrs 16 stop?txtStop www.gamb.tv,1,suspicious_non_sms_or_noisy_label,shortened_url_web_link,txt call to no 86888  fordern sie ihre belohnung von 3 stunden gesprchszeit von ihrem telefon jetzt zu verwenden subscribe6gbpmnth inc 3hrs 16 stoptxtstop wwwgambtv
58822,"Pour votre chance de gagner un £250 wkly shopping spree TXT: SHOP à 80878. T's&C's www.txt-2-shop.com custcare 08715705022, 1x150p/wk",1,suspicious_non_sms_or_noisy_label,shortened_url_web_link,pour votre chance de gagner un 250 wkly shopping spree txt shop  80878 tscs wwwtxt2shopcom custcare 08715705022 1x150pwk
59341,"Für ur Chance, ein £ 250 Geld zu gewinnen jede wk TXT: AKTION zu 80608. T's&C www.movietrivia.tv custcare 08712405022, 1x150p/wk.",1,suspicious_non_sms_or_noisy_label,shortened_url_web_link,fr ur chance ein  250 geld zu gewinnen jede wk txt aktion zu 80608 tsc wwwmovietriviatv custcare 08712405022 1x150pwk
59344,Your SAM registration has been received! Click here to complete the process�http://rghst.xyz/NPHTmtb Reply STOP 2 opt out of future texts,1,suspicious_non_sms_or_noisy_label,shortened_url_web_link,your sam registration has been received click here to complete the processhttprghstxyznphtmtb reply stop 2 opt out of future texts
59494,Long over due my dedicated photo site with minimal maintenance powered by Flickr and jQuery http shortbackfocus com Was pretty easy,0,suspicious_non_sms_or_noisy_label,social_media_lingo,long over due my dedicated photo site with minimal maintenance powered by flickr and jquery http shortbackfocus com was pretty easy
59501,या बेहतर अभी भी आप उसे पकड़ सकते हैं और उससे पूछ सकते हैं कि वह &lgt;#gt; मेरे लिए.,0,suspicious_non_sms_or_noisy_label,twitter_hashtag,lgtgt
59551,"Sehr geehrter Gutscheininhaber, Um dieses Wochenangebot in Anspruch zu nehmen, gehen Sie auf Ihrem PC bitte unter http://www.e-tlp.co.uk/reward. Ts&Cs gelten.",1,suspicious_non_sms_or_noisy_label,shortened_url_web_link,sehr geehrter gutscheininhaber um dieses wochenangebot in anspruch zu nehmen gehen sie auf ihrem pc bitte unter httpwwwetlpcoukreward tscs gelten
59577,सिर्फ Tlt;#gt;,0,suspicious_non_sms_or_noisy_label,twitter_hashtag,tltgt
59688,End Of Reason Sale welcomes you with 50-80% Off Offer valid on beauty & personal care Extra 15% Off on 1st order! Buy now http://smsd.in/bgXG5qNst,1,suspicious_non_sms_or_noisy_label,shortened_url_web_link,end of reason sale welcomes you with 5080 off offer valid on beauty  personal care extra 15 off on 1st order buy now httpsmsdinbgxg5qnst
59734,FREE entry into our £350 weekly competition just text the word WIN to 80086 NOW. 18 T&C www.txttowin.co.uk,1,suspicious_non_sms_or_noisy_label,shortened_url_web_link,free entry into our 350 weekly competition just text the word win to 80086 now 18 tc wwwtxttowincouk
59935,Sehr geehrter Gutscheininhaber Haben Sie Ihre nächste Mahlzeit auf uns. Verwenden Sie den folgenden Link auf Ihrem pc 2 genießen Sie ein 2 4 1 Esserlebnishttp://www.vouch4me.com/etlp/essing.asp,1,suspicious_non_sms_or_noisy_label,shortened_url_web_link,sehr geehrter gutscheininhaber haben sie ihre nchste mahlzeit auf uns verwenden sie den folgenden link auf ihrem pc 2 genieen sie ein 2 4 1 esserlebnishttpwwwvouch4mecometlpessingasp
59938,के बारे में;#gt; रुपये. बैंक का भुगतान तय किया जाता है. बैंक फोन करने और पता लगाने के लिए बेहतर है.,0,suspicious_non_sms_or_noisy_label,twitter_hashtag,gt
59944,"SSH! Use the below link to join the Shoppers Stop SSH, LIVE at 8PM. The secret offers on top watch brands are available only till 11.59PM. Click: bit.ly/3vV7SaA",1,suspicious_non_sms_or_noisy_label,shortened_url_web_link,ssh use the below link to join the shoppers stop ssh live at 8pm the secret offers on top watch brands are available only till 1159pm click bitly3vv7saa
59970,"-PLS STOP bootydelious (32/F) lädt Sie ein, ihr Freund zu sein. Antworten Sie YES-434 oder NO-434 Sehen Sie sie: www.SMS.ac/u/bootydelious STOP? Senden STOP FRND an 62468",1,suspicious_non_sms_or_noisy_label,shortened_url_web_link,pls stop bootydelious 32f ldt sie ein ihr freund zu sein antworten sie yes434 oder no434 sehen sie sie wwwsmsacubootydelious stop senden stop frnd an 62468
60114,So i guess the better thing i can do now is to put the question on the twitter table ask u tweeple to share ur thoughts about such matter,0,suspicious_non_sms_or_noisy_label,social_media_lingo,so i guess the better thing i can do now is to put the question on the twitter table ask u tweeple to share ur thoughts about such matter
60302,"New & Exclusive Delights! Rs 4000 worth guaranteed free gifts from Zomato, MPL & my11circle ONLY on Vi. Recharge now with Rs 219 & above! Click bit.ly/ViRC20",1,suspicious_non_sms_or_noisy_label,shortened_url_web_link,new  exclusive delights rs 4000 worth guaranteed free gifts from zomato mpl  my11circle only on vi recharge now with rs 219  above click bitlyvirc20
60496,"URGENT! You have won a 1 week FREE membership in our £100,000 Prize Jackpot! Txt the word: CLAIM to No: 81010 T&C www.dbuk.net",1,suspicious_non_sms_or_noisy_label,shortened_url_web_link,urgent you have won a 1 week free membership in our 100000 prize jackpot txt the word claim to no 81010 tc wwwdbuknet
60585,WOW! The Boys R Back. Prenez cette tournée 2007 au Royaume-Uni. Gagnez des billets VIP et pré-book avec VIP Club. Txt CLUB à 81303. Trackmarque Ltd info@vipclub4u.,1,suspicious_non_sms_or_noisy_label,twitter_handle,wow the boys r back prenez cette tourne 2007 au royaumeuni gagnez des billets vip et prbook avec vip club txt club  81303 trackmarque ltd infovipclub4u
60593,Headed to Tony Stella s Good Fellas for dinner with some friends I ve heard mixed reviews about the new setting but will see for myself,1,suspicious_non_sms_or_noisy_label,conversational_mislabeled_as_spam (dinner with),headed to tony stella s good fellas for dinner with some friends i ve heard mixed reviews about the new setting but will see for myself
60635,"Hello, IND vs SL T20 Rs.5000* Bonus can be credited on My 11circle Account! Prize Pool - 2,25,00,000 (2.25CR) Entry Fees - 49 Win - http://1kx.in/Chnhni",1,suspicious_non_sms_or_noisy_label,shortened_url_web_link,hello ind vs sl t20 rs5000 bonus can be credited on my 11circle account prize pool  22500000 225cr entry fees  49 win  http1kxinchnhni
60767,Congratulations!Rs20 CASHBACK coupon credited to your Vi App bit.ly/ViRchg9 .Login with mob no. to claim. Available for 30 days on UL Daily Data packs of Rs249+,1,suspicious_non_sms_or_noisy_label,shortened_url_web_link,congratulationsrs20 cashback coupon credited to your vi app bitlyvirchg9 login with mob no to claim available for 30 days on ul daily data packs of rs249
61281,"Durga Puja Special Offer@SMART Point Store,BOGO Bikaji Gulab Jamun 1Kg,B2G1 Bingo Potato Chilli Chip 60g,Good Life Mix Dry Fruits 500g Rs 279, bit.ly/3cbREQe TC",1,suspicious_non_sms_or_noisy_label,twitter_handle; shortened_url_web_link,durga puja special offersmart point storebogo bikaji gulab jamun 1kgb2g1 bingo potato chilli chip 60ggood life mix dry fruits 500g rs 279 bitly3cbreqe tc
61325,GRATUIT HARDCORE NON LIMITED PORN direct 2 votre mobile Txt PORN à 69200 et obtenir un accès GRATUIT pour 24 heures puis chrgd@50p par jour txt Stop 2exit. Ce msg est gratuit,1,suspicious_non_sms_or_noisy_label,twitter_handle,gratuit hardcore non limited porn direct 2 votre mobile txt porn  69200 et obtenir un accs gratuit pour 24 heures puis chrgd50p par jour txt stop 2exit ce msg est gratuit
61365,"""Keep up with MTN Broadband! Visit https://apps.mtn.ng/newsletter/c/mtn-broadband-july-newsletter to read our latest newsletter, """"Owning The Home"""".""",1,suspicious_non_sms_or_noisy_label,shortened_url_web_link,keep up with mtn broadband visit httpsappsmtnngnewslettercmtnbroadbandjulynewsletter to read our latest newsletter owning the home
61928,LAST DAY Rs.250 credited as unconditional FREE UNLIMITED Cash Points in your account to shop at UNLIMITED Fashion Store. Hurry ! TnC : bit.ly/3eNrGpI,1,suspicious_non_sms_or_noisy_label,shortened_url_web_link,last day rs250 credited as unconditional free unlimited cash points in your account to shop at unlimited fashion store hurry  tnc  bitly3enrgpi
61969,WIN a year supply of CDs 4 a store of ur choice worth å£500 & enter our å£100 Weekly draw txt MUSIC to 87066 Ts&Cs www.Ldew.com.subs16+1win150ppmx3,1,suspicious_non_sms_or_noisy_label,shortened_url_web_link,win a year supply of cds 4 a store of ur choice worth 500  enter our 100 weekly draw txt music to 87066 tscs wwwldewcomsubs161win150ppmx3
61983,FREE for 1st week! No1 Nokia tone 4 ur mob every week just txt NOKIA to 8007  www.getzed.co.uk POBox 36504 W45WQ norm150p/tone 16+,1,suspicious_non_sms_or_noisy_label,shortened_url_web_link,free for 1st week no1 nokia tone 4 ur mob every week just txt nokia to 8007  wwwgetzedcouk pobox 36504 w45wq norm150ptone 16
62082,Hello Your Unlimited pack MRP is expiring on2021-08-06 00:00:00.Now recharge from home with App Click http://bit.ly/GetMVA4,1,suspicious_non_sms_or_noisy_label,shortened_url_web_link,hello your unlimited pack mrp is expiring on20210806 000000now recharge from home with app click httpbitlygetmva4
62145,Cloudnine administrator has assigned 1 course to you. These courses need to be completed by 18-08-2021. Please click on the link to start your training. https://cloudnine.medlern.com/dashboard,1,suspicious_non_sms_or_noisy_label,shortened_url_web_link,cloudnine administrator has assigned 1 course to you these courses need to be completed by 18082021 please click on the link to start your training httpscloudninemedlerncomdashboard
62154,WIN a year supply of CDs 4 a store of ur choice worth £500 & enter our £100 Weekly draw txt MUSIC to 87066 Ts&Cs www.Ldew.com,1,suspicious_non_sms_or_noisy_label,shortened_url_web_link,win a year supply of cds 4 a store of ur choice worth 500  enter our 100 weekly draw txt music to 87066 tscs wwwldewcom
62156,केवल 2% विद्यार्थियों ने इस CATTT प्रश्न को हल कर लिया है... 5+3+3+2 = &gt;# &gt; 8+6+6+9+9+9+0;###gt; तो 7+2=5? मुझे उत्तर दें यदि यू यू यूबीआर1 मिल गया तो मुझे बताओ.,0,suspicious_non_sms_or_noisy_label,twitter_hashtag,2    cattt       5332  gt gt 8669990gt  725       1
62192,olivier amar The one on Facebook is uncropped but I don t want my flickr to become a destination for guys like you,0,suspicious_non_sms_or_noisy_label,social_media_lingo,olivier amar the one on facebook is uncropped but i don t want my flickr to become a destination for guys like you
62243,InternetNecesario en Guadalajara Jalisco http www flickr com photos claudiouribe Felicitaciones a todos,0,suspicious_non_sms_or_noisy_label,social_media_lingo,internetnecesario en guadalajara jalisco http www flickr com photos claudiouribe felicitaciones a todos
62390,LAST DAY Rs.250 credited as unconditional FREE UNLIMITED Cash Points in your account to shop at UNLIMITED Fashion Store. Hurry!Click bit.ly/3wBGIWk for TnC,1,suspicious_non_sms_or_noisy_label,shortened_url_web_link,last day rs250 credited as unconditional free unlimited cash points in your account to shop at unlimited fashion store hurryclick bitly3wbgiwk for tnc
62420,"YOUR MOBILE NUMBER HAS WON 3.6 CRORE FROM SAMSUNG UK AWARD TO RECEIVE YOUR PRIZE,SEND UR NAME, MOBILE,N0,ADDRES, AGE,SEX, OCCUP TO�samsungzoneuk@outlook.com",1,suspicious_non_sms_or_noisy_label,twitter_handle,your mobile number has won 36 crore from samsung uk award to receive your prizesend ur name mobilen0addres agesex occup tosamsungzoneukoutlookcom
62497,"Get Diwali ready with Shoppers Stop! Enjoy exciting offers, deals & discounts + Get offers on First Citizen Citi credit card & ICICI Bank Cards. Rush to your nearest store now or shop now at shsp.in For details click bit.ly/SS21_FT .T&C",1,suspicious_non_sms_or_noisy_label,shortened_url_web_link,get diwali ready with shoppers stop enjoy exciting offers deals  discounts  get offers on first citizen citi credit card  icici bank cards rush to your nearest store now or shop now at shspin for details click bitlyss21ft tc
62517,Friendly reminder- don't forget to confirm your SAM update from the other day!�http://rghst.rocks/ GBs630y,1,suspicious_non_sms_or_noisy_label,shortened_url_web_link,friendly reminder dont forget to confirm your sam update from the other dayhttprghstrocks gbs630y
62629,Félicitations pour 500 bons CD ou 125 cadeaux garantis & Entrée gratuite 2 100 wkly dessiner txt MUSIC à 87066 TnCs www.Ldew.com1win150ppmx3age16,1,suspicious_non_sms_or_noisy_label,shortened_url_web_link,flicitations pour 500 bons cd ou 125 cadeaux garantis  entre gratuite 2 100 wkly dessiner txt music  87066 tncs wwwldewcom1win150ppmx3age16
62676,surfers at sunset today http www flickr com photos prmaria in photostream,1,suspicious_non_sms_or_noisy_label,social_media_lingo,surfers at sunset today http www flickr com photos prmaria in photostream
62709,"NOIDA Hottest Property On Express Way * Today Homes Ridge Residency at Sec 135 with2,3,4 BHK available in 2370p/sq. fts *For Query call@9250230534",1,suspicious_non_sms_or_noisy_label,twitter_handle,noida hottest property on express way  today homes ridge residency at sec 135 with234 bhk available in 2370psq fts for query call9250230534
62913,Kostenlos 1. Woche Eintrag 2 TEXTPOD 4 eine Chance 2 gewinnen 40 GB iPod oder £250 Bargeld pro wk. Txt VPOD zu 81303 Ts&Cs www.textpod.net custcare 08712405020.,1,suspicious_non_sms_or_noisy_label,shortened_url_web_link,kostenlos 1 woche eintrag 2 textpod 4 eine chance 2 gewinnen 40 gb ipod oder 250 bargeld pro wk txt vpod zu 81303 tscs wwwtextpodnet custcare 08712405020
63001,"Watch Asian Games for free! Your 30 days of FREE Airtel Xstream Play access is NOW ACTIVE! Get 15+ OTTs - Sony Live, LionsgatePlay, Fancode & more! Limited time offer. Click Below! https://open.airtelxstream.in/WatchForFree-sms",1,suspicious_non_sms_or_noisy_label,shortened_url_web_link,watch asian games for free your 30 days of free airtel xstream play access is now active get 15 otts  sony live lionsgateplay fancode  more limited time offer click below httpsopenairtelxstreaminwatchforfreesms
63070,"Rs. 11,350 Welcome Bonus is waiting for you on Junglee Rummy. Unlock it now by making your first deposit. Claim http://Kx6.in/U8oBZo T&CA*-Sports League",1,suspicious_non_sms_or_noisy_label,shortened_url_web_link,rs 11350 welcome bonus is waiting for you on junglee rummy unlock it now by making your first deposit claim httpkx6inu8obzo tcasports league
63080,"Congrats, Get Credit Limit up to Rs 4 lakh on American Express Membership Rewards(R) credit card. T&C Apply. Click- http://1kx.in/3DF3kO Team PB",1,suspicious_non_sms_or_noisy_label,shortened_url_web_link,congrats get credit limit up to rs 4 lakh on american express membership rewardsr credit card tc apply click http1kxin3df3ko team pb
63099,Get clientele HELP Cover today. Debi check and we will cover your premium this December. Yes =call. No=out. AUTHFSP. T&C bit.ly/tc.CL.NO.=OptOut,1,suspicious_non_sms_or_noisy_label,shortened_url_web_link,get clientele help cover today debi check and we will cover your premium this december yes call noout authfsp tc bitlytcclnooptout
63132,And some more pics of this afternoon at oahack Flickr http bit ly ZIm C,0,suspicious_non_sms_or_noisy_label,social_media_lingo,and some more pics of this afternoon at oahack flickr http bit ly zim c
63145,सबसे पहले वह &lt से अधिक प्राप्त किया है;##gt; के बाद से वह में लिया है. दूसरा है कि वह खून की चीनी जाँच किया है. यदि वह है और उसके ठीक है और उसके ब्लड प्रेशर सामान्य सीमा के भीतर है तो कोई चिंता नहीं है.,0,suspicious_non_sms_or_noisy_label,twitter_hashtag,lt     gt
63221,Économisez de l'argent sur la lingerie de mariage à www.bridal.petticoatdreams.co.uk Choisissez parmi une superbe sélection avec livraison nationale.,1,suspicious_non_sms_or_noisy_label,shortened_url_web_link,conomisez de largent sur la lingerie de mariage  wwwbridalpetticoatdreamscouk choisissez parmi une superbe slection avec livraison nationale
63314,मैं उसे एक ब्लैकबर 2 या मशाल खरीदना चाहिए. क्या मैं उसे नया या इस्तेमाल कर सकता हूँ. मुझे पता है. इसके अलावा तुम कह रहे हो कि मैं &gt;#gt; giowiow. और आप के बारे में क्या कह रहे हैं के बारे में क्या कर रहे हैं &gt;#gt; ggt; g?,0,suspicious_non_sms_or_noisy_label,twitter_hashtag,2                         gtgt giowiow                 gtgt ggt g
63508,"Für die Chance, eine £250 wkly Einkaufstour zu gewinnen TXT: SHOP bis 80878. T's&C www.txt-2-shop.com custcare 08715705022, 1x150p/wk",1,suspicious_non_sms_or_noisy_label,shortened_url_web_link,fr die chance eine 250 wkly einkaufstour zu gewinnen txt shop bis 80878 tsc wwwtxt2shopcom custcare 08715705022 1x150pwk
63518,"Our Stock In News Call : Mcleod Russel Earns Intraday Profit of Rs 32, 780. To Subscribe Our Equity Or F&O Advisory Service visit www.StockInNews.com",1,suspicious_non_sms_or_noisy_label,shortened_url_web_link,our stock in news call  mcleod russel earns intraday profit of rs 32 780 to subscribe our equity or fo advisory service visit wwwstockinnewscom
63593,i am nerd a set on Flickr http bit ly b CJ r,1,suspicious_non_sms_or_noisy_label,social_media_lingo,i am nerd a set on flickr http bit ly b cj r
63688,el sol luchando x salir http twitpic com q rs,0,suspicious_non_sms_or_noisy_label,social_media_lingo,el sol luchando x salir http twitpic com q rs
63747,LaLiga is here! Watch LIVE football matches on Vi Movies & TV app! Kickstart your weekend with pure football magic! Click bit.ly/Vimtvp4,1,suspicious_non_sms_or_noisy_label,shortened_url_web_link,laliga is here watch live football matches on vi movies  tv app kickstart your weekend with pure football magic click bitlyvimtvp4
63766,"Congrats, Get Credit Limit up to Rs 4 lakh on American Express Membership Rewards(R) credit card. T&C Apply. Click- http://1kx.in/yAGutU Team PB",1,suspicious_non_sms_or_noisy_label,shortened_url_web_link,congrats get credit limit up to rs 4 lakh on american express membership rewardsr credit card tc apply click http1kxinyagutu team pb
63795,Lyricalladie(21/F) vous invite à être son ami. Réponse OUI-910 ou NO-910. Voir elle: www.SMS.ac/u/hhross STOP? Envoyer STOP FRND à 62468,1,suspicious_non_sms_or_noisy_label,shortened_url_web_link,lyricalladie21f vous invite  tre son ami rponse oui910 ou no910 voir elle wwwsmsacuhhross stop envoyer stop frnd  62468
63801,#NAME?,0,suspicious_non_sms_or_noisy_label,twitter_hashtag,name
63902,My Grand Tetons image in the Weather Section of USAToday yesterday Kinda cool http www flickr com photos tporter fb,1,suspicious_non_sms_or_noisy_label,social_media_lingo,my grand tetons image in the weather section of usatoday yesterday kinda cool http www flickr com photos tporter fb
63991,iPhoneography a set on Flickr highly recommended fantastic photography It s not about the megapixels http post ly RPL,0,suspicious_non_sms_or_noisy_label,social_media_lingo,iphoneography a set on flickr highly recommended fantastic photography it s not about the megapixels http post ly rpl
64166,LMWW कार जल्दी खरीदने के लिए चला गया। लेकिन drwids की एक कमी;# &gt; Lacs के लिए कोई स्रोत नहीं है. &gt;#gt; Lgt; Lgt; Lac. &gt; Lac. &gt; Lac. &gt; Lac. &gt; Lac.,0,suspicious_non_sms_or_noisy_label,twitter_hashtag,lmww         drwids    gt lacs       gtgt lgt lgt lac gt lac gt lac gt lac gt lac
64256,Get Lifetime FREE Card + 10% Instant Discount & 5% Cashback* at The Big Billion Days with Flipkart Axis Bank Credit Card. Apply Now: http://fkrt.it/zcpBNmuuuN,1,suspicious_non_sms_or_noisy_label,shortened_url_web_link,get lifetime free card  10 instant discount  5 cashback at the big billion days with flipkart axis bank credit card apply now httpfkrtitzcpbnmuuun
64311,Hello Your Unlimited pack MRP is expiring on2021-03-19 00:00:00.Now recharge from home with App Click http://bit.ly/GetMVA4,1,suspicious_non_sms_or_noisy_label,shortened_url_web_link,hello your unlimited pack mrp is expiring on20210319 000000now recharge from home with app click httpbitlygetmva4
64643,"Elevate your summer style with @signedblake's picks, ready for any summer plans you've got. Shop her curation now, only on The Drop. https://a.co/d/iOPpuac",1,suspicious_non_sms_or_noisy_label,twitter_handle; shortened_url_web_link,elevate your summer style with signedblakes picks ready for any summer plans youve got shop her curation now only on the drop httpsacodioppuac
64647,Ein Link zu Ihrem Bild wurde gesendet. Sie können auch http://alto18.co.uk/wave/wave.asp?o=44345 verwenden.,1,suspicious_non_sms_or_noisy_label,shortened_url_web_link,ein link zu ihrem bild wurde gesendet sie knnen auch httpalto18coukwavewaveaspo44345 verwenden
64732,Enjoy FREE 500 First Citizen Bonus reward points with Shoppers Stop by filling in your details here shsp.in/F01-9946769699 T&C bit.ly/SS_Dtl,1,suspicious_non_sms_or_noisy_label,shortened_url_web_link,enjoy free 500 first citizen bonus reward points with shoppers stop by filling in your details here shspinf019946769699 tc bitlyssdtl
64980,Freier Eintritt in unsere wöchentliche £250-Wettbewerb nur Text das Wort WIN zu 80086 JETZT. 18 T&C www.txttowin.co.uk,1,suspicious_non_sms_or_noisy_label,shortened_url_web_link,freier eintritt in unsere wchentliche 250wettbewerb nur text das wort win zu 80086 jetzt 18 tc wwwtxttowincouk
65023,डोरियो@kewor.com (ग्निशरी विषय कठिन है) हमारे MJOSSICPOSOCPONV के लिए 300%**************************) कि एक $5.00 प्रति.,1,suspicious_non_sms_or_noisy_label,twitter_handle,keworcom      mjossicposocponv   300   500
65117,Entrée GRATUITE dans notre comp hebdomadaire £250 il suffit d'envoyer le mot ENTER à 84128 MAINTENANT. 18 T&C www.textcomp.com cust care 08712405020.,1,suspicious_non_sms_or_noisy_label,shortened_url_web_link,entre gratuite dans notre comp hebdomadaire 250 il suffit denvoyer le mot enter  84128 maintenant 18 tc wwwtextcompcom cust care 08712405020
65166,"Dear 99467696XX, 5500 Bonus Superstar Finale on Junglee Rummy! Prize Pool: 36,00,000 Entry Fees - Win Now - http://1kx.in/OIjHdp3m43h",1,suspicious_non_sms_or_noisy_label,shortened_url_web_link,dear 99467696xx 5500 bonus superstar finale on junglee rummy prize pool 3600000 entry fees  win now  http1kxinoijhdp3m43h
65191,Happy Birthday wishes to MMJ,1,suspicious_non_sms_or_noisy_label,conversational_mislabeled_as_spam (Birthday wishes),happy birthday wishes to mmj
65193,"Play FREE Rummy & Win Rs.2,00,000 today on Junglee Rummy! Also, Get Rs.5500 Welcome Bonus on first deposit! Download the app now: https://bit.ly/2Zz0a9Z",1,suspicious_non_sms_or_noisy_label,shortened_url_web_link,play free rummy  win rs200000 today on junglee rummy also get rs5500 welcome bonus on first deposit download the app now httpsbitly2zz0a9z
65280,Nuit des morts dans le village de Tzintzuntzan Noche de los muertos en el pueblo de Tzintzuntzan http www flickr com photos mickou,0,suspicious_non_sms_or_noisy_label,social_media_lingo,nuit des morts dans le village de tzintzuntzan noche de los muertos en el pueblo de tzintzuntzan http www flickr com photos mickou
65301,"Hi, Buy 1 Get 1 FREE on blissful bath & body essentials! Grab best-sellers @Nykaa's Freedom Sale, From 9PM-12AM! SHOP IT!: bit.ly/46DvW4i",1,suspicious_non_sms_or_noisy_label,twitter_handle; shortened_url_web_link,hi buy 1 get 1 free on blissful bath  body essentials grab bestsellers nykaas freedom sale from 9pm12am shop it bitly46dvw4i
65491,"Hello! Thoda criminal thoda lawyer, ye hain super vakil Lakhan Leela Bhargava! Dekhiye ye courtroom drama JioCinema par bilkul free http://1kx.in/UpzymNL2kE3",1,suspicious_non_sms_or_noisy_label,shortened_url_web_link,hello thoda criminal thoda lawyer ye hain super vakil lakhan leela bhargava dekhiye ye courtroom drama jiocinema par bilkul free http1kxinupzymnl2ke3
65738,Knock Knock Txt whose there to 80082 to enter r weekly draw 4 a å£250 gift voucher 4 a store of yr choice. T&Cs www.tkls.com age16 to stoptxtstopå£1.50/week,1,suspicious_non_sms_or_noisy_label,shortened_url_web_link,knock knock txt whose there to 80082 to enter r weekly draw 4 a 250 gift voucher 4 a store of yr choice tcs wwwtklscom age16 to stoptxtstop150week
